0 verbose cli /opt/homebrew/Cellar/node@22/22.15.0/bin/node /opt/homebrew/opt/node@22/bin/npm
1 info using npm@10.9.2
2 info using node@v22.15.0
3 silly config load:file:/opt/homebrew/Cellar/node@22/22.15.0/lib/node_modules/npm/npmrc
4 silly config load:file:/Users/dam113/Desktop/myAngularApp/.npmrc
5 silly config load:file:/Users/dam113/.npmrc
6 silly config load:file:/opt/homebrew/etc/npmrc
7 verbose title npm install
8 verbose argv "install" "--ignore-scripts"
9 verbose logfile logs-max:10 dir:/Users/dam113/.npm/_logs/2026-05-14T12_44_00_192Z-
10 verbose logfile /Users/dam113/.npm/_logs/2026-05-14T12_44_00_192Z-debug-0.log
11 silly logfile start cleaning logs, removing 1 files
12 silly packumentCache heap:2197815296 maxSize:549453824 maxEntrySize:274726912
13 silly logfile done cleaning log files
14 silly idealTree buildDeps
15 silly fetch manifest @angular/common@^21.2.0
16 silly packumentCache full:https://registry.npmjs.org/@angular%2fcommon cache-miss
17 http fetch GET 200 https://registry.npmjs.org/@angular%2fcommon 868ms (cache miss)
18 silly packumentCache full:https://registry.npmjs.org/@angular%2fcommon set size:undefined disposed:false
19 silly fetch manifest @angular/core@^21.2.0
20 silly packumentCache full:https://registry.npmjs.org/@angular%2fcore cache-miss
21 http fetch GET 200 https://registry.npmjs.org/@angular%2fcore 827ms (cache miss)
22 silly packumentCache full:https://registry.npmjs.org/@angular%2fcore set size:undefined disposed:false
23 silly fetch manifest @angular/compiler@^21.2.0
24 silly packumentCache full:https://registry.npmjs.org/@angular%2fcompiler cache-miss
25 http fetch GET 200 https://registry.npmjs.org/@angular%2fcompiler 637ms (cache miss)
26 silly packumentCache full:https://registry.npmjs.org/@angular%2fcompiler set size:undefined disposed:false
27 silly fetch manifest rxjs@~7.8.0
28 silly packumentCache full:https://registry.npmjs.org/rxjs cache-miss
29 http fetch GET 200 https://registry.npmjs.org/rxjs 46ms (cache revalidated)
30 silly packumentCache full:https://registry.npmjs.org/rxjs set size:980097 disposed:false
31 silly fetch manifest zone.js@~0.15.0 || ~0.16.0
32 silly packumentCache full:https://registry.npmjs.org/zone.js cache-miss
33 http fetch GET 200 https://registry.npmjs.org/zone.js 43ms (cache miss)
34 silly packumentCache full:https://registry.npmjs.org/zone.js set size:undefined disposed:false
35 silly fetch manifest @angular/forms@^21.2.0
36 silly packumentCache full:https://registry.npmjs.org/@angular%2fforms cache-miss
37 http fetch GET 200 https://registry.npmjs.org/@angular%2fforms 528ms (cache miss)
38 silly packumentCache full:https://registry.npmjs.org/@angular%2fforms set size:undefined disposed:false
39 silly fetch manifest @angular/platform-browser@^21.2.0
40 silly packumentCache full:https://registry.npmjs.org/@angular%2fplatform-browser cache-miss
41 http fetch GET 200 https://registry.npmjs.org/@angular%2fplatform-browser 580ms (cache miss)
42 silly packumentCache full:https://registry.npmjs.org/@angular%2fplatform-browser set size:undefined disposed:false
43 silly fetch manifest @angular/animations@21.2.13
44 silly packumentCache full:https://registry.npmjs.org/@angular%2fanimations cache-miss
45 http fetch GET 200 https://registry.npmjs.org/@angular%2fanimations 825ms (cache miss)
46 silly packumentCache full:https://registry.npmjs.org/@angular%2fanimations set size:undefined disposed:false
47 silly fetch manifest @angular/router@^21.2.0
48 silly packumentCache full:https://registry.npmjs.org/@angular%2frouter cache-miss
49 http fetch GET 200 https://registry.npmjs.org/@angular%2frouter 1041ms (cache miss)
50 silly packumentCache full:https://registry.npmjs.org/@angular%2frouter set size:undefined disposed:false
51 silly fetch manifest tslib@^2.3.0
52 silly packumentCache full:https://registry.npmjs.org/tslib cache-miss
53 http fetch GET 200 https://registry.npmjs.org/tslib 23ms (cache revalidated)
54 silly packumentCache full:https://registry.npmjs.org/tslib set size:108760 disposed:false
55 silly fetch manifest @angular/build@^21.2.11
56 silly packumentCache full:https://registry.npmjs.org/@angular%2fbuild cache-miss
57 http fetch GET 200 https://registry.npmjs.org/@angular%2fbuild 54ms (cache miss)
58 silly packumentCache full:https://registry.npmjs.org/@angular%2fbuild set size:undefined disposed:false
59 silly fetch manifest @angular/compiler-cli@^21.2.0
60 silly packumentCache full:https://registry.npmjs.org/@angular%2fcompiler-cli cache-miss
61 http fetch GET 200 https://registry.npmjs.org/@angular%2fcompiler-cli 846ms (cache miss)
62 silly packumentCache full:https://registry.npmjs.org/@angular%2fcompiler-cli set size:undefined disposed:false
63 silly fetch manifest typescript@~5.9.2
64 silly packumentCache full:https://registry.npmjs.org/typescript cache-miss
65 http fetch GET 200 https://registry.npmjs.org/typescript 2165ms (cache updated)
66 silly packumentCache full:https://registry.npmjs.org/typescript set size:undefined disposed:false
67 silly fetch manifest @angular/localize@^21.0.0
68 silly packumentCache full:https://registry.npmjs.org/@angular%2flocalize cache-miss
69 http fetch GET 200 https://registry.npmjs.org/@angular%2flocalize 441ms (cache miss)
70 silly packumentCache full:https://registry.npmjs.org/@angular%2flocalize set size:undefined disposed:false
71 silly fetch manifest @angular/platform-server@^21.0.0
72 silly packumentCache full:https://registry.npmjs.org/@angular%2fplatform-server cache-miss
73 http fetch GET 200 https://registry.npmjs.org/@angular%2fplatform-server 1032ms (cache miss)
74 silly packumentCache full:https://registry.npmjs.org/@angular%2fplatform-server set size:undefined disposed:false
75 silly fetch manifest @angular/service-worker@^21.0.0
76 silly packumentCache full:https://registry.npmjs.org/@angular%2fservice-worker cache-miss
77 http fetch GET 200 https://registry.npmjs.org/@angular%2fservice-worker 502ms (cache miss)
78 silly packumentCache full:https://registry.npmjs.org/@angular%2fservice-worker set size:undefined disposed:false
79 silly fetch manifest @angular/ssr@^21.2.11
80 silly packumentCache full:https://registry.npmjs.org/@angular%2fssr cache-miss
81 http fetch GET 200 https://registry.npmjs.org/@angular%2fssr 61ms (cache miss)
82 silly packumentCache full:https://registry.npmjs.org/@angular%2fssr set size:undefined disposed:false
83 silly fetch manifest karma@^6.4.0
84 silly packumentCache full:https://registry.npmjs.org/karma cache-miss
85 http fetch GET 200 https://registry.npmjs.org/karma 160ms (cache miss)
86 silly packumentCache full:https://registry.npmjs.org/karma set size:undefined disposed:false
87 silly fetch manifest less@^4.2.0
88 silly packumentCache full:https://registry.npmjs.org/less cache-miss
89 http fetch GET 200 https://registry.npmjs.org/less 42ms (cache updated)
90 silly packumentCache full:https://registry.npmjs.org/less set size:undefined disposed:false
91 silly fetch manifest ng-packagr@^21.0.0
92 silly packumentCache full:https://registry.npmjs.org/ng-packagr cache-miss
93 http fetch GET 200 https://registry.npmjs.org/ng-packagr 221ms (cache miss)
94 silly packumentCache full:https://registry.npmjs.org/ng-packagr set size:undefined disposed:false
95 silly fetch manifest tailwindcss@^2.0.0 || ^3.0.0 || ^4.0.0
96 silly packumentCache full:https://registry.npmjs.org/tailwindcss cache-miss
97 http fetch GET 200 https://registry.npmjs.org/tailwindcss 1529ms (cache updated)
98 silly packumentCache full:https://registry.npmjs.org/tailwindcss set size:undefined disposed:false
99 silly fetch manifest postcss@^8.4.0
100 silly packumentCache full:https://registry.npmjs.org/postcss cache-miss
101 http fetch GET 200 https://registry.npmjs.org/postcss 121ms (cache updated)
102 silly packumentCache full:https://registry.npmjs.org/postcss set size:undefined disposed:false
103 silly fetch manifest vitest@^4.0.8
104 silly packumentCache full:https://registry.npmjs.org/vitest cache-miss
105 http fetch GET 200 https://registry.npmjs.org/vitest 346ms (cache miss)
106 silly packumentCache full:https://registry.npmjs.org/vitest set size:undefined disposed:false
107 silly fetch manifest @edge-runtime/vm@*
108 silly packumentCache full:https://registry.npmjs.org/@edge-runtime%2fvm cache-miss
109 http fetch GET 200 https://registry.npmjs.org/@edge-runtime%2fvm 243ms (cache miss)
110 silly packumentCache full:https://registry.npmjs.org/@edge-runtime%2fvm set size:undefined disposed:false
111 silly fetch manifest @opentelemetry/api@^1.9.0
112 silly packumentCache full:https://registry.npmjs.org/@opentelemetry%2fapi cache-miss
113 http fetch GET 200 https://registry.npmjs.org/@opentelemetry%2fapi 53ms (cache miss)
114 silly packumentCache full:https://registry.npmjs.org/@opentelemetry%2fapi set size:undefined disposed:false
115 silly fetch manifest @types/node@^20.0.0 || ^22.0.0 || >=24.0.0
116 silly packumentCache full:https://registry.npmjs.org/@types%2fnode cache-miss
117 http fetch GET 200 https://registry.npmjs.org/@types%2fnode 65ms (cache revalidated)
118 silly packumentCache full:https://registry.npmjs.org/@types%2fnode set size:11004479 disposed:false
119 silly fetch manifest @vitest/browser-playwright@4.1.6
120 silly packumentCache full:https://registry.npmjs.org/@vitest%2fbrowser-playwright cache-miss
121 http fetch GET 200 https://registry.npmjs.org/@vitest%2fbrowser-playwright 457ms (cache miss)
122 silly packumentCache full:https://registry.npmjs.org/@vitest%2fbrowser-playwright set size:undefined disposed:false
123 silly fetch manifest playwright@*
124 silly packumentCache full:https://registry.npmjs.org/playwright cache-miss
125 http fetch GET 200 https://registry.npmjs.org/playwright 3602ms (cache miss)
126 silly packumentCache full:https://registry.npmjs.org/playwright set size:undefined disposed:false
127 silly fetch manifest @vitest/browser-preview@4.1.6
128 silly packumentCache full:https://registry.npmjs.org/@vitest%2fbrowser-preview cache-miss
129 http fetch GET 200 https://registry.npmjs.org/@vitest%2fbrowser-preview 706ms (cache miss)
130 silly packumentCache full:https://registry.npmjs.org/@vitest%2fbrowser-preview set size:undefined disposed:false
131 silly fetch manifest @vitest/browser-webdriverio@4.1.6
132 silly packumentCache full:https://registry.npmjs.org/@vitest%2fbrowser-webdriverio cache-miss
133 http fetch GET 200 https://registry.npmjs.org/@vitest%2fbrowser-webdriverio 42ms (cache miss)
134 silly packumentCache full:https://registry.npmjs.org/@vitest%2fbrowser-webdriverio set size:undefined disposed:false
135 silly fetch manifest webdriverio@*
136 silly packumentCache full:https://registry.npmjs.org/webdriverio cache-miss
137 http fetch GET 200 https://registry.npmjs.org/webdriverio 477ms (cache miss)
138 silly packumentCache full:https://registry.npmjs.org/webdriverio set size:undefined disposed:false
139 silly fetch manifest puppeteer-core@>=22.x || <=24.x
140 silly packumentCache full:https://registry.npmjs.org/puppeteer-core cache-miss
141 http fetch GET 200 https://registry.npmjs.org/puppeteer-core 173ms (cache miss)
142 silly packumentCache full:https://registry.npmjs.org/puppeteer-core set size:undefined disposed:false
143 silly fetch manifest @vitest/coverage-istanbul@4.1.6
144 silly packumentCache full:https://registry.npmjs.org/@vitest%2fcoverage-istanbul cache-miss
145 http fetch GET 200 https://registry.npmjs.org/@vitest%2fcoverage-istanbul 240ms (cache miss)
146 silly packumentCache full:https://registry.npmjs.org/@vitest%2fcoverage-istanbul set size:undefined disposed:false
147 silly fetch manifest @vitest/coverage-v8@4.1.6
148 silly packumentCache full:https://registry.npmjs.org/@vitest%2fcoverage-v8 cache-miss
149 http fetch GET 200 https://registry.npmjs.org/@vitest%2fcoverage-v8 58ms (cache miss)
150 silly packumentCache full:https://registry.npmjs.org/@vitest%2fcoverage-v8 set size:undefined disposed:false
151 silly fetch manifest @vitest/browser@4.1.6
152 silly packumentCache full:https://registry.npmjs.org/@vitest%2fbrowser cache-miss
153 http fetch GET 200 https://registry.npmjs.org/@vitest%2fbrowser 72ms (cache miss)
154 silly packumentCache full:https://registry.npmjs.org/@vitest%2fbrowser set size:undefined disposed:false
155 silly fetch manifest @vitest/ui@4.1.6
156 silly packumentCache full:https://registry.npmjs.org/@vitest%2fui cache-miss
157 http fetch GET 200 https://registry.npmjs.org/@vitest%2fui 455ms (cache miss)
158 silly packumentCache full:https://registry.npmjs.org/@vitest%2fui set size:undefined disposed:false
159 silly fetch manifest happy-dom@*
160 silly packumentCache full:https://registry.npmjs.org/happy-dom cache-miss
161 http fetch GET 200 https://registry.npmjs.org/happy-dom 419ms (cache miss)
162 silly packumentCache full:https://registry.npmjs.org/happy-dom set size:undefined disposed:false
163 silly fetch manifest jsdom@^28.0.0
164 silly packumentCache full:https://registry.npmjs.org/jsdom cache-miss
165 http fetch GET 200 https://registry.npmjs.org/jsdom 125ms (cache updated)
166 silly packumentCache full:https://registry.npmjs.org/jsdom set size:undefined disposed:false
167 silly fetch manifest canvas@^3.0.0
168 silly packumentCache full:https://registry.npmjs.org/canvas cache-miss
169 http fetch GET 200 https://registry.npmjs.org/canvas 52ms (cache updated)
170 silly packumentCache full:https://registry.npmjs.org/canvas set size:undefined disposed:false
171 silly fetch manifest @angular/cli@^21.2.11
172 silly packumentCache full:https://registry.npmjs.org/@angular%2fcli cache-miss
173 http fetch GET 200 https://registry.npmjs.org/@angular%2fcli 347ms (cache revalidated)
174 silly packumentCache full:https://registry.npmjs.org/@angular%2fcli set size:3132048 disposed:false
175 silly fetch manifest prettier@^3.8.1
176 silly packumentCache full:https://registry.npmjs.org/prettier cache-miss
177 http fetch GET 200 https://registry.npmjs.org/prettier 42ms (cache miss)
178 silly packumentCache full:https://registry.npmjs.org/prettier set size:undefined disposed:false
179 silly placeDep ROOT @angular/build@21.2.11 OK for: my-angular-app@0.0.0 want: ^21.2.11
180 silly placeDep ROOT tslib@2.8.1 OK for: @angular/build@21.2.11 want: ^2.3.0
181 silly placeDep ROOT typescript@5.9.3 OK for: @angular/build@21.2.11 want: >=5.9 <6.0
182 silly placeDep ROOT @angular/compiler@21.2.13 OK for: @angular/build@21.2.11 want: ^21.0.0
183 silly placeDep ROOT @angular/compiler-cli@21.2.13 OK for: @angular/build@21.2.11 want: ^21.0.0
184 silly placeDep ROOT @angular/cli@21.2.11 OK for: my-angular-app@0.0.0 want: ^21.2.11
185 silly placeDep ROOT @angular/common@21.2.13 OK for: my-angular-app@0.0.0 want: ^21.2.0
186 silly placeDep ROOT rxjs@7.8.2 OK for: @angular/common@21.2.13 want: ^6.5.3 || ^7.4.0
187 silly placeDep ROOT @angular/core@21.2.13 OK for: @angular/common@21.2.13 want: 21.2.13
188 silly placeDep ROOT @angular/forms@21.2.13 OK for: my-angular-app@0.0.0 want: ^21.2.0
189 silly placeDep ROOT @angular/platform-browser@21.2.13 OK for: @angular/forms@21.2.13 want: 21.2.13
190 silly placeDep ROOT @angular/router@21.2.13 OK for: my-angular-app@0.0.0 want: ^21.2.0
191 silly placeDep ROOT jsdom@28.1.0 OK for: my-angular-app@0.0.0 want: ^28.0.0
192 silly placeDep ROOT prettier@3.8.3 OK for: my-angular-app@0.0.0 want: ^3.8.1
193 silly placeDep ROOT vitest@4.1.6 OK for: my-angular-app@0.0.0 want: ^4.0.8
194 silly fetch manifest sass@1.97.3
195 silly packumentCache full:https://registry.npmjs.org/sass cache-miss
196 silly fetch manifest vite@7.3.2
197 silly packumentCache full:https://registry.npmjs.org/vite cache-miss
198 silly fetch manifest listr2@9.0.5
199 silly packumentCache full:https://registry.npmjs.org/listr2 cache-miss
200 silly fetch manifest mrmime@2.0.1
201 silly packumentCache full:https://registry.npmjs.org/mrmime cache-miss
202 silly fetch manifest semver@7.7.4
203 silly packumentCache full:https://registry.npmjs.org/semver cache-miss
204 silly fetch manifest undici@7.24.4
205 silly packumentCache full:https://registry.npmjs.org/undici cache-miss
206 silly fetch manifest esbuild@0.27.3
207 silly packumentCache full:https://registry.npmjs.org/esbuild cache-miss
208 http fetch GET 200 https://registry.npmjs.org/mrmime 31ms (cache miss)
209 silly packumentCache full:https://registry.npmjs.org/mrmime set size:undefined disposed:false
210 silly fetch manifest piscina@5.1.4
211 silly packumentCache full:https://registry.npmjs.org/piscina cache-miss
212 http fetch GET 200 https://registry.npmjs.org/listr2 49ms (cache revalidated)
213 silly packumentCache full:https://registry.npmjs.org/listr2 set size:1056609 disposed:false
214 silly fetch manifest beasties@0.4.1
215 silly packumentCache full:https://registry.npmjs.org/beasties cache-miss
216 http fetch GET 200 https://registry.npmjs.org/semver 56ms (cache revalidated)
217 silly packumentCache full:https://registry.npmjs.org/semver set size:233058 disposed:false
218 silly fetch manifest rolldown@1.0.0-rc.4
219 silly packumentCache full:https://registry.npmjs.org/rolldown cache-miss
220 http fetch GET 200 https://registry.npmjs.org/undici 59ms (cache revalidated)
221 silly packumentCache full:https://registry.npmjs.org/undici set size:1406126 disposed:false
222 silly fetch manifest picomatch@4.0.4
223 silly packumentCache full:https://registry.npmjs.org/picomatch cache-miss
224 http fetch GET 200 https://registry.npmjs.org/piscina 36ms (cache miss)
225 silly packumentCache full:https://registry.npmjs.org/piscina set size:undefined disposed:false
226 silly fetch manifest watchpack@2.5.1
227 silly packumentCache full:https://registry.npmjs.org/watchpack cache-miss
228 http fetch GET 200 https://registry.npmjs.org/picomatch 31ms (cache revalidated)
229 silly packumentCache full:https://registry.npmjs.org/picomatch set size:126376 disposed:false
230 silly fetch manifest tinyglobby@0.2.15
231 silly packumentCache full:https://registry.npmjs.org/tinyglobby cache-miss
232 http fetch GET 200 https://registry.npmjs.org/beasties 50ms (cache miss)
233 silly packumentCache full:https://registry.npmjs.org/beasties set size:undefined disposed:false
234 silly fetch manifest @babel/core@7.29.0
235 silly packumentCache full:https://registry.npmjs.org/@babel%2fcore cache-miss
236 http fetch GET 200 https://registry.npmjs.org/tinyglobby 21ms (cache revalidated)
237 silly packumentCache full:https://registry.npmjs.org/tinyglobby set size:52660 disposed:false
238 silly fetch manifest browserslist@^4.26.0
239 silly packumentCache full:https://registry.npmjs.org/browserslist cache-miss
240 http fetch GET 200 https://registry.npmjs.org/browserslist 799ms (cache updated)
241 silly packumentCache full:https://registry.npmjs.org/browserslist set size:undefined disposed:false
242 silly fetch manifest jsonc-parser@3.3.1
243 silly packumentCache full:https://registry.npmjs.org/jsonc-parser cache-miss
244 http fetch GET 200 https://registry.npmjs.org/sass 925ms (cache updated)
245 silly packumentCache full:https://registry.npmjs.org/sass set size:undefined disposed:false
246 silly fetch manifest magic-string@0.30.21
247 silly packumentCache full:https://registry.npmjs.org/magic-string cache-miss
248 http fetch GET 200 https://registry.npmjs.org/magic-string 26ms (cache revalidated)
249 silly packumentCache full:https://registry.npmjs.org/magic-string set size:331817 disposed:false
250 silly fetch manifest @inquirer/confirm@5.1.21
251 silly packumentCache full:https://registry.npmjs.org/@inquirer%2fconfirm cache-miss
252 http fetch GET 200 https://registry.npmjs.org/jsonc-parser 39ms (cache revalidated)
253 silly packumentCache full:https://registry.npmjs.org/jsonc-parser set size:99919 disposed:false
254 silly fetch manifest https-proxy-agent@7.0.6
255 silly packumentCache full:https://registry.npmjs.org/https-proxy-agent cache-miss
256 http fetch GET 200 https://registry.npmjs.org/https-proxy-agent 25ms (cache revalidated)
257 silly packumentCache full:https://registry.npmjs.org/https-proxy-agent set size:81258 disposed:false
258 silly fetch manifest source-map-support@0.5.21
259 silly packumentCache full:https://registry.npmjs.org/source-map-support cache-miss
260 http fetch GET 200 https://registry.npmjs.org/@inquirer%2fconfirm 53ms (cache revalidated)
261 silly packumentCache full:https://registry.npmjs.org/@inquirer%2fconfirm set size:315999 disposed:false
262 silly fetch manifest @ampproject/remapping@2.3.0
263 silly packumentCache full:https://registry.npmjs.org/@ampproject%2fremapping cache-miss
264 http fetch GET 200 https://registry.npmjs.org/source-map-support 27ms (cache revalidated)
265 silly packumentCache full:https://registry.npmjs.org/source-map-support set size:125488 disposed:false
266 silly fetch manifest istanbul-lib-instrument@6.0.3
267 silly packumentCache full:https://registry.npmjs.org/istanbul-lib-instrument cache-miss
268 http fetch GET 200 https://registry.npmjs.org/istanbul-lib-instrument 22ms (cache revalidated)
269 silly packumentCache full:https://registry.npmjs.org/istanbul-lib-instrument set size:219175 disposed:false
270 silly fetch manifest @vitejs/plugin-basic-ssl@2.1.4
271 silly packumentCache full:https://registry.npmjs.org/@vitejs%2fplugin-basic-ssl cache-miss
272 http fetch GET 200 https://registry.npmjs.org/watchpack 973ms (cache updated)
273 silly packumentCache full:https://registry.npmjs.org/watchpack set size:undefined disposed:false
274 silly fetch manifest @angular-devkit/architect@0.2102.11
275 silly packumentCache full:https://registry.npmjs.org/@angular-devkit%2farchitect cache-miss
276 http fetch GET 200 https://registry.npmjs.org/@babel%2fcore 945ms (cache updated)
277 silly packumentCache full:https://registry.npmjs.org/@babel%2fcore set size:undefined disposed:false
278 silly fetch manifest parse5-html-rewriting-stream@8.0.0
279 silly packumentCache full:https://registry.npmjs.org/parse5-html-rewriting-stream cache-miss
280 http fetch GET 200 https://registry.npmjs.org/parse5-html-rewriting-stream 21ms (cache revalidated)
281 silly packumentCache full:https://registry.npmjs.org/parse5-html-rewriting-stream set size:23913 disposed:false
282 silly fetch manifest @babel/helper-annotate-as-pure@7.27.3
283 silly packumentCache full:https://registry.npmjs.org/@babel%2fhelper-annotate-as-pure cache-miss
284 http fetch GET 200 https://registry.npmjs.org/@angular-devkit%2farchitect 41ms (cache revalidated)
285 silly packumentCache full:https://registry.npmjs.org/@angular-devkit%2farchitect set size:2150835 disposed:false
286 silly fetch manifest @babel/helper-split-export-declaration@7.24.7
287 silly packumentCache full:https://registry.npmjs.org/@babel%2fhelper-split-export-declaration cache-miss
288 http fetch GET 200 https://registry.npmjs.org/@babel%2fhelper-split-export-declaration 197ms (cache miss)
289 silly packumentCache full:https://registry.npmjs.org/@babel%2fhelper-split-export-declaration set size:undefined disposed:false
290 silly fetch manifest lmdb@3.5.1
291 silly packumentCache full:https://registry.npmjs.org/lmdb cache-miss
292 http fetch GET 200 https://registry.npmjs.org/@babel%2fhelper-annotate-as-pure 358ms (cache updated)
293 silly packumentCache full:https://registry.npmjs.org/@babel%2fhelper-annotate-as-pure set size:undefined disposed:false
294 silly fetch manifest yargs@^18.0.0
295 silly packumentCache full:https://registry.npmjs.org/yargs cache-miss
296 http fetch GET 200 https://registry.npmjs.org/@vitejs%2fplugin-basic-ssl 400ms (cache miss)
297 silly packumentCache full:https://registry.npmjs.org/@vitejs%2fplugin-basic-ssl set size:undefined disposed:false
298 silly fetch manifest semver@^7.0.0
299 silly packumentCache full:https://registry.npmjs.org/semver cache-hit
300 silly fetch manifest chokidar@^5.0.0
301 silly packumentCache full:https://registry.npmjs.org/chokidar cache-miss
302 http fetch GET 200 https://registry.npmjs.org/@ampproject%2fremapping 429ms (cache miss)
303 silly packumentCache full:https://registry.npmjs.org/@ampproject%2fremapping set size:undefined disposed:false
304 silly fetch manifest reflect-metadata@^0.2.0
305 silly packumentCache full:https://registry.npmjs.org/reflect-metadata cache-miss
306 http fetch GET 200 https://registry.npmjs.org/chokidar 27ms (cache revalidated)
307 silly packumentCache full:https://registry.npmjs.org/chokidar set size:255902 disposed:false
308 silly fetch manifest convert-source-map@^1.5.1
309 silly packumentCache full:https://registry.npmjs.org/convert-source-map cache-miss
310 http fetch GET 200 https://registry.npmjs.org/convert-source-map 24ms (cache revalidated)
311 silly packumentCache full:https://registry.npmjs.org/convert-source-map set size:66997 disposed:false
312 silly fetch manifest @jridgewell/sourcemap-codec@^1.4.14
313 silly packumentCache full:https://registry.npmjs.org/@jridgewell%2fsourcemap-codec cache-miss
314 http fetch GET 200 https://registry.npmjs.org/reflect-metadata 77ms (cache miss)
315 silly packumentCache full:https://registry.npmjs.org/reflect-metadata set size:undefined disposed:false
316 silly fetch manifest ini@6.0.0
317 silly packumentCache full:https://registry.npmjs.org/ini cache-miss
318 http fetch GET 200 https://registry.npmjs.org/@jridgewell%2fsourcemap-codec 38ms (cache revalidated)
319 silly packumentCache full:https://registry.npmjs.org/@jridgewell%2fsourcemap-codec set size:59275 disposed:false
320 silly fetch manifest zod@4.3.6
321 silly packumentCache full:https://registry.npmjs.org/zod cache-miss
322 http fetch GET 200 https://registry.npmjs.org/ini 23ms (cache revalidated)
323 silly packumentCache full:https://registry.npmjs.org/ini set size:59180 disposed:false
324 silly fetch manifest yargs@18.0.0
325 silly packumentCache full:https://registry.npmjs.org/yargs cache-miss
326 http fetch GET 200 https://registry.npmjs.org/zod 32ms (cache revalidated)
327 silly packumentCache full:https://registry.npmjs.org/zod set size:3552562 disposed:false
328 silly fetch manifest pacote@21.3.1
329 silly packumentCache full:https://registry.npmjs.org/pacote cache-miss
330 http fetch GET 200 https://registry.npmjs.org/pacote 22ms (cache revalidated)
331 silly packumentCache full:https://registry.npmjs.org/pacote set size:760545 disposed:false
332 silly fetch manifest algoliasearch@5.48.1
333 silly packumentCache full:https://registry.npmjs.org/algoliasearch cache-miss
334 http fetch GET 200 https://registry.npmjs.org/algoliasearch 29ms (cache revalidated)
335 silly packumentCache full:https://registry.npmjs.org/algoliasearch set size:1787613 disposed:false
336 silly fetch manifest npm-package-arg@13.0.2
337 silly packumentCache full:https://registry.npmjs.org/npm-package-arg cache-miss
338 http fetch GET 200 https://registry.npmjs.org/npm-package-arg 22ms (cache revalidated)
339 silly packumentCache full:https://registry.npmjs.org/npm-package-arg set size:131348 disposed:false
340 silly fetch manifest @inquirer/prompts@7.10.1
341 silly packumentCache full:https://registry.npmjs.org/@inquirer%2fprompts cache-miss
342 http fetch GET 200 https://registry.npmjs.org/rolldown 1706ms (cache miss)
343 silly packumentCache full:https://registry.npmjs.org/rolldown set size:undefined disposed:false
344 silly fetch manifest @yarnpkg/lockfile@1.1.0
345 silly packumentCache full:https://registry.npmjs.org/@yarnpkg%2flockfile cache-miss
346 http fetch GET 200 https://registry.npmjs.org/yargs 356ms (cache revalidated)
347 silly packumentCache full:https://registry.npmjs.org/yargs set size:743056 disposed:false
348 silly fetch manifest @schematics/angular@21.2.11
349 silly packumentCache full:https://registry.npmjs.org/@schematics%2fangular cache-miss
350 http fetch GET 200 https://registry.npmjs.org/yargs 253ms (cache revalidated)
351 silly packumentCache full:https://registry.npmjs.org/yargs set size:743056 disposed:false
352 silly packumentCache full:https://registry.npmjs.org/yargs dispose
353 silly fetch manifest @angular-devkit/core@21.2.11
354 silly packumentCache full:https://registry.npmjs.org/@angular-devkit%2fcore cache-miss
355 http fetch GET 200 https://registry.npmjs.org/@yarnpkg%2flockfile 49ms (cache revalidated)
356 silly packumentCache full:https://registry.npmjs.org/@yarnpkg%2flockfile set size:8937 disposed:false
357 silly fetch manifest @modelcontextprotocol/sdk@1.26.0
358 silly packumentCache full:https://registry.npmjs.org/@modelcontextprotocol%2fsdk cache-miss
359 http fetch GET 200 https://registry.npmjs.org/@schematics%2fangular 41ms (cache revalidated)
360 silly packumentCache full:https://registry.npmjs.org/@schematics%2fangular set size:2360292 disposed:false
361 silly fetch manifest @angular-devkit/schematics@21.2.11
362 silly packumentCache full:https://registry.npmjs.org/@angular-devkit%2fschematics cache-miss
363 http fetch GET 200 https://registry.npmjs.org/@modelcontextprotocol%2fsdk 115ms (cache revalidated)
364 silly packumentCache full:https://registry.npmjs.org/@modelcontextprotocol%2fsdk set size:295652 disposed:false
365 silly fetch manifest @listr2/prompt-adapter-inquirer@3.0.5
366 silly packumentCache full:https://registry.npmjs.org/@listr2%2fprompt-adapter-inquirer cache-miss
367 http fetch GET 200 https://registry.npmjs.org/lmdb 668ms (cache miss)
368 silly packumentCache full:https://registry.npmjs.org/lmdb set size:undefined disposed:false
369 silly fetch manifest @standard-schema/spec@^1.0.0
370 silly packumentCache full:https://registry.npmjs.org/@standard-schema%2fspec cache-miss
371 http fetch GET 200 https://registry.npmjs.org/esbuild 1978ms (cache updated)
372 silly packumentCache full:https://registry.npmjs.org/esbuild set size:undefined disposed:false
373 silly fetch manifest saxes@^6.0.0
374 silly packumentCache full:https://registry.npmjs.org/saxes cache-miss
375 http fetch GET 200 https://registry.npmjs.org/@listr2%2fprompt-adapter-inquirer 33ms (cache revalidated)
376 silly packumentCache full:https://registry.npmjs.org/@listr2%2fprompt-adapter-inquirer set size:128897 disposed:false
377 silly fetch manifest parse5@^8.0.0
378 silly packumentCache full:https://registry.npmjs.org/parse5 cache-miss
379 http fetch GET 200 https://registry.npmjs.org/@standard-schema%2fspec 33ms (cache revalidated)
380 silly packumentCache full:https://registry.npmjs.org/@standard-schema%2fspec set size:27284 disposed:false
381 silly fetch manifest undici@^7.21.0
382 silly packumentCache full:https://registry.npmjs.org/undici cache-miss
383 http cache https://registry.npmjs.org/undici 3ms (cache hit)
384 silly packumentCache full:https://registry.npmjs.org/undici set size:1406126 disposed:false
385 silly fetch manifest cssstyle@^6.0.1
386 silly packumentCache full:https://registry.npmjs.org/cssstyle cache-miss
387 http fetch GET 200 https://registry.npmjs.org/@inquirer%2fprompts 334ms (cache revalidated)
388 silly packumentCache full:https://registry.npmjs.org/@inquirer%2fprompts set size:323131 disposed:false
389 silly fetch manifest data-urls@^7.0.0
390 silly packumentCache full:https://registry.npmjs.org/data-urls cache-miss
391 http fetch GET 200 https://registry.npmjs.org/parse5 25ms (cache revalidated)
392 silly packumentCache full:https://registry.npmjs.org/parse5 set size:123116 disposed:false
393 silly fetch manifest decimal.js@^10.6.0
394 silly packumentCache full:https://registry.npmjs.org/decimal.js cache-miss
395 http fetch GET 200 https://registry.npmjs.org/saxes 32ms (cache revalidated)
396 silly packumentCache full:https://registry.npmjs.org/saxes set size:228593 disposed:false
397 silly fetch manifest whatwg-url@^16.0.0
398 silly packumentCache full:https://registry.npmjs.org/whatwg-url cache-miss
399 http fetch GET 200 https://registry.npmjs.org/cssstyle 35ms (cache updated)
400 silly packumentCache full:https://registry.npmjs.org/cssstyle set size:undefined disposed:false
401 silly fetch manifest symbol-tree@^3.2.4
402 silly packumentCache full:https://registry.npmjs.org/symbol-tree cache-miss
403 http fetch GET 200 https://registry.npmjs.org/symbol-tree 24ms (cache revalidated)
404 silly packumentCache full:https://registry.npmjs.org/symbol-tree set size:60614 disposed:false
405 silly fetch manifest tough-cookie@^6.0.0
406 silly packumentCache full:https://registry.npmjs.org/tough-cookie cache-miss
407 http fetch GET 200 https://registry.npmjs.org/data-urls 92ms (cache updated)
408 silly packumentCache full:https://registry.npmjs.org/data-urls set size:undefined disposed:false
409 silly fetch manifest @acemir/cssom@^0.9.31
410 silly packumentCache full:https://registry.npmjs.org/@acemir%2fcssom cache-miss
411 http fetch GET 200 https://registry.npmjs.org/whatwg-url 136ms (cache updated)
412 silly packumentCache full:https://registry.npmjs.org/whatwg-url set size:undefined disposed:false
413 silly fetch manifest @exodus/bytes@^1.11.0
414 silly packumentCache full:https://registry.npmjs.org/@exodus%2fbytes cache-miss
415 http fetch GET 200 https://registry.npmjs.org/@angular-devkit%2fcore 356ms (cache revalidated)
416 silly packumentCache full:https://registry.npmjs.org/@angular-devkit%2fcore set size:2351615 disposed:false
417 silly fetch manifest whatwg-mimetype@^5.0.0
418 silly packumentCache full:https://registry.npmjs.org/whatwg-mimetype cache-miss
419 http fetch GET 200 https://registry.npmjs.org/tough-cookie 112ms (cache updated)
420 silly packumentCache full:https://registry.npmjs.org/tough-cookie set size:undefined disposed:false
421 silly fetch manifest http-proxy-agent@^7.0.2
422 silly packumentCache full:https://registry.npmjs.org/http-proxy-agent cache-miss
423 http fetch GET 200 https://registry.npmjs.org/@angular-devkit%2fschematics 343ms (cache revalidated)
424 silly packumentCache full:https://registry.npmjs.org/@angular-devkit%2fschematics set size:2303419 disposed:false
425 silly fetch manifest https-proxy-agent@^7.0.6
426 silly packumentCache full:https://registry.npmjs.org/https-proxy-agent cache-hit
427 silly fetch manifest w3c-xmlserializer@^5.0.0
428 silly packumentCache full:https://registry.npmjs.org/w3c-xmlserializer cache-miss
429 http fetch GET 200 https://registry.npmjs.org/@acemir%2fcssom 94ms (cache miss)
430 silly packumentCache full:https://registry.npmjs.org/@acemir%2fcssom set size:undefined disposed:false
431 silly fetch manifest webidl-conversions@^8.0.1
432 silly packumentCache full:https://registry.npmjs.org/webidl-conversions cache-miss
433 http fetch GET 200 https://registry.npmjs.org/http-proxy-agent 23ms (cache revalidated)
434 silly packumentCache full:https://registry.npmjs.org/http-proxy-agent set size:54849 disposed:false
435 silly fetch manifest xml-name-validator@^5.0.0
436 silly packumentCache full:https://registry.npmjs.org/xml-name-validator cache-miss
437 http fetch GET 200 https://registry.npmjs.org/w3c-xmlserializer 23ms (cache revalidated)
438 silly packumentCache full:https://registry.npmjs.org/w3c-xmlserializer set size:36375 disposed:false
439 silly fetch manifest @bramus/specificity@^2.4.2
440 silly packumentCache full:https://registry.npmjs.org/@bramus%2fspecificity cache-miss
441 http fetch GET 200 https://registry.npmjs.org/xml-name-validator 33ms (cache revalidated)
442 silly packumentCache full:https://registry.npmjs.org/xml-name-validator set size:11085 disposed:false
443 silly fetch manifest html-encoding-sniffer@^6.0.0
444 silly packumentCache full:https://registry.npmjs.org/html-encoding-sniffer cache-miss
445 http fetch GET 200 https://registry.npmjs.org/whatwg-mimetype 99ms (cache updated)
446 silly packumentCache full:https://registry.npmjs.org/whatwg-mimetype set size:undefined disposed:false
447 silly fetch manifest @asamuzakjp/dom-selector@^6.8.1
448 silly packumentCache full:https://registry.npmjs.org/@asamuzakjp%2fdom-selector cache-miss
449 http fetch GET 200 https://registry.npmjs.org/@exodus%2fbytes 119ms (cache miss)
450 silly packumentCache full:https://registry.npmjs.org/@exodus%2fbytes set size:undefined disposed:false
451 silly fetch manifest is-potential-custom-element-name@^1.0.1
452 silly packumentCache full:https://registry.npmjs.org/is-potential-custom-element-name cache-miss
453 http fetch GET 200 https://registry.npmjs.org/webidl-conversions 91ms (cache updated)
454 silly packumentCache full:https://registry.npmjs.org/webidl-conversions set size:undefined disposed:false
455 silly fetch manifest es-module-lexer@^2.0.0
456 silly packumentCache full:https://registry.npmjs.org/es-module-lexer cache-miss
457 http fetch GET 200 https://registry.npmjs.org/is-potential-custom-element-name 26ms (cache revalidated)
458 silly packumentCache full:https://registry.npmjs.org/is-potential-custom-element-name set size:6810 disposed:false
459 silly fetch manifest expect-type@^1.3.0
460 silly packumentCache full:https://registry.npmjs.org/expect-type cache-miss
461 http fetch GET 200 https://registry.npmjs.org/decimal.js 352ms (cache revalidated)
462 silly packumentCache full:https://registry.npmjs.org/decimal.js set size:107790 disposed:false
463 silly fetch manifest magic-string@^0.30.21
464 silly packumentCache full:https://registry.npmjs.org/magic-string cache-hit
465 silly fetch manifest obug@^2.1.1
466 silly packumentCache full:https://registry.npmjs.org/obug cache-miss
467 http fetch GET 200 https://registry.npmjs.org/@bramus%2fspecificity 259ms (cache miss)
468 silly packumentCache full:https://registry.npmjs.org/@bramus%2fspecificity set size:undefined disposed:false
469 silly fetch manifest pathe@^2.0.3
470 silly packumentCache full:https://registry.npmjs.org/pathe cache-miss
471 http fetch GET 200 https://registry.npmjs.org/obug 116ms (cache miss)
472 silly packumentCache full:https://registry.npmjs.org/obug set size:undefined disposed:false
473 silly fetch manifest picomatch@^4.0.3
474 silly packumentCache full:https://registry.npmjs.org/picomatch cache-hit
475 silly fetch manifest std-env@^4.0.0-rc.1
476 silly packumentCache full:https://registry.npmjs.org/std-env cache-miss
477 http fetch GET 200 https://registry.npmjs.org/pathe 36ms (cache revalidated)
478 silly packumentCache full:https://registry.npmjs.org/pathe set size:68788 disposed:false
479 silly fetch manifest tinybench@^2.9.0
480 silly packumentCache full:https://registry.npmjs.org/tinybench cache-miss
481 http fetch GET 200 https://registry.npmjs.org/expect-type 224ms (cache miss)
482 silly packumentCache full:https://registry.npmjs.org/expect-type set size:undefined disposed:false
483 silly fetch manifest tinyexec@^1.0.2
484 silly packumentCache full:https://registry.npmjs.org/tinyexec cache-miss
485 http fetch GET 200 https://registry.npmjs.org/html-encoding-sniffer 384ms (cache updated)
486 silly packumentCache full:https://registry.npmjs.org/html-encoding-sniffer set size:undefined disposed:false
487 silly fetch manifest tinyglobby@^0.2.15
488 silly packumentCache full:https://registry.npmjs.org/tinyglobby cache-hit
489 silly fetch manifest tinyrainbow@^3.1.0
490 silly packumentCache full:https://registry.npmjs.org/tinyrainbow cache-miss
491 http fetch GET 200 https://registry.npmjs.org/tinyexec 103ms (cache updated)
492 silly packumentCache full:https://registry.npmjs.org/tinyexec set size:undefined disposed:false
493 silly fetch manifest vite@^6.0.0 || ^7.0.0 || ^8.0.0
494 silly packumentCache full:https://registry.npmjs.org/vite cache-miss
495 http fetch GET 200 https://registry.npmjs.org/@asamuzakjp%2fdom-selector 387ms (cache miss)
496 silly packumentCache full:https://registry.npmjs.org/@asamuzakjp%2fdom-selector set size:undefined disposed:false
497 silly fetch manifest why-is-node-running@^2.3.0
498 silly packumentCache full:https://registry.npmjs.org/why-is-node-running cache-miss
499 http fetch GET 200 https://registry.npmjs.org/std-env 184ms (cache updated)
500 silly packumentCache full:https://registry.npmjs.org/std-env set size:undefined disposed:false
501 silly fetch manifest @vitest/mocker@4.1.6
502 silly packumentCache full:https://registry.npmjs.org/@vitest%2fmocker cache-miss
503 http fetch GET 200 https://registry.npmjs.org/tinyrainbow 56ms (cache miss)
504 silly packumentCache full:https://registry.npmjs.org/tinyrainbow set size:undefined disposed:false
505 silly fetch manifest @vitest/pretty-format@4.1.6
506 silly packumentCache full:https://registry.npmjs.org/@vitest%2fpretty-format cache-miss
507 http fetch GET 200 https://registry.npmjs.org/tinybench 171ms (cache miss)
508 silly packumentCache full:https://registry.npmjs.org/tinybench set size:undefined disposed:false
509 silly fetch manifest @vitest/runner@4.1.6
510 silly packumentCache full:https://registry.npmjs.org/@vitest%2frunner cache-miss
511 http fetch GET 200 https://registry.npmjs.org/why-is-node-running 110ms (cache miss)
512 silly packumentCache full:https://registry.npmjs.org/why-is-node-running set size:undefined disposed:false
513 silly fetch manifest @vitest/expect@4.1.6
514 silly packumentCache full:https://registry.npmjs.org/@vitest%2fexpect cache-miss
515 http fetch GET 200 https://registry.npmjs.org/@vitest%2fpretty-format 184ms (cache miss)
516 silly packumentCache full:https://registry.npmjs.org/@vitest%2fpretty-format set size:undefined disposed:false
517 silly fetch manifest @vitest/snapshot@4.1.6
518 silly packumentCache full:https://registry.npmjs.org/@vitest%2fsnapshot cache-miss
519 http fetch GET 200 https://registry.npmjs.org/@vitest%2fmocker 336ms (cache miss)
520 silly packumentCache full:https://registry.npmjs.org/@vitest%2fmocker set size:undefined disposed:false
521 silly fetch manifest @vitest/utils@4.1.6
522 silly packumentCache full:https://registry.npmjs.org/@vitest%2futils cache-miss
523 http fetch GET 200 https://registry.npmjs.org/@vitest%2fsnapshot 324ms (cache miss)
524 silly packumentCache full:https://registry.npmjs.org/@vitest%2fsnapshot set size:undefined disposed:false
525 silly fetch manifest @vitest/spy@4.1.6
526 silly packumentCache full:https://registry.npmjs.org/@vitest%2fspy cache-miss
527 http fetch GET 200 https://registry.npmjs.org/es-module-lexer 1035ms (cache updated)
528 silly packumentCache full:https://registry.npmjs.org/es-module-lexer set size:undefined disposed:false
529 http fetch GET 200 https://registry.npmjs.org/@vitest%2frunner 721ms (cache miss)
530 silly packumentCache full:https://registry.npmjs.org/@vitest%2frunner set size:undefined disposed:false
531 http fetch GET 200 https://registry.npmjs.org/@vitest%2fexpect 769ms (cache miss)
532 silly packumentCache full:https://registry.npmjs.org/@vitest%2fexpect set size:undefined disposed:false
533 http fetch GET 200 https://registry.npmjs.org/@vitest%2fspy 355ms (cache miss)
534 silly packumentCache full:https://registry.npmjs.org/@vitest%2fspy set size:undefined disposed:false
535 http fetch GET 200 https://registry.npmjs.org/@vitest%2futils 559ms (cache miss)
536 silly packumentCache full:https://registry.npmjs.org/@vitest%2futils set size:undefined disposed:false
537 http fetch GET 200 https://registry.npmjs.org/vite 10358ms (cache updated)
538 silly packumentCache full:https://registry.npmjs.org/vite set size:undefined disposed:false
539 http fetch GET 200 https://registry.npmjs.org/vite 9905ms (cache updated)
540 silly packumentCache full:https://registry.npmjs.org/vite set size:undefined disposed:false
541 silly fetch manifest @types/node@^20.19.0 || >=22.12.0
542 silly packumentCache full:https://registry.npmjs.org/@types%2fnode cache-miss
543 http cache https://registry.npmjs.org/@types%2fnode 21ms (cache hit)
544 silly packumentCache full:https://registry.npmjs.org/@types%2fnode set size:11004479 disposed:false
545 silly fetch manifest jiti@>=1.21.0
546 silly packumentCache full:https://registry.npmjs.org/jiti cache-miss
547 http fetch GET 200 https://registry.npmjs.org/jiti 1008ms (cache updated)
548 silly packumentCache full:https://registry.npmjs.org/jiti set size:undefined disposed:false
549 silly fetch manifest lightningcss@^1.21.0
550 silly packumentCache full:https://registry.npmjs.org/lightningcss cache-miss
551 http fetch GET 200 https://registry.npmjs.org/lightningcss 101ms (cache updated)
552 silly packumentCache full:https://registry.npmjs.org/lightningcss set size:undefined disposed:false
553 silly fetch manifest sass-embedded@^1.70.0
554 silly packumentCache full:https://registry.npmjs.org/sass-embedded cache-miss
555 http fetch GET 200 https://registry.npmjs.org/sass-embedded 428ms (cache updated)
556 silly packumentCache full:https://registry.npmjs.org/sass-embedded set size:undefined disposed:false
557 silly fetch manifest stylus@>=0.54.8
558 silly packumentCache full:https://registry.npmjs.org/stylus cache-miss
559 http fetch GET 200 https://registry.npmjs.org/stylus 24ms (cache revalidated)
560 silly packumentCache full:https://registry.npmjs.org/stylus set size:286766 disposed:false
561 silly fetch manifest sugarss@^5.0.0
562 silly packumentCache full:https://registry.npmjs.org/sugarss cache-miss
563 http fetch GET 200 https://registry.npmjs.org/sugarss 24ms (cache revalidated)
564 silly packumentCache full:https://registry.npmjs.org/sugarss set size:44975 disposed:false
565 silly fetch manifest terser@^5.16.0
566 silly packumentCache full:https://registry.npmjs.org/terser cache-miss
567 http fetch GET 200 https://registry.npmjs.org/terser 193ms (cache updated)
568 silly packumentCache full:https://registry.npmjs.org/terser set size:undefined disposed:false
569 silly fetch manifest tsx@^4.8.1
570 silly packumentCache full:https://registry.npmjs.org/tsx cache-miss
571 http fetch GET 200 https://registry.npmjs.org/tsx 60ms (cache updated)
572 silly packumentCache full:https://registry.npmjs.org/tsx set size:undefined disposed:false
573 silly fetch manifest yaml@^2.4.2
574 silly packumentCache full:https://registry.npmjs.org/yaml cache-miss
575 http fetch GET 200 https://registry.npmjs.org/yaml 103ms (cache updated)
576 silly packumentCache full:https://registry.npmjs.org/yaml set size:undefined disposed:false
577 silly fetch manifest @types/node@>=18
578 silly packumentCache full:https://registry.npmjs.org/@types%2fnode cache-miss
579 http cache https://registry.npmjs.org/@types%2fnode 23ms (cache hit)
580 silly packumentCache full:https://registry.npmjs.org/@types%2fnode set size:11004479 disposed:false
581 silly placeDep ROOT @ampproject/remapping@2.3.0 OK for: @angular/build@21.2.11 want: 2.3.0
582 silly placeDep ROOT @angular-devkit/architect@0.2102.11 OK for: @angular/build@21.2.11 want: 0.2102.11
583 silly placeDep ROOT @babel/core@7.29.0 OK for: @angular/build@21.2.11 want: 7.29.0
584 silly placeDep ROOT @babel/helper-annotate-as-pure@7.27.3 OK for: @angular/build@21.2.11 want: 7.27.3
585 silly placeDep ROOT @babel/helper-split-export-declaration@7.24.7 OK for: @angular/build@21.2.11 want: 7.24.7
586 silly placeDep ROOT @inquirer/confirm@5.1.21 OK for: @angular/build@21.2.11 want: 5.1.21
587 silly placeDep ROOT @vitejs/plugin-basic-ssl@2.1.4 OK for: @angular/build@21.2.11 want: 2.1.4
588 silly placeDep ROOT vite@7.3.2 OK for: @vitejs/plugin-basic-ssl@2.1.4 want: ^6.0.0 || ^7.0.0
589 silly placeDep ROOT beasties@0.4.1 OK for: @angular/build@21.2.11 want: 0.4.1
590 silly placeDep ROOT browserslist@4.28.2 OK for: @angular/build@21.2.11 want: ^4.26.0
591 silly placeDep ROOT esbuild@0.27.3 OK for: @angular/build@21.2.11 want: 0.27.3
592 silly placeDep ROOT https-proxy-agent@7.0.6 OK for: @angular/build@21.2.11 want: 7.0.6
593 silly placeDep ROOT istanbul-lib-instrument@6.0.3 OK for: @angular/build@21.2.11 want: 6.0.3
594 silly placeDep ROOT jsonc-parser@3.3.1 OK for: @angular/build@21.2.11 want: 3.3.1
595 silly placeDep ROOT listr2@9.0.5 OK for: @angular/build@21.2.11 want: 9.0.5
596 silly placeDep ROOT lmdb@3.5.1 OK for: @angular/build@21.2.11 want: 3.5.1
597 silly placeDep ROOT magic-string@0.30.21 OK for: @angular/build@21.2.11 want: 0.30.21
598 silly placeDep ROOT mrmime@2.0.1 OK for: @angular/build@21.2.11 want: 2.0.1
599 silly placeDep ROOT parse5-html-rewriting-stream@8.0.0 OK for: @angular/build@21.2.11 want: 8.0.0
600 silly placeDep ROOT picomatch@4.0.4 OK for: @angular/build@21.2.11 want: 4.0.4
601 silly placeDep ROOT piscina@5.1.4 OK for: @angular/build@21.2.11 want: 5.1.4
602 silly placeDep ROOT rolldown@1.0.0-rc.4 OK for: @angular/build@21.2.11 want: 1.0.0-rc.4
603 silly placeDep ROOT sass@1.97.3 OK for: @angular/build@21.2.11 want: 1.97.3
604 silly placeDep ROOT semver@7.7.4 OK for: @angular/build@21.2.11 want: 7.7.4
605 silly placeDep ROOT source-map-support@0.5.21 OK for: @angular/build@21.2.11 want: 0.5.21
606 silly placeDep ROOT tinyglobby@0.2.15 OK for: @angular/build@21.2.11 want: 0.2.15
607 silly placeDep ROOT undici@7.24.4 OK for: @angular/build@21.2.11 want: 7.24.4
608 silly placeDep ROOT watchpack@2.5.1 OK for: @angular/build@21.2.11 want: 2.5.1
609 silly fetch manifest @jridgewell/gen-mapping@^0.3.5
610 silly packumentCache full:https://registry.npmjs.org/@jridgewell%2fgen-mapping cache-miss
611 silly fetch manifest @jridgewell/trace-mapping@^0.3.24
612 silly packumentCache full:https://registry.npmjs.org/@jridgewell%2ftrace-mapping cache-miss
613 silly fetch manifest debug@^4.1.0
614 silly packumentCache full:https://registry.npmjs.org/debug cache-miss
615 silly fetch manifest json5@^2.2.3
616 silly packumentCache full:https://registry.npmjs.org/json5 cache-miss
617 silly fetch manifest semver@^6.3.1
618 silly packumentCache full:https://registry.npmjs.org/semver cache-hit
619 silly fetch manifest gensync@^1.0.0-beta.2
620 silly packumentCache full:https://registry.npmjs.org/gensync cache-miss
621 silly fetch manifest @babel/types@^7.29.0
622 silly packumentCache full:https://registry.npmjs.org/@babel%2ftypes cache-miss
623 silly fetch manifest @babel/parser@^7.29.0
624 silly packumentCache full:https://registry.npmjs.org/@babel%2fparser cache-miss
625 http fetch GET 200 https://registry.npmjs.org/debug 23ms (cache revalidated)
626 silly packumentCache full:https://registry.npmjs.org/debug set size:195840 disposed:false
627 silly fetch manifest @babel/helpers@^7.28.6
628 silly packumentCache full:https://registry.npmjs.org/@babel%2fhelpers cache-miss
629 http fetch GET 200 https://registry.npmjs.org/json5 25ms (cache revalidated)
630 silly packumentCache full:https://registry.npmjs.org/json5 set size:86136 disposed:false
631 silly fetch manifest @babel/template@^7.28.6
632 silly packumentCache full:https://registry.npmjs.org/@babel%2ftemplate cache-miss
633 http fetch GET 200 https://registry.npmjs.org/gensync 26ms (cache revalidated)
634 silly packumentCache full:https://registry.npmjs.org/gensync set size:15068 disposed:false
635 silly fetch manifest @babel/traverse@^7.29.0
636 silly packumentCache full:https://registry.npmjs.org/@babel%2ftraverse cache-miss
637 http fetch GET 200 https://registry.npmjs.org/@jridgewell%2fgen-mapping 35ms (cache revalidated)
638 silly packumentCache full:https://registry.npmjs.org/@jridgewell%2fgen-mapping set size:80719 disposed:false
639 silly fetch manifest @babel/generator@^7.29.0
640 silly packumentCache full:https://registry.npmjs.org/@babel%2fgenerator cache-miss
641 http fetch GET 200 https://registry.npmjs.org/@jridgewell%2ftrace-mapping 44ms (cache revalidated)
642 silly packumentCache full:https://registry.npmjs.org/@jridgewell%2ftrace-mapping set size:170909 disposed:false
643 silly fetch manifest @babel/code-frame@^7.29.0
644 silly packumentCache full:https://registry.npmjs.org/@babel%2fcode-frame cache-miss
645 http fetch GET 200 https://registry.npmjs.org/@babel%2ftemplate 372ms (cache updated)
646 silly packumentCache full:https://registry.npmjs.org/@babel%2ftemplate set size:undefined disposed:false
647 silly fetch manifest convert-source-map@^2.0.0
648 silly packumentCache full:https://registry.npmjs.org/convert-source-map cache-hit
649 silly fetch manifest @jridgewell/remapping@^2.3.5
650 silly packumentCache full:https://registry.npmjs.org/@jridgewell%2fremapping cache-miss
651 http fetch GET 200 https://registry.npmjs.org/@babel%2fhelpers 391ms (cache updated)
652 silly packumentCache full:https://registry.npmjs.org/@babel%2fhelpers set size:undefined disposed:false
653 silly fetch manifest @babel/helper-module-transforms@^7.28.6
654 silly packumentCache full:https://registry.npmjs.org/@babel%2fhelper-module-transforms cache-miss
655 http fetch GET 200 https://registry.npmjs.org/@babel%2fcode-frame 382ms (cache updated)
656 silly packumentCache full:https://registry.npmjs.org/@babel%2fcode-frame set size:undefined disposed:false
657 silly fetch manifest @babel/helper-compilation-targets@^7.28.6
658 silly packumentCache full:https://registry.npmjs.org/@babel%2fhelper-compilation-targets cache-miss
659 http fetch GET 200 https://registry.npmjs.org/@jridgewell%2fremapping 33ms (cache revalidated)
660 silly packumentCache full:https://registry.npmjs.org/@jridgewell%2fremapping set size:23809 disposed:false
661 silly fetch manifest @babel/types@^7.27.3
662 silly packumentCache full:https://registry.npmjs.org/@babel%2ftypes cache-miss
663 http fetch GET 200 https://registry.npmjs.org/@babel%2fparser 646ms (cache updated)
664 silly packumentCache full:https://registry.npmjs.org/@babel%2fparser set size:undefined disposed:false
665 silly fetch manifest @babel/types@^7.24.7
666 silly packumentCache full:https://registry.npmjs.org/@babel%2ftypes cache-miss
667 http fetch GET 200 https://registry.npmjs.org/@babel%2fgenerator 797ms (cache updated)
668 silly packumentCache full:https://registry.npmjs.org/@babel%2fgenerator set size:undefined disposed:false
669 silly fetch manifest @inquirer/core@^10.3.2
670 silly packumentCache full:https://registry.npmjs.org/@inquirer%2fcore cache-miss
671 http fetch GET 200 https://registry.npmjs.org/@babel%2fhelper-module-transforms 441ms (cache updated)
672 silly packumentCache full:https://registry.npmjs.org/@babel%2fhelper-module-transforms set size:undefined disposed:false
673 silly fetch manifest @inquirer/type@^3.0.10
674 silly packumentCache full:https://registry.npmjs.org/@inquirer%2ftype cache-miss
675 http fetch GET 200 https://registry.npmjs.org/@inquirer%2fcore 35ms (cache revalidated)
676 silly packumentCache full:https://registry.npmjs.org/@inquirer%2fcore set size:347868 disposed:false
677 silly fetch manifest fdir@^6.5.0
678 silly packumentCache full:https://registry.npmjs.org/fdir cache-miss
679 http fetch GET 200 https://registry.npmjs.org/@inquirer%2ftype 33ms (cache revalidated)
680 silly packumentCache full:https://registry.npmjs.org/@inquirer%2ftype set size:115206 disposed:false
681 silly fetch manifest rollup@^4.43.0
682 silly packumentCache full:https://registry.npmjs.org/rollup cache-miss
683 http fetch GET 200 https://registry.npmjs.org/fdir 24ms (cache revalidated)
684 silly packumentCache full:https://registry.npmjs.org/fdir set size:136182 disposed:false
685 silly fetch manifest esbuild@^0.27.0
686 silly packumentCache full:https://registry.npmjs.org/esbuild cache-miss
687 http cache https://registry.npmjs.org/esbuild 4ms (cache hit)
688 silly packumentCache full:https://registry.npmjs.org/esbuild set size:1254708 disposed:false
689 silly fetch manifest postcss@^8.5.6
690 silly packumentCache full:https://registry.npmjs.org/postcss cache-miss
691 http cache https://registry.npmjs.org/postcss 4ms (cache hit)
692 silly packumentCache full:https://registry.npmjs.org/postcss set size:720302 disposed:false
693 silly fetch manifest fsevents@~2.3.3
694 silly packumentCache full:https://registry.npmjs.org/fsevents cache-miss
695 http fetch GET 200 https://registry.npmjs.org/@babel%2ftraverse 898ms (cache updated)
696 silly packumentCache full:https://registry.npmjs.org/@babel%2ftraverse set size:undefined disposed:false
697 silly fetch manifest postcss@^8.4.49
698 silly packumentCache full:https://registry.npmjs.org/postcss cache-hit
699 silly fetch manifest css-what@^7.0.0
700 silly packumentCache full:https://registry.npmjs.org/css-what cache-miss
701 http fetch GET 200 https://registry.npmjs.org/fsevents 23ms (cache revalidated)
702 silly packumentCache full:https://registry.npmjs.org/fsevents set size:182472 disposed:false
703 silly fetch manifest css-select@^6.0.0
704 silly packumentCache full:https://registry.npmjs.org/css-select cache-miss
705 http fetch GET 200 https://registry.npmjs.org/css-what 132ms (cache updated)
706 silly packumentCache full:https://registry.npmjs.org/css-what set size:undefined disposed:false
707 silly fetch manifest domhandler@^5.0.3
708 silly packumentCache full:https://registry.npmjs.org/domhandler cache-miss
709 http fetch GET 200 https://registry.npmjs.org/@babel%2ftypes 625ms (cache updated)
710 silly packumentCache full:https://registry.npmjs.org/@babel%2ftypes set size:undefined disposed:false
711 silly fetch manifest picocolors@^1.1.1
712 silly packumentCache full:https://registry.npmjs.org/picocolors cache-miss
713 http fetch GET 200 https://registry.npmjs.org/css-select 154ms (cache updated)
714 silly packumentCache full:https://registry.npmjs.org/css-select set size:undefined disposed:false
715 silly fetch manifest htmlparser2@^10.0.0
716 silly packumentCache full:https://registry.npmjs.org/htmlparser2 cache-miss
717 http fetch GET 200 https://registry.npmjs.org/@babel%2ftypes 1106ms (cache updated)
718 silly packumentCache full:https://registry.npmjs.org/@babel%2ftypes set size:undefined disposed:false
719 silly fetch manifest dom-serializer@^2.0.0
720 silly packumentCache full:https://registry.npmjs.org/dom-serializer cache-miss
721 http fetch GET 200 https://registry.npmjs.org/domhandler 213ms (cache updated)
722 silly packumentCache full:https://registry.npmjs.org/domhandler set size:undefined disposed:false
723 silly fetch manifest postcss-safe-parser@^7.0.1
724 silly packumentCache full:https://registry.npmjs.org/postcss-safe-parser cache-miss
725 http fetch GET 200 https://registry.npmjs.org/dom-serializer 166ms (cache updated)
726 silly packumentCache full:https://registry.npmjs.org/dom-serializer set size:undefined disposed:false
727 silly fetch manifest postcss-media-query-parser@^0.2.3
728 silly packumentCache full:https://registry.npmjs.org/postcss-media-query-parser cache-miss
729 http fetch GET 200 https://registry.npmjs.org/@babel%2ftypes 623ms (cache updated)
730 silly packumentCache full:https://registry.npmjs.org/@babel%2ftypes set size:undefined disposed:false
731 silly fetch manifest baseline-browser-mapping@^2.10.12
732 silly packumentCache full:https://registry.npmjs.org/baseline-browser-mapping cache-miss
733 http fetch GET 200 https://registry.npmjs.org/htmlparser2 187ms (cache updated)
734 silly packumentCache full:https://registry.npmjs.org/htmlparser2 set size:undefined disposed:false
735 silly fetch manifest caniuse-lite@^1.0.30001782
736 silly packumentCache full:https://registry.npmjs.org/caniuse-lite cache-miss
737 http fetch GET 200 https://registry.npmjs.org/@babel%2fhelper-compilation-targets 908ms (cache updated)
738 silly packumentCache full:https://registry.npmjs.org/@babel%2fhelper-compilation-targets set size:undefined disposed:false
739 silly fetch manifest electron-to-chromium@^1.5.328
740 silly packumentCache full:https://registry.npmjs.org/electron-to-chromium cache-miss
741 http fetch GET 200 https://registry.npmjs.org/postcss-safe-parser 66ms (cache miss)
742 silly packumentCache full:https://registry.npmjs.org/postcss-safe-parser set size:undefined disposed:false
743 silly fetch manifest node-releases@^2.0.36
744 silly packumentCache full:https://registry.npmjs.org/node-releases cache-miss
745 http fetch GET 200 https://registry.npmjs.org/postcss-media-query-parser 101ms (cache miss)
746 silly packumentCache full:https://registry.npmjs.org/postcss-media-query-parser set size:undefined disposed:false
747 silly fetch manifest update-browserslist-db@^1.2.3
748 silly packumentCache full:https://registry.npmjs.org/update-browserslist-db cache-miss
749 http fetch GET 200 https://registry.npmjs.org/picocolors 331ms (cache revalidated)
750 silly packumentCache full:https://registry.npmjs.org/picocolors set size:16648 disposed:false
751 silly fetch manifest @esbuild/aix-ppc64@0.27.3
752 silly packumentCache full:https://registry.npmjs.org/@esbuild%2faix-ppc64 cache-miss
753 http fetch GET 200 https://registry.npmjs.org/update-browserslist-db 46ms (cache revalidated)
754 silly packumentCache full:https://registry.npmjs.org/update-browserslist-db set size:62000 disposed:false
755 silly fetch manifest @esbuild/linux-arm@0.27.3
756 silly packumentCache full:https://registry.npmjs.org/@esbuild%2flinux-arm cache-miss
757 http fetch GET 200 https://registry.npmjs.org/baseline-browser-mapping 164ms (cache updated)
758 silly packumentCache full:https://registry.npmjs.org/baseline-browser-mapping set size:undefined disposed:false
759 silly fetch manifest @esbuild/linux-x64@0.27.3
760 silly packumentCache full:https://registry.npmjs.org/@esbuild%2flinux-x64 cache-miss
761 http fetch GET 200 https://registry.npmjs.org/@esbuild%2faix-ppc64 120ms (cache updated)
762 silly packumentCache full:https://registry.npmjs.org/@esbuild%2faix-ppc64 set size:undefined disposed:false
763 silly fetch manifest @esbuild/sunos-x64@0.27.3
764 silly packumentCache full:https://registry.npmjs.org/@esbuild%2fsunos-x64 cache-miss
765 http fetch GET 200 https://registry.npmjs.org/@esbuild%2flinux-x64 372ms (cache updated)
766 silly packumentCache full:https://registry.npmjs.org/@esbuild%2flinux-x64 set size:undefined disposed:false
767 silly fetch manifest @esbuild/win32-x64@0.27.3
768 silly packumentCache full:https://registry.npmjs.org/@esbuild%2fwin32-x64 cache-miss
769 http fetch GET 200 https://registry.npmjs.org/@esbuild%2flinux-arm 417ms (cache updated)
770 silly packumentCache full:https://registry.npmjs.org/@esbuild%2flinux-arm set size:undefined disposed:false
771 silly fetch manifest @esbuild/darwin-x64@0.27.3
772 silly packumentCache full:https://registry.npmjs.org/@esbuild%2fdarwin-x64 cache-miss
773 http fetch GET 200 https://registry.npmjs.org/node-releases 516ms (cache updated)
774 silly packumentCache full:https://registry.npmjs.org/node-releases set size:undefined disposed:false
775 silly fetch manifest @esbuild/linux-ia32@0.27.3
776 silly packumentCache full:https://registry.npmjs.org/@esbuild%2flinux-ia32 cache-miss
777 http fetch GET 200 https://registry.npmjs.org/@esbuild%2fdarwin-x64 478ms (cache updated)
778 silly packumentCache full:https://registry.npmjs.org/@esbuild%2fdarwin-x64 set size:undefined disposed:false
779 silly fetch manifest @esbuild/netbsd-x64@0.27.3
780 silly packumentCache full:https://registry.npmjs.org/@esbuild%2fnetbsd-x64 cache-miss
781 http fetch GET 200 https://registry.npmjs.org/@esbuild%2flinux-ia32 466ms (cache updated)
782 silly packumentCache full:https://registry.npmjs.org/@esbuild%2flinux-ia32 set size:undefined disposed:false
783 silly fetch manifest @esbuild/win32-ia32@0.27.3
784 silly packumentCache full:https://registry.npmjs.org/@esbuild%2fwin32-ia32 cache-miss
785 http fetch GET 200 https://registry.npmjs.org/@esbuild%2fsunos-x64 814ms (cache updated)
786 silly packumentCache full:https://registry.npmjs.org/@esbuild%2fsunos-x64 set size:undefined disposed:false
787 silly fetch manifest @esbuild/android-arm@0.27.3
788 silly packumentCache full:https://registry.npmjs.org/@esbuild%2fandroid-arm cache-miss
789 http fetch GET 200 https://registry.npmjs.org/@esbuild%2fwin32-x64 1015ms (cache updated)
790 silly packumentCache full:https://registry.npmjs.org/@esbuild%2fwin32-x64 set size:undefined disposed:false
791 silly fetch manifest @esbuild/android-x64@0.27.3
792 silly packumentCache full:https://registry.npmjs.org/@esbuild%2fandroid-x64 cache-miss
793 http fetch GET 200 https://registry.npmjs.org/@esbuild%2fnetbsd-x64 527ms (cache updated)
794 silly packumentCache full:https://registry.npmjs.org/@esbuild%2fnetbsd-x64 set size:undefined disposed:false
795 silly fetch manifest @esbuild/freebsd-x64@0.27.3
796 silly packumentCache full:https://registry.npmjs.org/@esbuild%2ffreebsd-x64 cache-miss
797 http fetch GET 200 https://registry.npmjs.org/@esbuild%2fwin32-ia32 557ms (cache updated)
798 silly packumentCache full:https://registry.npmjs.org/@esbuild%2fwin32-ia32 set size:undefined disposed:false
799 silly fetch manifest @esbuild/linux-arm64@0.27.3
800 silly packumentCache full:https://registry.npmjs.org/@esbuild%2flinux-arm64 cache-miss
801 http fetch GET 200 https://registry.npmjs.org/@esbuild%2ffreebsd-x64 343ms (cache updated)
802 silly packumentCache full:https://registry.npmjs.org/@esbuild%2ffreebsd-x64 set size:undefined disposed:false
803 silly fetch manifest @esbuild/linux-ppc64@0.27.3
804 silly packumentCache full:https://registry.npmjs.org/@esbuild%2flinux-ppc64 cache-miss
805 http fetch GET 200 https://registry.npmjs.org/@esbuild%2fandroid-arm 1039ms (cache updated)
806 silly packumentCache full:https://registry.npmjs.org/@esbuild%2fandroid-arm set size:undefined disposed:false
807 silly fetch manifest @esbuild/linux-s390x@0.27.3
808 silly packumentCache full:https://registry.npmjs.org/@esbuild%2flinux-s390x cache-miss
809 http fetch GET 200 https://registry.npmjs.org/@esbuild%2fandroid-x64 597ms (cache updated)
810 silly packumentCache full:https://registry.npmjs.org/@esbuild%2fandroid-x64 set size:undefined disposed:false
811 silly fetch manifest @esbuild/openbsd-x64@0.27.3
812 silly packumentCache full:https://registry.npmjs.org/@esbuild%2fopenbsd-x64 cache-miss
813 http fetch GET 200 https://registry.npmjs.org/@esbuild%2flinux-arm64 613ms (cache updated)
814 silly packumentCache full:https://registry.npmjs.org/@esbuild%2flinux-arm64 set size:undefined disposed:false
815 silly fetch manifest @esbuild/win32-arm64@0.27.3
816 silly packumentCache full:https://registry.npmjs.org/@esbuild%2fwin32-arm64 cache-miss
817 http fetch GET 200 https://registry.npmjs.org/@esbuild%2flinux-s390x 309ms (cache updated)
818 silly packumentCache full:https://registry.npmjs.org/@esbuild%2flinux-s390x set size:undefined disposed:false
819 silly fetch manifest @esbuild/darwin-arm64@0.27.3
820 silly packumentCache full:https://registry.npmjs.org/@esbuild%2fdarwin-arm64 cache-miss
821 http fetch GET 200 https://registry.npmjs.org/@esbuild%2fopenbsd-x64 301ms (cache updated)
822 silly packumentCache full:https://registry.npmjs.org/@esbuild%2fopenbsd-x64 set size:undefined disposed:false
823 silly fetch manifest @esbuild/netbsd-arm64@0.27.3
824 silly packumentCache full:https://registry.npmjs.org/@esbuild%2fnetbsd-arm64 cache-miss
825 http fetch GET 200 https://registry.npmjs.org/@esbuild%2fnetbsd-arm64 146ms (cache updated)
826 silly packumentCache full:https://registry.npmjs.org/@esbuild%2fnetbsd-arm64 set size:undefined disposed:false
827 silly fetch manifest @esbuild/android-arm64@0.27.3
828 silly packumentCache full:https://registry.npmjs.org/@esbuild%2fandroid-arm64 cache-miss
829 http fetch GET 200 https://registry.npmjs.org/@esbuild%2fdarwin-arm64 207ms (cache updated)
830 silly packumentCache full:https://registry.npmjs.org/@esbuild%2fdarwin-arm64 set size:undefined disposed:false
831 silly fetch manifest @esbuild/freebsd-arm64@0.27.3
832 silly packumentCache full:https://registry.npmjs.org/@esbuild%2ffreebsd-arm64 cache-miss
833 http fetch GET 200 https://registry.npmjs.org/@esbuild%2fwin32-arm64 566ms (cache updated)
834 silly packumentCache full:https://registry.npmjs.org/@esbuild%2fwin32-arm64 set size:undefined disposed:false
835 silly fetch manifest @esbuild/linux-loong64@0.27.3
836 silly packumentCache full:https://registry.npmjs.org/@esbuild%2flinux-loong64 cache-miss
837 http fetch GET 200 https://registry.npmjs.org/@esbuild%2fandroid-arm64 207ms (cache updated)
838 silly packumentCache full:https://registry.npmjs.org/@esbuild%2fandroid-arm64 set size:undefined disposed:false
839 silly fetch manifest @esbuild/linux-riscv64@0.27.3
840 silly packumentCache full:https://registry.npmjs.org/@esbuild%2flinux-riscv64 cache-miss
841 http fetch GET 200 https://registry.npmjs.org/rollup 3328ms (cache updated)
842 silly packumentCache full:https://registry.npmjs.org/rollup set size:undefined disposed:false
843 silly fetch manifest @esbuild/openbsd-arm64@0.27.3
844 silly packumentCache full:https://registry.npmjs.org/@esbuild%2fopenbsd-arm64 cache-miss
845 http fetch GET 200 https://registry.npmjs.org/@esbuild%2flinux-ppc64 1087ms (cache updated)
846 silly packumentCache full:https://registry.npmjs.org/@esbuild%2flinux-ppc64 set size:undefined disposed:false
847 silly fetch manifest @esbuild/linux-mips64el@0.27.3
848 silly packumentCache full:https://registry.npmjs.org/@esbuild%2flinux-mips64el cache-miss
849 http fetch GET 200 https://registry.npmjs.org/caniuse-lite 2996ms (cache updated)
850 silly packumentCache full:https://registry.npmjs.org/caniuse-lite set size:undefined disposed:false
851 silly fetch manifest @esbuild/openharmony-arm64@0.27.3
852 silly packumentCache full:https://registry.npmjs.org/@esbuild%2fopenharmony-arm64 cache-miss
853 http fetch GET 200 https://registry.npmjs.org/@esbuild%2flinux-riscv64 310ms (cache updated)
854 silly packumentCache full:https://registry.npmjs.org/@esbuild%2flinux-riscv64 set size:undefined disposed:false
855 silly fetch manifest debug@4
856 silly packumentCache full:https://registry.npmjs.org/debug cache-hit
857 silly fetch manifest agent-base@^7.1.2
858 silly packumentCache full:https://registry.npmjs.org/agent-base cache-miss
859 http fetch GET 200 https://registry.npmjs.org/@esbuild%2flinux-loong64 345ms (cache updated)
860 silly packumentCache full:https://registry.npmjs.org/@esbuild%2flinux-loong64 set size:undefined disposed:false
861 silly fetch manifest @babel/parser@^7.23.9
862 silly packumentCache full:https://registry.npmjs.org/@babel%2fparser cache-miss
863 http cache https://registry.npmjs.org/@babel%2fparser 3ms (cache hit)
864 silly packumentCache full:https://registry.npmjs.org/@babel%2fparser set size:725652 disposed:false
865 silly fetch manifest @istanbuljs/schema@^0.1.3
866 silly packumentCache full:https://registry.npmjs.org/@istanbuljs%2fschema cache-miss
867 http fetch GET 200 https://registry.npmjs.org/@esbuild%2ffreebsd-arm64 533ms (cache updated)
868 silly packumentCache full:https://registry.npmjs.org/@esbuild%2ffreebsd-arm64 set size:undefined disposed:false
869 silly fetch manifest istanbul-lib-coverage@^3.2.0
870 silly packumentCache full:https://registry.npmjs.org/istanbul-lib-coverage cache-miss
871 http fetch GET 200 https://registry.npmjs.org/agent-base 21ms (cache revalidated)
872 silly packumentCache full:https://registry.npmjs.org/agent-base set size:72085 disposed:false
873 silly fetch manifest semver@^7.5.4
874 silly packumentCache full:https://registry.npmjs.org/semver cache-hit
875 silly fetch manifest rfdc@^1.4.1
876 silly packumentCache full:https://registry.npmjs.org/rfdc cache-miss
877 http fetch GET 200 https://registry.npmjs.org/istanbul-lib-coverage 25ms (cache revalidated)
878 silly packumentCache full:https://registry.npmjs.org/istanbul-lib-coverage set size:75651 disposed:false
879 silly fetch manifest colorette@^2.0.20
880 silly packumentCache full:https://registry.npmjs.org/colorette cache-miss
881 http fetch GET 200 https://registry.npmjs.org/@istanbuljs%2fschema 46ms (cache updated)
882 silly packumentCache full:https://registry.npmjs.org/@istanbuljs%2fschema set size:undefined disposed:false
883 silly fetch manifest wrap-ansi@^9.0.0
884 silly packumentCache full:https://registry.npmjs.org/wrap-ansi cache-miss
885 http fetch GET 200 https://registry.npmjs.org/colorette 21ms (cache revalidated)
886 silly packumentCache full:https://registry.npmjs.org/colorette set size:92733 disposed:false
887 silly fetch manifest log-update@^6.1.0
888 silly packumentCache full:https://registry.npmjs.org/log-update cache-miss
889 http fetch GET 200 https://registry.npmjs.org/wrap-ansi 20ms (cache revalidated)
890 silly packumentCache full:https://registry.npmjs.org/wrap-ansi set size:55299 disposed:false
891 silly fetch manifest cli-truncate@^5.0.0
892 silly packumentCache full:https://registry.npmjs.org/cli-truncate cache-miss
893 http fetch GET 200 https://registry.npmjs.org/log-update 19ms (cache revalidated)
894 silly packumentCache full:https://registry.npmjs.org/log-update set size:60732 disposed:false
895 silly fetch manifest eventemitter3@^5.0.1
896 silly packumentCache full:https://registry.npmjs.org/eventemitter3 cache-miss
897 http fetch GET 200 https://registry.npmjs.org/cli-truncate 19ms (cache revalidated)
898 silly packumentCache full:https://registry.npmjs.org/cli-truncate set size:35177 disposed:false
899 silly fetch manifest msgpackr@^1.11.2
900 silly packumentCache full:https://registry.npmjs.org/msgpackr cache-miss
901 http fetch GET 200 https://registry.npmjs.org/eventemitter3 22ms (cache revalidated)
902 silly packumentCache full:https://registry.npmjs.org/eventemitter3 set size:92292 disposed:false
903 silly fetch manifest node-addon-api@^6.1.0
904 silly packumentCache full:https://registry.npmjs.org/node-addon-api cache-miss
905 http fetch GET 200 https://registry.npmjs.org/@esbuild%2fopenbsd-arm64 278ms (cache updated)
906 silly packumentCache full:https://registry.npmjs.org/@esbuild%2fopenbsd-arm64 set size:undefined disposed:false
907 silly fetch manifest ordered-binary@^1.5.3
908 silly packumentCache full:https://registry.npmjs.org/ordered-binary cache-miss
909 http fetch GET 200 https://registry.npmjs.org/@esbuild%2fopenharmony-arm64 376ms (cache updated)
910 silly packumentCache full:https://registry.npmjs.org/@esbuild%2fopenharmony-arm64 set size:undefined disposed:false
911 silly fetch manifest weak-lru-cache@^1.2.2
912 silly packumentCache full:https://registry.npmjs.org/weak-lru-cache cache-miss
913 http fetch GET 200 https://registry.npmjs.org/ordered-binary 157ms (cache miss)
914 silly packumentCache full:https://registry.npmjs.org/ordered-binary set size:undefined disposed:false
915 silly fetch manifest @harperfast/extended-iterable@^1.0.3
916 silly packumentCache full:https://registry.npmjs.org/@harperfast%2fextended-iterable cache-miss
917 http fetch GET 200 https://registry.npmjs.org/@esbuild%2flinux-mips64el 476ms (cache updated)
918 silly packumentCache full:https://registry.npmjs.org/@esbuild%2flinux-mips64el set size:undefined disposed:false
919 silly fetch manifest node-gyp-build-optional-packages@5.2.2
920 silly packumentCache full:https://registry.npmjs.org/node-gyp-build-optional-packages cache-miss
921 http fetch GET 200 https://registry.npmjs.org/@harperfast%2fextended-iterable 52ms (cache miss)
922 silly packumentCache full:https://registry.npmjs.org/@harperfast%2fextended-iterable set size:undefined disposed:false
923 silly fetch manifest @lmdb/lmdb-linux-arm@3.5.1
924 silly packumentCache full:https://registry.npmjs.org/@lmdb%2flmdb-linux-arm cache-miss
925 http fetch GET 200 https://registry.npmjs.org/rfdc 349ms (cache revalidated)
926 silly packumentCache full:https://registry.npmjs.org/rfdc set size:45382 disposed:false
927 silly fetch manifest @lmdb/lmdb-linux-x64@3.5.1
928 silly packumentCache full:https://registry.npmjs.org/@lmdb%2flmdb-linux-x64 cache-miss
929 http fetch GET 200 https://registry.npmjs.org/weak-lru-cache 151ms (cache miss)
930 silly packumentCache full:https://registry.npmjs.org/weak-lru-cache set size:undefined disposed:false
931 silly fetch manifest @lmdb/lmdb-win32-x64@3.5.1
932 silly packumentCache full:https://registry.npmjs.org/@lmdb%2flmdb-win32-x64 cache-miss
933 http fetch GET 200 https://registry.npmjs.org/node-addon-api 426ms (cache updated)
934 silly packumentCache full:https://registry.npmjs.org/node-addon-api set size:undefined disposed:false
935 silly fetch manifest @lmdb/lmdb-darwin-x64@3.5.1
936 silly packumentCache full:https://registry.npmjs.org/@lmdb%2flmdb-darwin-x64 cache-miss
937 http fetch GET 200 https://registry.npmjs.org/node-gyp-build-optional-packages 190ms (cache miss)
938 silly packumentCache full:https://registry.npmjs.org/node-gyp-build-optional-packages set size:undefined disposed:false
939 silly fetch manifest @lmdb/lmdb-linux-arm64@3.5.1
940 silly packumentCache full:https://registry.npmjs.org/@lmdb%2flmdb-linux-arm64 cache-miss
941 http fetch GET 200 https://registry.npmjs.org/msgpackr 584ms (cache miss)
942 silly packumentCache full:https://registry.npmjs.org/msgpackr set size:undefined disposed:false
943 silly fetch manifest @lmdb/lmdb-win32-arm64@3.5.1
944 silly packumentCache full:https://registry.npmjs.org/@lmdb%2flmdb-win32-arm64 cache-miss
945 http fetch GET 200 https://registry.npmjs.org/@lmdb%2flmdb-linux-arm64 153ms (cache miss)
946 silly packumentCache full:https://registry.npmjs.org/@lmdb%2flmdb-linux-arm64 set size:undefined disposed:false
947 silly fetch manifest @lmdb/lmdb-darwin-arm64@3.5.1
948 silly packumentCache full:https://registry.npmjs.org/@lmdb%2flmdb-darwin-arm64 cache-miss
949 http fetch GET 200 https://registry.npmjs.org/@lmdb%2flmdb-win32-arm64 41ms (cache miss)
950 silly packumentCache full:https://registry.npmjs.org/@lmdb%2flmdb-win32-arm64 set size:undefined disposed:false
951 silly fetch manifest @jridgewell/sourcemap-codec@^1.5.5
952 silly packumentCache full:https://registry.npmjs.org/@jridgewell%2fsourcemap-codec cache-hit
953 silly fetch manifest entities@^6.0.0
954 silly packumentCache full:https://registry.npmjs.org/entities cache-miss
955 http fetch GET 200 https://registry.npmjs.org/entities 25ms (cache revalidated)
956 silly packumentCache full:https://registry.npmjs.org/entities set size:101550 disposed:false
957 silly fetch manifest parse5-sax-parser@^8.0.0
958 silly packumentCache full:https://registry.npmjs.org/parse5-sax-parser cache-miss
959 http fetch GET 200 https://registry.npmjs.org/parse5-sax-parser 22ms (cache revalidated)
960 silly packumentCache full:https://registry.npmjs.org/parse5-sax-parser set size:18860 disposed:false
961 silly fetch manifest @napi-rs/nice@^1.0.4
962 silly packumentCache full:https://registry.npmjs.org/@napi-rs%2fnice cache-miss
963 http fetch GET 200 https://registry.npmjs.org/@lmdb%2flmdb-linux-arm 429ms (cache miss)
964 silly packumentCache full:https://registry.npmjs.org/@lmdb%2flmdb-linux-arm set size:undefined disposed:false
965 silly fetch manifest @oxc-project/types@=0.113.0
966 silly packumentCache full:https://registry.npmjs.org/@oxc-project%2ftypes cache-miss
967 http fetch GET 200 https://registry.npmjs.org/@napi-rs%2fnice 65ms (cache miss)
968 silly packumentCache full:https://registry.npmjs.org/@napi-rs%2fnice set size:undefined disposed:false
969 silly fetch manifest @rolldown/pluginutils@1.0.0-rc.4
970 silly packumentCache full:https://registry.npmjs.org/@rolldown%2fpluginutils cache-miss
971 http fetch GET 200 https://registry.npmjs.org/@lmdb%2flmdb-darwin-arm64 350ms (cache miss)
972 silly packumentCache full:https://registry.npmjs.org/@lmdb%2flmdb-darwin-arm64 set size:undefined disposed:false
973 silly fetch manifest @rolldown/binding-darwin-x64@1.0.0-rc.4
974 silly packumentCache full:https://registry.npmjs.org/@rolldown%2fbinding-darwin-x64 cache-miss
975 http fetch GET 200 https://registry.npmjs.org/@rolldown%2fpluginutils 206ms (cache updated)
976 silly packumentCache full:https://registry.npmjs.org/@rolldown%2fpluginutils set size:undefined disposed:false
977 silly fetch manifest @rolldown/binding-freebsd-x64@1.0.0-rc.4
978 silly packumentCache full:https://registry.npmjs.org/@rolldown%2fbinding-freebsd-x64 cache-miss
979 http fetch GET 200 https://registry.npmjs.org/@oxc-project%2ftypes 294ms (cache miss)
980 silly packumentCache full:https://registry.npmjs.org/@oxc-project%2ftypes set size:undefined disposed:false
981 silly fetch manifest @rolldown/binding-wasm32-wasi@1.0.0-rc.4
982 silly packumentCache full:https://registry.npmjs.org/@rolldown%2fbinding-wasm32-wasi cache-miss
983 http fetch GET 200 https://registry.npmjs.org/@lmdb%2flmdb-darwin-x64 603ms (cache miss)
984 silly packumentCache full:https://registry.npmjs.org/@lmdb%2flmdb-darwin-x64 set size:undefined disposed:false
985 silly fetch manifest @rolldown/binding-darwin-arm64@1.0.0-rc.4
986 silly packumentCache full:https://registry.npmjs.org/@rolldown%2fbinding-darwin-arm64 cache-miss
987 http fetch GET 200 https://registry.npmjs.org/@rolldown%2fbinding-darwin-x64 275ms (cache miss)
988 silly packumentCache full:https://registry.npmjs.org/@rolldown%2fbinding-darwin-x64 set size:undefined disposed:false
989 silly fetch manifest @rolldown/binding-android-arm64@1.0.0-rc.4
990 silly packumentCache full:https://registry.npmjs.org/@rolldown%2fbinding-android-arm64 cache-miss
991 http fetch GET 200 https://registry.npmjs.org/@lmdb%2flmdb-win32-x64 930ms (cache miss)
992 silly packumentCache full:https://registry.npmjs.org/@lmdb%2flmdb-win32-x64 set size:undefined disposed:false
993 silly fetch manifest @rolldown/binding-linux-x64-gnu@1.0.0-rc.4
994 silly packumentCache full:https://registry.npmjs.org/@rolldown%2fbinding-linux-x64-gnu cache-miss
995 http fetch GET 200 https://registry.npmjs.org/@lmdb%2flmdb-linux-x64 1069ms (cache miss)
996 silly packumentCache full:https://registry.npmjs.org/@lmdb%2flmdb-linux-x64 set size:undefined disposed:false
997 silly fetch manifest @rolldown/binding-linux-x64-musl@1.0.0-rc.4
998 silly packumentCache full:https://registry.npmjs.org/@rolldown%2fbinding-linux-x64-musl cache-miss
999 http fetch GET 200 https://registry.npmjs.org/@rolldown%2fbinding-android-arm64 243ms (cache miss)
1000 silly packumentCache full:https://registry.npmjs.org/@rolldown%2fbinding-android-arm64 set size:undefined disposed:false
1001 silly fetch manifest @rolldown/binding-win32-x64-msvc@1.0.0-rc.4
1002 silly packumentCache full:https://registry.npmjs.org/@rolldown%2fbinding-win32-x64-msvc cache-miss
1003 http fetch GET 200 https://registry.npmjs.org/@rolldown%2fbinding-freebsd-x64 691ms (cache miss)
1004 silly packumentCache full:https://registry.npmjs.org/@rolldown%2fbinding-freebsd-x64 set size:undefined disposed:false
1005 silly fetch manifest @rolldown/binding-linux-arm64-gnu@1.0.0-rc.4
1006 silly packumentCache full:https://registry.npmjs.org/@rolldown%2fbinding-linux-arm64-gnu cache-miss
1007 http fetch GET 200 https://registry.npmjs.org/@rolldown%2fbinding-darwin-arm64 684ms (cache miss)
1008 silly packumentCache full:https://registry.npmjs.org/@rolldown%2fbinding-darwin-arm64 set size:undefined disposed:false
1009 silly fetch manifest @rolldown/binding-linux-arm64-musl@1.0.0-rc.4
1010 silly packumentCache full:https://registry.npmjs.org/@rolldown%2fbinding-linux-arm64-musl cache-miss
1011 http fetch GET 200 https://registry.npmjs.org/@rolldown%2fbinding-linux-x64-musl 978ms (cache miss)
1012 silly packumentCache full:https://registry.npmjs.org/@rolldown%2fbinding-linux-x64-musl set size:undefined disposed:false
1013 silly fetch manifest @rolldown/binding-win32-arm64-msvc@1.0.0-rc.4
1014 silly packumentCache full:https://registry.npmjs.org/@rolldown%2fbinding-win32-arm64-msvc cache-miss
1015 http fetch GET 200 https://registry.npmjs.org/@rolldown%2fbinding-linux-arm64-gnu 881ms (cache miss)
1016 silly packumentCache full:https://registry.npmjs.org/@rolldown%2fbinding-linux-arm64-gnu set size:undefined disposed:false
1017 silly fetch manifest @rolldown/binding-openharmony-arm64@1.0.0-rc.4
1018 silly packumentCache full:https://registry.npmjs.org/@rolldown%2fbinding-openharmony-arm64 cache-miss
1019 http fetch GET 200 https://registry.npmjs.org/@rolldown%2fbinding-wasm32-wasi 1811ms (cache miss)
1020 silly packumentCache full:https://registry.npmjs.org/@rolldown%2fbinding-wasm32-wasi set size:undefined disposed:false
1021 silly fetch manifest @rolldown/binding-linux-arm-gnueabihf@1.0.0-rc.4
1022 silly packumentCache full:https://registry.npmjs.org/@rolldown%2fbinding-linux-arm-gnueabihf cache-miss
1023 http fetch GET 200 https://registry.npmjs.org/@rolldown%2fbinding-openharmony-arm64 308ms (cache miss)
1024 silly packumentCache full:https://registry.npmjs.org/@rolldown%2fbinding-openharmony-arm64 set size:undefined disposed:false
1025 silly fetch manifest chokidar@^4.0.0
1026 silly packumentCache full:https://registry.npmjs.org/chokidar cache-hit
1027 silly fetch manifest immutable@^5.0.2
1028 silly packumentCache full:https://registry.npmjs.org/immutable cache-miss
1029 http fetch GET 200 https://registry.npmjs.org/@rolldown%2fbinding-win32-x64-msvc 1383ms (cache miss)
1030 silly packumentCache full:https://registry.npmjs.org/@rolldown%2fbinding-win32-x64-msvc set size:undefined disposed:false
1031 silly fetch manifest source-map-js@>=0.6.2 <2.0.0
1032 silly packumentCache full:https://registry.npmjs.org/source-map-js cache-miss
1033 http fetch GET 200 https://registry.npmjs.org/source-map-js 22ms (cache revalidated)
1034 silly packumentCache full:https://registry.npmjs.org/source-map-js set size:62640 disposed:false
1035 silly fetch manifest @parcel/watcher@^2.4.1
1036 silly packumentCache full:https://registry.npmjs.org/@parcel%2fwatcher cache-miss
1037 http fetch GET 200 https://registry.npmjs.org/@rolldown%2fbinding-win32-arm64-msvc 815ms (cache miss)
1038 silly packumentCache full:https://registry.npmjs.org/@rolldown%2fbinding-win32-arm64-msvc set size:undefined disposed:false
1039 silly fetch manifest buffer-from@^1.0.0
1040 silly packumentCache full:https://registry.npmjs.org/buffer-from cache-miss
1041 http fetch GET 200 https://registry.npmjs.org/immutable 329ms (cache updated)
1042 silly packumentCache full:https://registry.npmjs.org/immutable set size:undefined disposed:false
1043 silly fetch manifest source-map@^0.6.0
1044 silly packumentCache full:https://registry.npmjs.org/source-map cache-miss
1045 http fetch GET 200 https://registry.npmjs.org/source-map 23ms (cache revalidated)
1046 silly packumentCache full:https://registry.npmjs.org/source-map set size:226212 disposed:false
1047 silly fetch manifest graceful-fs@^4.1.2
1048 silly packumentCache full:https://registry.npmjs.org/graceful-fs cache-miss
1049 http fetch GET 200 https://registry.npmjs.org/@rolldown%2fbinding-linux-x64-gnu 2033ms (cache miss)
1050 silly packumentCache full:https://registry.npmjs.org/@rolldown%2fbinding-linux-x64-gnu set size:undefined disposed:false
1051 silly fetch manifest glob-to-regexp@^0.4.1
1052 silly packumentCache full:https://registry.npmjs.org/glob-to-regexp cache-miss
1053 http fetch GET 200 https://registry.npmjs.org/@rolldown%2fbinding-linux-arm64-musl 1555ms (cache miss)
1054 silly packumentCache full:https://registry.npmjs.org/@rolldown%2fbinding-linux-arm64-musl set size:undefined disposed:false
1055 http fetch GET 200 https://registry.npmjs.org/glob-to-regexp 29ms (cache revalidated)
1056 silly packumentCache full:https://registry.npmjs.org/glob-to-regexp set size:15844 disposed:false
1057 http fetch GET 200 https://registry.npmjs.org/@parcel%2fwatcher 442ms (cache updated)
1058 silly packumentCache full:https://registry.npmjs.org/@parcel%2fwatcher set size:undefined disposed:false
1059 http fetch GET 200 https://registry.npmjs.org/graceful-fs 250ms (cache revalidated)
1060 silly packumentCache full:https://registry.npmjs.org/graceful-fs set size:124285 disposed:false
1061 http fetch GET 200 https://registry.npmjs.org/buffer-from 477ms (cache revalidated)
1062 silly packumentCache full:https://registry.npmjs.org/buffer-from set size:15463 disposed:false
1063 http fetch GET 200 https://registry.npmjs.org/@rolldown%2fbinding-linux-arm-gnueabihf 2123ms (cache miss)
1064 silly packumentCache full:https://registry.npmjs.org/@rolldown%2fbinding-linux-arm-gnueabihf set size:undefined disposed:false
1065 http fetch GET 200 https://registry.npmjs.org/electron-to-chromium 8226ms (cache updated)
1066 silly packumentCache full:https://registry.npmjs.org/electron-to-chromium set size:undefined disposed:false
1067 silly placeDep ROOT @jridgewell/gen-mapping@0.3.13 OK for: @ampproject/remapping@2.3.0 want: ^0.3.5
1068 silly placeDep ROOT @jridgewell/trace-mapping@0.3.31 OK for: @ampproject/remapping@2.3.0 want: ^0.3.24
1069 silly fetch manifest @jridgewell/sourcemap-codec@^1.5.0
1070 silly packumentCache full:https://registry.npmjs.org/@jridgewell%2fsourcemap-codec cache-hit
1071 silly fetch manifest @jridgewell/resolve-uri@^3.1.0
1072 silly packumentCache full:https://registry.npmjs.org/@jridgewell%2fresolve-uri cache-miss
1073 http fetch GET 200 https://registry.npmjs.org/@jridgewell%2fresolve-uri 80ms (cache revalidated)
1074 silly packumentCache full:https://registry.npmjs.org/@jridgewell%2fresolve-uri set size:57361 disposed:false
1075 silly placeDep ROOT @angular-devkit/core@21.2.11 OK for: @angular-devkit/architect@0.2102.11 want: 21.2.11
1076 silly fetch manifest ajv@8.18.0
1077 silly packumentCache full:https://registry.npmjs.org/ajv cache-miss
1078 silly fetch manifest source-map@0.7.6
1079 silly packumentCache full:https://registry.npmjs.org/source-map cache-hit
1080 silly fetch manifest ajv-formats@3.0.1
1081 silly packumentCache full:https://registry.npmjs.org/ajv-formats cache-miss
1082 http fetch GET 200 https://registry.npmjs.org/ajv-formats 24ms (cache revalidated)
1083 silly packumentCache full:https://registry.npmjs.org/ajv-formats set size:141264 disposed:false
1084 http fetch GET 200 https://registry.npmjs.org/ajv 256ms (cache revalidated)
1085 silly packumentCache full:https://registry.npmjs.org/ajv set size:1142658 disposed:false
1086 silly placeDep ROOT ajv@8.18.0 OK for: @angular-devkit/core@21.2.11 want: 8.18.0
1087 silly placeDep ROOT ajv-formats@3.0.1 OK for: @angular-devkit/core@21.2.11 want: 3.0.1
1088 silly placeDep ROOT source-map@0.7.6 OK for: @angular-devkit/core@21.2.11 want: 0.7.6
1089 silly fetch manifest fast-uri@^3.0.1
1090 silly packumentCache full:https://registry.npmjs.org/fast-uri cache-miss
1091 silly fetch manifest fast-deep-equal@^3.1.3
1092 silly packumentCache full:https://registry.npmjs.org/fast-deep-equal cache-miss
1093 silly fetch manifest require-from-string@^2.0.2
1094 silly packumentCache full:https://registry.npmjs.org/require-from-string cache-miss
1095 silly fetch manifest json-schema-traverse@^1.0.0
1096 silly packumentCache full:https://registry.npmjs.org/json-schema-traverse cache-miss
1097 http fetch GET 200 https://registry.npmjs.org/require-from-string 21ms (cache revalidated)
1098 silly packumentCache full:https://registry.npmjs.org/require-from-string set size:15128 disposed:false
1099 http fetch GET 200 https://registry.npmjs.org/json-schema-traverse 24ms (cache revalidated)
1100 silly packumentCache full:https://registry.npmjs.org/json-schema-traverse set size:23537 disposed:false
1101 http fetch GET 200 https://registry.npmjs.org/fast-deep-equal 26ms (cache revalidated)
1102 silly packumentCache full:https://registry.npmjs.org/fast-deep-equal set size:48634 disposed:false
1103 http fetch GET 200 https://registry.npmjs.org/fast-uri 30ms (cache revalidated)
1104 silly packumentCache full:https://registry.npmjs.org/fast-uri set size:68147 disposed:false
1105 silly fetch manifest @cfworker/json-schema@^4.1.1
1106 silly packumentCache full:https://registry.npmjs.org/@cfworker%2fjson-schema cache-miss
1107 http fetch GET 200 https://registry.npmjs.org/@cfworker%2fjson-schema 34ms (cache revalidated)
1108 silly packumentCache full:https://registry.npmjs.org/@cfworker%2fjson-schema set size:144207 disposed:false
1109 silly placeDep ROOT @angular-devkit/schematics@21.2.11 OK for: @angular/cli@21.2.11 want: 21.2.11
1110 silly placeDep ROOT @inquirer/prompts@7.10.1 OK for: @angular/cli@21.2.11 want: 7.10.1
1111 silly placeDep ROOT @listr2/prompt-adapter-inquirer@3.0.5 OK for: @angular/cli@21.2.11 want: 3.0.5
1112 silly placeDep ROOT @modelcontextprotocol/sdk@1.26.0 OK for: @angular/cli@21.2.11 want: 1.26.0
1113 silly placeDep ROOT @schematics/angular@21.2.11 OK for: @angular/cli@21.2.11 want: 21.2.11
1114 silly placeDep ROOT @yarnpkg/lockfile@1.1.0 OK for: @angular/cli@21.2.11 want: 1.1.0
1115 silly placeDep ROOT algoliasearch@5.48.1 OK for: @angular/cli@21.2.11 want: 5.48.1
1116 silly placeDep ROOT ini@6.0.0 OK for: @angular/cli@21.2.11 want: 6.0.0
1117 silly placeDep ROOT npm-package-arg@13.0.2 OK for: @angular/cli@21.2.11 want: 13.0.2
1118 silly placeDep ROOT pacote@21.3.1 OK for: @angular/cli@21.2.11 want: 21.3.1
1119 silly placeDep ROOT yargs@18.0.0 OK for: @angular/cli@21.2.11 want: 18.0.0
1120 silly placeDep ROOT zod@4.3.6 OK for: @angular/cli@21.2.11 want: 4.3.6
1121 silly fetch manifest ora@9.3.0
1122 silly packumentCache full:https://registry.npmjs.org/ora cache-miss
1123 silly fetch manifest @inquirer/input@^4.3.1
1124 silly packumentCache full:https://registry.npmjs.org/@inquirer%2finput cache-miss
1125 silly fetch manifest @inquirer/editor@^4.2.23
1126 silly packumentCache full:https://registry.npmjs.org/@inquirer%2feditor cache-miss
1127 silly fetch manifest @inquirer/expand@^4.0.23
1128 silly packumentCache full:https://registry.npmjs.org/@inquirer%2fexpand cache-miss
1129 silly fetch manifest @inquirer/number@^3.0.23
1130 silly packumentCache full:https://registry.npmjs.org/@inquirer%2fnumber cache-miss
1131 silly fetch manifest @inquirer/search@^3.2.2
1132 silly packumentCache full:https://registry.npmjs.org/@inquirer%2fsearch cache-miss
1133 silly fetch manifest @inquirer/select@^4.4.2
1134 silly packumentCache full:https://registry.npmjs.org/@inquirer%2fselect cache-miss
1135 http fetch GET 200 https://registry.npmjs.org/ora 25ms (cache revalidated)
1136 silly packumentCache full:https://registry.npmjs.org/ora set size:144913 disposed:false
1137 silly fetch manifest @inquirer/rawlist@^4.1.11
1138 silly packumentCache full:https://registry.npmjs.org/@inquirer%2frawlist cache-miss
1139 http fetch GET 200 https://registry.npmjs.org/@inquirer%2fexpand 37ms (cache revalidated)
1140 silly packumentCache full:https://registry.npmjs.org/@inquirer%2fexpand set size:317238 disposed:false
1141 silly fetch manifest @inquirer/checkbox@^4.3.2
1142 silly packumentCache full:https://registry.npmjs.org/@inquirer%2fcheckbox cache-miss
1143 http fetch GET 200 https://registry.npmjs.org/@inquirer%2feditor 42ms (cache revalidated)
1144 silly packumentCache full:https://registry.npmjs.org/@inquirer%2feditor set size:315450 disposed:false
1145 silly fetch manifest @inquirer/password@^4.0.23
1146 silly packumentCache full:https://registry.npmjs.org/@inquirer%2fpassword cache-miss
1147 http fetch GET 200 https://registry.npmjs.org/@inquirer%2fsearch 45ms (cache revalidated)
1148 silly packumentCache full:https://registry.npmjs.org/@inquirer%2fsearch set size:138028 disposed:false
1149 silly fetch manifest @inquirer/type@^3.0.8
1150 silly packumentCache full:https://registry.npmjs.org/@inquirer%2ftype cache-hit
1151 silly fetch manifest zod@^3.25 || ^4.0
1152 silly packumentCache full:https://registry.npmjs.org/zod cache-miss
1153 http fetch GET 200 https://registry.npmjs.org/@inquirer%2finput 50ms (cache revalidated)
1154 silly packumentCache full:https://registry.npmjs.org/@inquirer%2finput set size:312113 disposed:false
1155 silly fetch manifest cors@^2.8.5
1156 silly packumentCache full:https://registry.npmjs.org/cors cache-miss
1157 http fetch GET 200 https://registry.npmjs.org/@inquirer%2fselect 53ms (cache revalidated)
1158 silly packumentCache full:https://registry.npmjs.org/@inquirer%2fselect set size:330046 disposed:false
1159 silly fetch manifest hono@^4.11.4
1160 silly packumentCache full:https://registry.npmjs.org/hono cache-miss
1161 http cache https://registry.npmjs.org/zod 16ms (cache hit)
1162 silly packumentCache full:https://registry.npmjs.org/zod set size:3552562 disposed:false
1163 silly fetch manifest jose@^6.1.3
1164 silly packumentCache full:https://registry.npmjs.org/jose cache-miss
1165 http fetch GET 200 https://registry.npmjs.org/@inquirer%2fnumber 141ms (cache revalidated)
1166 silly packumentCache full:https://registry.npmjs.org/@inquirer%2fnumber set size:137698 disposed:false
1167 silly fetch manifest express@^5.2.1
1168 silly packumentCache full:https://registry.npmjs.org/express cache-miss
1169 http fetch GET 200 https://registry.npmjs.org/@inquirer%2frawlist 117ms (cache revalidated)
1170 silly packumentCache full:https://registry.npmjs.org/@inquirer%2frawlist set size:283761 disposed:false
1171 silly fetch manifest raw-body@^3.0.0
1172 silly packumentCache full:https://registry.npmjs.org/raw-body cache-miss
1173 http fetch GET 200 https://registry.npmjs.org/hono 105ms (cache revalidated)
1174 silly packumentCache full:https://registry.npmjs.org/hono set size:5698400 disposed:false
1175 silly fetch manifest cross-spawn@^7.0.5
1176 silly packumentCache full:https://registry.npmjs.org/cross-spawn cache-miss
1177 http fetch GET 200 https://registry.npmjs.org/jose 111ms (cache revalidated)
1178 silly packumentCache full:https://registry.npmjs.org/jose set size:1413195 disposed:false
1179 silly fetch manifest eventsource@^3.0.2
1180 silly packumentCache full:https://registry.npmjs.org/eventsource cache-miss
1181 http fetch GET 200 https://registry.npmjs.org/raw-body 57ms (cache revalidated)
1182 silly packumentCache full:https://registry.npmjs.org/raw-body set size:117822 disposed:false
1183 silly fetch manifest content-type@^1.0.5
1184 silly packumentCache full:https://registry.npmjs.org/content-type cache-miss
1185 http fetch GET 200 https://registry.npmjs.org/@inquirer%2fpassword 159ms (cache revalidated)
1186 silly packumentCache full:https://registry.npmjs.org/@inquirer%2fpassword set size:313946 disposed:false
1187 silly fetch manifest pkce-challenge@^5.0.0
1188 silly packumentCache full:https://registry.npmjs.org/pkce-challenge cache-miss
1189 http fetch GET 200 https://registry.npmjs.org/express 63ms (cache revalidated)
1190 silly packumentCache full:https://registry.npmjs.org/express set size:804926 disposed:false
1191 silly fetch manifest @hono/node-server@^1.19.9
1192 silly packumentCache full:https://registry.npmjs.org/@hono%2fnode-server cache-miss
1193 http fetch GET 200 https://registry.npmjs.org/cross-spawn 42ms (cache revalidated)
1194 silly packumentCache full:https://registry.npmjs.org/cross-spawn set size:109066 disposed:false
1195 silly fetch manifest json-schema-typed@^8.0.2
1196 silly packumentCache full:https://registry.npmjs.org/json-schema-typed cache-miss
1197 http fetch GET 200 https://registry.npmjs.org/content-type 26ms (cache revalidated)
1198 silly packumentCache full:https://registry.npmjs.org/content-type set size:18994 disposed:false
1199 silly fetch manifest eventsource-parser@^3.0.0
1200 silly packumentCache full:https://registry.npmjs.org/eventsource-parser cache-miss
1201 http fetch GET 200 https://registry.npmjs.org/eventsource 36ms (cache revalidated)
1202 silly packumentCache full:https://registry.npmjs.org/eventsource set size:128214 disposed:false
1203 silly fetch manifest express-rate-limit@^8.2.1
1204 silly packumentCache full:https://registry.npmjs.org/express-rate-limit cache-miss
1205 http fetch GET 200 https://registry.npmjs.org/pkce-challenge 29ms (cache revalidated)
1206 silly packumentCache full:https://registry.npmjs.org/pkce-challenge set size:37734 disposed:false
1207 silly fetch manifest zod-to-json-schema@^3.25.1
1208 silly packumentCache full:https://registry.npmjs.org/zod-to-json-schema cache-miss
1209 http fetch GET 200 https://registry.npmjs.org/json-schema-typed 20ms (cache revalidated)
1210 silly packumentCache full:https://registry.npmjs.org/json-schema-typed set size:26165 disposed:false
1211 silly fetch manifest @algolia/abtesting@1.14.1
1212 silly packumentCache full:https://registry.npmjs.org/@algolia%2fabtesting cache-miss
1213 http fetch GET 200 https://registry.npmjs.org/@hono%2fnode-server 41ms (cache revalidated)
1214 silly packumentCache full:https://registry.npmjs.org/@hono%2fnode-server set size:251493 disposed:false
1215 silly fetch manifest @algolia/ingestion@1.48.1
1216 silly packumentCache full:https://registry.npmjs.org/@algolia%2fingestion cache-miss
1217 http fetch GET 200 https://registry.npmjs.org/eventsource-parser 23ms (cache revalidated)
1218 silly packumentCache full:https://registry.npmjs.org/eventsource-parser set size:72949 disposed:false
1219 silly fetch manifest @algolia/recommend@5.48.1
1220 silly packumentCache full:https://registry.npmjs.org/@algolia%2frecommend cache-miss
1221 http fetch GET 200 https://registry.npmjs.org/@algolia%2fabtesting 35ms (cache revalidated)
1222 silly packumentCache full:https://registry.npmjs.org/@algolia%2fabtesting set size:306493 disposed:false
1223 silly fetch manifest @algolia/monitoring@1.48.1
1224 silly packumentCache full:https://registry.npmjs.org/@algolia%2fmonitoring cache-miss
1225 http fetch GET 200 https://registry.npmjs.org/@algolia%2fingestion 37ms (cache revalidated)
1226 silly packumentCache full:https://registry.npmjs.org/@algolia%2fingestion set size:1469710 disposed:false
1227 silly fetch manifest @algolia/client-common@5.48.1
1228 silly packumentCache full:https://registry.npmjs.org/@algolia%2fclient-common cache-miss
1229 http fetch GET 200 https://registry.npmjs.org/@algolia%2frecommend 45ms (cache revalidated)
1230 silly packumentCache full:https://registry.npmjs.org/@algolia%2frecommend set size:743715 disposed:false
1231 silly fetch manifest @algolia/client-search@5.48.1
1232 silly packumentCache full:https://registry.npmjs.org/@algolia%2fclient-search cache-miss
1233 http fetch GET 200 https://registry.npmjs.org/@algolia%2fmonitoring 44ms (cache revalidated)
1234 silly packumentCache full:https://registry.npmjs.org/@algolia%2fmonitoring set size:1140306 disposed:false
1235 silly fetch manifest @algolia/client-insights@5.48.1
1236 silly packumentCache full:https://registry.npmjs.org/@algolia%2fclient-insights cache-miss
1237 http fetch GET 200 https://registry.npmjs.org/@algolia%2fclient-search 37ms (cache revalidated)
1238 silly packumentCache full:https://registry.npmjs.org/@algolia%2fclient-search set size:963064 disposed:false
1239 silly fetch manifest @algolia/requester-fetch@5.48.1
1240 silly packumentCache full:https://registry.npmjs.org/@algolia%2frequester-fetch cache-miss
1241 http fetch GET 200 https://registry.npmjs.org/@algolia%2fclient-insights 33ms (cache revalidated)
1242 silly packumentCache full:https://registry.npmjs.org/@algolia%2fclient-insights set size:641489 disposed:false
1243 silly fetch manifest @algolia/client-abtesting@5.48.1
1244 silly packumentCache full:https://registry.npmjs.org/@algolia%2fclient-abtesting cache-miss
1245 http fetch GET 200 https://registry.npmjs.org/@algolia%2frequester-fetch 33ms (cache revalidated)
1246 silly packumentCache full:https://registry.npmjs.org/@algolia%2frequester-fetch set size:1784379 disposed:false
1247 silly fetch manifest @algolia/client-analytics@5.48.1
1248 silly packumentCache full:https://registry.npmjs.org/@algolia%2fclient-analytics cache-miss
1249 http fetch GET 200 https://registry.npmjs.org/cors 338ms (cache revalidated)
1250 silly packumentCache full:https://registry.npmjs.org/cors set size:77956 disposed:false
1251 silly fetch manifest @algolia/requester-node-http@5.48.1
1252 silly packumentCache full:https://registry.npmjs.org/@algolia%2frequester-node-http cache-miss
1253 http fetch GET 200 https://registry.npmjs.org/@inquirer%2fcheckbox 359ms (cache revalidated)
1254 silly packumentCache full:https://registry.npmjs.org/@inquirer%2fcheckbox set size:341262 disposed:false
1255 silly fetch manifest @algolia/requester-browser-xhr@5.48.1
1256 silly packumentCache full:https://registry.npmjs.org/@algolia%2frequester-browser-xhr cache-miss
1257 http fetch GET 200 https://registry.npmjs.org/@algolia%2fclient-abtesting 52ms (cache revalidated)
1258 silly packumentCache full:https://registry.npmjs.org/@algolia%2fclient-abtesting set size:1671793 disposed:false
1259 silly fetch manifest @algolia/client-personalization@5.48.1
1260 silly packumentCache full:https://registry.npmjs.org/@algolia%2fclient-personalization cache-miss
1261 http fetch GET 200 https://registry.npmjs.org/@algolia%2fclient-analytics 49ms (cache revalidated)
1262 silly packumentCache full:https://registry.npmjs.org/@algolia%2fclient-analytics set size:969845 disposed:false
1263 silly fetch manifest @algolia/client-query-suggestions@5.48.1
1264 silly packumentCache full:https://registry.npmjs.org/@algolia%2fclient-query-suggestions cache-miss
1265 http fetch GET 200 https://registry.npmjs.org/@algolia%2frequester-browser-xhr 66ms (cache revalidated)
1266 silly packumentCache full:https://registry.npmjs.org/@algolia%2frequester-browser-xhr set size:886753 disposed:false
1267 silly fetch manifest proc-log@^6.0.0
1268 silly packumentCache full:https://registry.npmjs.org/proc-log cache-miss
1269 http fetch GET 200 https://registry.npmjs.org/express-rate-limit 239ms (cache revalidated)
1270 silly packumentCache full:https://registry.npmjs.org/express-rate-limit set size:443601 disposed:false
1271 silly fetch manifest hosted-git-info@^9.0.0
1272 silly packumentCache full:https://registry.npmjs.org/hosted-git-info cache-miss
1273 http fetch GET 200 https://registry.npmjs.org/@algolia%2fclient-personalization 43ms (cache revalidated)
1274 silly packumentCache full:https://registry.npmjs.org/@algolia%2fclient-personalization set size:1932271 disposed:false
1275 silly fetch manifest validate-npm-package-name@^7.0.0
1276 silly packumentCache full:https://registry.npmjs.org/validate-npm-package-name cache-miss
1277 http fetch GET 200 https://registry.npmjs.org/zod-to-json-schema 251ms (cache revalidated)
1278 silly packumentCache full:https://registry.npmjs.org/zod-to-json-schema set size:309584 disposed:false
1279 silly fetch manifest tar@^7.4.3
1280 silly packumentCache full:https://registry.npmjs.org/tar cache-miss
1281 http fetch GET 200 https://registry.npmjs.org/proc-log 27ms (cache revalidated)
1282 silly packumentCache full:https://registry.npmjs.org/proc-log set size:35852 disposed:false
1283 silly fetch manifest ssri@^13.0.0
1284 silly packumentCache full:https://registry.npmjs.org/ssri cache-miss
1285 http fetch GET 200 https://registry.npmjs.org/validate-npm-package-name 25ms (cache revalidated)
1286 silly packumentCache full:https://registry.npmjs.org/validate-npm-package-name set size:51156 disposed:false
1287 silly fetch manifest cacache@^20.0.0
1288 silly packumentCache full:https://registry.npmjs.org/cacache cache-miss
1289 http fetch GET 200 https://registry.npmjs.org/tar 21ms (cache revalidated)
1290 silly packumentCache full:https://registry.npmjs.org/tar set size:544656 disposed:false
1291 silly fetch manifest minipass@^7.0.2
1292 silly packumentCache full:https://registry.npmjs.org/minipass cache-miss
1293 http fetch GET 200 https://registry.npmjs.org/hosted-git-info 39ms (cache revalidated)
1294 silly packumentCache full:https://registry.npmjs.org/hosted-git-info set size:187344 disposed:false
1295 silly fetch manifest sigstore@^4.0.0
1296 silly packumentCache full:https://registry.npmjs.org/sigstore cache-miss
1297 http fetch GET 200 https://registry.npmjs.org/ssri 23ms (cache revalidated)
1298 silly packumentCache full:https://registry.npmjs.org/ssri set size:139044 disposed:false
1299 silly fetch manifest @npmcli/git@^7.0.0
1300 silly packumentCache full:https://registry.npmjs.org/@npmcli%2fgit cache-miss
1301 http fetch GET 200 https://registry.npmjs.org/minipass 24ms (cache revalidated)
1302 silly packumentCache full:https://registry.npmjs.org/minipass set size:276925 disposed:false
1303 silly fetch manifest fs-minipass@^3.0.0
1304 silly packumentCache full:https://registry.npmjs.org/fs-minipass cache-miss
1305 http fetch GET 200 https://registry.npmjs.org/cacache 30ms (cache revalidated)
1306 silly packumentCache full:https://registry.npmjs.org/cacache set size:382677 disposed:false
1307 silly fetch manifest npm-packlist@^10.0.1
1308 silly packumentCache full:https://registry.npmjs.org/npm-packlist cache-miss
1309 http fetch GET 200 https://registry.npmjs.org/@algolia%2fclient-common 248ms (cache revalidated)
1310 silly packumentCache full:https://registry.npmjs.org/@algolia%2fclient-common set size:849865 disposed:false
1311 silly fetch manifest promise-retry@^2.0.1
1312 silly packumentCache full:https://registry.npmjs.org/promise-retry cache-miss
1313 http fetch GET 200 https://registry.npmjs.org/@npmcli%2fgit 37ms (cache revalidated)
1314 silly packumentCache full:https://registry.npmjs.org/@npmcli%2fgit set size:113420 disposed:false
1315 silly fetch manifest npm-pick-manifest@^11.0.1
1316 silly packumentCache full:https://registry.npmjs.org/npm-pick-manifest cache-miss
1317 http fetch GET 200 https://registry.npmjs.org/fs-minipass 24ms (cache revalidated)
1318 silly packumentCache full:https://registry.npmjs.org/fs-minipass set size:44606 disposed:false
1319 silly fetch manifest @npmcli/run-script@^10.0.0
1320 silly packumentCache full:https://registry.npmjs.org/@npmcli%2frun-script cache-miss
1321 http fetch GET 200 https://registry.npmjs.org/npm-packlist 20ms (cache revalidated)
1322 silly packumentCache full:https://registry.npmjs.org/npm-packlist set size:191241 disposed:false
1323 silly fetch manifest npm-registry-fetch@^19.0.0
1324 silly packumentCache full:https://registry.npmjs.org/npm-registry-fetch cache-miss
1325 http fetch GET 200 https://registry.npmjs.org/promise-retry 17ms (cache revalidated)
1326 silly packumentCache full:https://registry.npmjs.org/promise-retry set size:34511 disposed:false
1327 silly fetch manifest @npmcli/package-json@^7.0.0
1328 silly packumentCache full:https://registry.npmjs.org/@npmcli%2fpackage-json cache-miss
1329 http fetch GET 200 https://registry.npmjs.org/npm-pick-manifest 108ms (cache revalidated)
1330 silly packumentCache full:https://registry.npmjs.org/npm-pick-manifest set size:102276 disposed:false
1331 silly fetch manifest @npmcli/promise-spawn@^9.0.0
1332 silly packumentCache full:https://registry.npmjs.org/@npmcli%2fpromise-spawn cache-miss
1333 http fetch GET 200 https://registry.npmjs.org/npm-registry-fetch 107ms (cache revalidated)
1334 silly packumentCache full:https://registry.npmjs.org/npm-registry-fetch set size:279367 disposed:false
1335 silly fetch manifest @npmcli/installed-package-contents@^4.0.0
1336 silly packumentCache full:https://registry.npmjs.org/@npmcli%2finstalled-package-contents cache-miss
1337 http fetch GET 200 https://registry.npmjs.org/@npmcli%2frun-script 111ms (cache revalidated)
1338 silly packumentCache full:https://registry.npmjs.org/@npmcli%2frun-script set size:199436 disposed:false
1339 silly fetch manifest cliui@^9.0.1
1340 silly packumentCache full:https://registry.npmjs.org/cliui cache-miss
1341 http fetch GET 200 https://registry.npmjs.org/@algolia%2fclient-query-suggestions 237ms (cache revalidated)
1342 silly packumentCache full:https://registry.npmjs.org/@algolia%2fclient-query-suggestions set size:1694100 disposed:false
1343 silly fetch manifest escalade@^3.1.1
1344 silly packumentCache full:https://registry.npmjs.org/escalade cache-miss
1345 http fetch GET 200 https://registry.npmjs.org/cliui 33ms (cache revalidated)
1346 silly packumentCache full:https://registry.npmjs.org/cliui set size:69089 disposed:false
1347 silly fetch manifest get-caller-file@^2.0.5
1348 silly packumentCache full:https://registry.npmjs.org/get-caller-file cache-miss
1349 http fetch GET 200 https://registry.npmjs.org/escalade 23ms (cache revalidated)
1350 silly packumentCache full:https://registry.npmjs.org/escalade set size:33724 disposed:false
1351 silly fetch manifest string-width@^7.2.0
1352 silly packumentCache full:https://registry.npmjs.org/string-width cache-miss
1353 http fetch GET 200 https://registry.npmjs.org/string-width 22ms (cache revalidated)
1354 silly packumentCache full:https://registry.npmjs.org/string-width set size:70381 disposed:false
1355 silly fetch manifest y18n@^5.0.5
1356 silly packumentCache full:https://registry.npmjs.org/y18n cache-miss
1357 http fetch GET 200 https://registry.npmjs.org/y18n 21ms (cache revalidated)
1358 silly packumentCache full:https://registry.npmjs.org/y18n set size:76155 disposed:false
1359 silly fetch manifest yargs-parser@^22.0.0
1360 silly packumentCache full:https://registry.npmjs.org/yargs-parser cache-miss
1361 http fetch GET 200 https://registry.npmjs.org/yargs-parser 22ms (cache revalidated)
1362 silly packumentCache full:https://registry.npmjs.org/yargs-parser set size:238630 disposed:false
1363 http fetch GET 200 https://registry.npmjs.org/sigstore 331ms (cache revalidated)
1364 silly packumentCache full:https://registry.npmjs.org/sigstore set size:116846 disposed:false
1365 http fetch GET 200 https://registry.npmjs.org/@npmcli%2fpackage-json 326ms (cache revalidated)
1366 silly packumentCache full:https://registry.npmjs.org/@npmcli%2fpackage-json set size:82094 disposed:false
1367 http fetch GET 200 https://registry.npmjs.org/@npmcli%2finstalled-package-contents 226ms (cache revalidated)
1368 silly packumentCache full:https://registry.npmjs.org/@npmcli%2finstalled-package-contents set size:48897 disposed:false
1369 http fetch GET 200 https://registry.npmjs.org/@algolia%2frequester-node-http 547ms (cache revalidated)
1370 silly packumentCache full:https://registry.npmjs.org/@algolia%2frequester-node-http set size:877867 disposed:false
1371 http fetch GET 200 https://registry.npmjs.org/get-caller-file 321ms (cache revalidated)
1372 silly packumentCache full:https://registry.npmjs.org/get-caller-file set size:26456 disposed:false
1373 http fetch GET 200 https://registry.npmjs.org/@npmcli%2fpromise-spawn 545ms (cache revalidated)
1374 silly packumentCache full:https://registry.npmjs.org/@npmcli%2fpromise-spawn set size:68197 disposed:false
1375 silly placeDep ROOT ora@9.3.0 OK for: @angular-devkit/schematics@21.2.11 want: 9.3.0
1376 silly fetch manifest chalk@^5.6.2
1377 silly packumentCache full:https://registry.npmjs.org/chalk cache-miss
1378 silly fetch manifest cli-cursor@^5.0.0
1379 silly packumentCache full:https://registry.npmjs.org/cli-cursor cache-miss
1380 silly fetch manifest log-symbols@^7.0.1
1381 silly packumentCache full:https://registry.npmjs.org/log-symbols cache-miss
1382 silly fetch manifest cli-spinners@^3.2.0
1383 silly packumentCache full:https://registry.npmjs.org/cli-spinners cache-miss
1384 silly fetch manifest string-width@^8.1.0
1385 silly packumentCache full:https://registry.npmjs.org/string-width cache-hit
1386 silly fetch manifest is-interactive@^2.0.0
1387 silly packumentCache full:https://registry.npmjs.org/is-interactive cache-miss
1388 silly fetch manifest stdin-discarder@^0.3.1
1389 silly packumentCache full:https://registry.npmjs.org/stdin-discarder cache-miss
1390 silly fetch manifest is-unicode-supported@^2.1.0
1391 silly packumentCache full:https://registry.npmjs.org/is-unicode-supported cache-miss
1392 http fetch GET 200 https://registry.npmjs.org/cli-cursor 29ms (cache revalidated)
1393 silly packumentCache full:https://registry.npmjs.org/cli-cursor set size:18913 disposed:false
1394 http fetch GET 200 https://registry.npmjs.org/stdin-discarder 28ms (cache revalidated)
1395 silly packumentCache full:https://registry.npmjs.org/stdin-discarder set size:15211 disposed:false
1396 http fetch GET 200 https://registry.npmjs.org/log-symbols 29ms (cache revalidated)
1397 silly packumentCache full:https://registry.npmjs.org/log-symbols set size:31977 disposed:false
1398 http fetch GET 200 https://registry.npmjs.org/chalk 31ms (cache revalidated)
1399 silly packumentCache full:https://registry.npmjs.org/chalk set size:117861 disposed:false
1400 http fetch GET 200 https://registry.npmjs.org/is-unicode-supported 31ms (cache revalidated)
1401 silly packumentCache full:https://registry.npmjs.org/is-unicode-supported set size:19461 disposed:false
1402 http fetch GET 200 https://registry.npmjs.org/is-interactive 401ms (cache revalidated)
1403 silly packumentCache full:https://registry.npmjs.org/is-interactive set size:10692 disposed:false
1404 http fetch GET 200 https://registry.npmjs.org/cli-spinners 403ms (cache revalidated)
1405 silly packumentCache full:https://registry.npmjs.org/cli-spinners set size:67473 disposed:false
1406 silly placeDep ROOT @jridgewell/sourcemap-codec@1.5.5 OK for: @angular/compiler-cli@21.2.13 want: ^1.4.14
1407 silly placeDep ROOT chokidar@5.0.0 OK for: @angular/compiler-cli@21.2.13 want: ^5.0.0
1408 silly placeDep ROOT convert-source-map@1.9.0 OK for: @angular/compiler-cli@21.2.13 want: ^1.5.1
1409 silly placeDep ROOT reflect-metadata@0.2.2 OK for: @angular/compiler-cli@21.2.13 want: ^0.2.0
1410 silly fetch manifest readdirp@^5.0.0
1411 silly packumentCache full:https://registry.npmjs.org/readdirp cache-miss
1412 http fetch GET 200 https://registry.npmjs.org/readdirp 103ms (cache revalidated)
1413 silly packumentCache full:https://registry.npmjs.org/readdirp set size:107589 disposed:false
1414 silly placeDep ROOT @standard-schema/spec@1.1.0 OK for: @angular/forms@21.2.13 want: ^1.0.0
1415 silly fetch manifest @babel/core@^7.0.0
1416 silly packumentCache full:https://registry.npmjs.org/@babel%2fcore cache-miss
1417 http cache https://registry.npmjs.org/@babel%2fcore 5ms (cache hit)
1418 silly packumentCache full:https://registry.npmjs.org/@babel%2fcore set size:768033 disposed:false
1419 silly placeDep ROOT @babel/code-frame@7.29.0 OK for: @babel/core@7.29.0 want: ^7.29.0
1420 silly placeDep ROOT @babel/generator@7.29.1 OK for: @babel/core@7.29.0 want: ^7.29.0
1421 silly placeDep ROOT @babel/helper-compilation-targets@7.28.6 OK for: @babel/core@7.29.0 want: ^7.28.6
1422 silly placeDep ROOT @babel/helper-module-transforms@7.28.6 OK for: @babel/core@7.29.0 want: ^7.28.6
1423 silly placeDep ROOT @babel/helpers@7.29.2 OK for: @babel/core@7.29.0 want: ^7.28.6
1424 silly placeDep ROOT @babel/parser@7.29.3 OK for: @babel/core@7.29.0 want: ^7.29.0
1425 silly placeDep ROOT @babel/template@7.28.6 OK for: @babel/core@7.29.0 want: ^7.28.6
1426 silly placeDep ROOT @babel/traverse@7.29.0 OK for: @babel/core@7.29.0 want: ^7.29.0
1427 silly placeDep ROOT @babel/types@7.29.0 OK for: @babel/core@7.29.0 want: ^7.29.0
1428 silly placeDep ROOT @jridgewell/remapping@2.3.5 OK for: @babel/core@7.29.0 want: ^2.3.5
1429 silly placeDep node_modules/@babel/core convert-source-map@2.0.0 OK for: @babel/core@7.29.0 want: ^2.0.0
1430 silly placeDep ROOT debug@4.4.3 OK for: @babel/core@7.29.0 want: ^4.1.0
1431 silly placeDep ROOT gensync@1.0.0-beta.2 OK for: @babel/core@7.29.0 want: ^1.0.0-beta.2
1432 silly placeDep ROOT json5@2.2.3 OK for: @babel/core@7.29.0 want: ^2.2.3
1433 silly placeDep node_modules/@babel/core semver@6.3.1 OK for: @babel/core@7.29.0 want: ^6.3.1
1434 silly fetch manifest js-tokens@^4.0.0
1435 silly packumentCache full:https://registry.npmjs.org/js-tokens cache-miss
1436 silly fetch manifest @babel/helper-validator-identifier@^7.28.5
1437 silly packumentCache full:https://registry.npmjs.org/@babel%2fhelper-validator-identifier cache-miss
1438 silly fetch manifest jsesc@^3.0.2
1439 silly packumentCache full:https://registry.npmjs.org/jsesc cache-miss
1440 silly fetch manifest lru-cache@^5.1.1
1441 silly packumentCache full:https://registry.npmjs.org/lru-cache cache-miss
1442 silly fetch manifest @babel/compat-data@^7.28.6
1443 silly packumentCache full:https://registry.npmjs.org/@babel%2fcompat-data cache-miss
1444 silly fetch manifest @babel/helper-validator-option@^7.27.1
1445 silly packumentCache full:https://registry.npmjs.org/@babel%2fhelper-validator-option cache-miss
1446 silly fetch manifest @babel/traverse@^7.28.6
1447 silly packumentCache full:https://registry.npmjs.org/@babel%2ftraverse cache-miss
1448 http cache https://registry.npmjs.org/@babel%2ftraverse 9ms (cache hit)
1449 silly packumentCache full:https://registry.npmjs.org/@babel%2ftraverse set size:553169 disposed:false
1450 silly fetch manifest @babel/helper-module-imports@^7.28.6
1451 silly packumentCache full:https://registry.npmjs.org/@babel%2fhelper-module-imports cache-miss
1452 http fetch GET 200 https://registry.npmjs.org/jsesc 27ms (cache revalidated)
1453 silly packumentCache full:https://registry.npmjs.org/jsesc set size:61512 disposed:false
1454 silly fetch manifest @babel/helper-validator-identifier@^7.28.5
1455 silly packumentCache full:https://registry.npmjs.org/@babel%2fhelper-validator-identifier cache-miss
1456 http fetch GET 200 https://registry.npmjs.org/js-tokens 31ms (cache revalidated)
1457 silly packumentCache full:https://registry.npmjs.org/js-tokens set size:41947 disposed:false
1458 silly fetch manifest @babel/types@^7.28.6
1459 silly packumentCache full:https://registry.npmjs.org/@babel%2ftypes cache-miss
1460 http cache https://registry.npmjs.org/@babel%2ftypes 2ms (cache hit)
1461 silly packumentCache full:https://registry.npmjs.org/@babel%2ftypes set size:491978 disposed:false
1462 silly fetch manifest debug@^4.3.1
1463 silly packumentCache full:https://registry.npmjs.org/debug cache-hit
1464 silly fetch manifest @babel/helper-globals@^7.28.0
1465 silly packumentCache full:https://registry.npmjs.org/@babel%2fhelper-globals cache-miss
1466 http fetch GET 200 https://registry.npmjs.org/lru-cache 37ms (cache revalidated)
1467 silly packumentCache full:https://registry.npmjs.org/lru-cache set size:443567 disposed:false
1468 silly fetch manifest @babel/helper-string-parser@^7.27.1
1469 silly packumentCache full:https://registry.npmjs.org/@babel%2fhelper-string-parser cache-miss
1470 http fetch GET 200 https://registry.npmjs.org/@babel%2fhelper-globals 42ms (cache updated)
1471 silly packumentCache full:https://registry.npmjs.org/@babel%2fhelper-globals set size:undefined disposed:false
1472 silly fetch manifest @babel/helper-validator-identifier@^7.28.5
1473 silly packumentCache full:https://registry.npmjs.org/@babel%2fhelper-validator-identifier cache-miss
1474 http fetch GET 200 https://registry.npmjs.org/@babel%2fhelper-module-imports 73ms (cache updated)
1475 silly packumentCache full:https://registry.npmjs.org/@babel%2fhelper-module-imports set size:undefined disposed:false
1476 silly fetch manifest ms@^2.1.3
1477 silly packumentCache full:https://registry.npmjs.org/ms cache-miss
1478 http fetch GET 200 https://registry.npmjs.org/ms 25ms (cache revalidated)
1479 silly packumentCache full:https://registry.npmjs.org/ms set size:92208 disposed:false
1480 http fetch GET 200 https://registry.npmjs.org/@babel%2fcompat-data 120ms (cache updated)
1481 silly packumentCache full:https://registry.npmjs.org/@babel%2fcompat-data set size:undefined disposed:false
1482 http fetch GET 200 https://registry.npmjs.org/@babel%2fhelper-string-parser 88ms (cache updated)
1483 silly packumentCache full:https://registry.npmjs.org/@babel%2fhelper-string-parser set size:undefined disposed:false
1484 http fetch GET 200 https://registry.npmjs.org/@babel%2fhelper-validator-identifier 149ms (cache updated)
1485 silly packumentCache full:https://registry.npmjs.org/@babel%2fhelper-validator-identifier set size:undefined disposed:false
1486 http fetch GET 200 https://registry.npmjs.org/@babel%2fhelper-validator-identifier 98ms (cache updated)
1487 silly packumentCache full:https://registry.npmjs.org/@babel%2fhelper-validator-identifier set size:undefined disposed:false
1488 http fetch GET 200 https://registry.npmjs.org/@babel%2fhelper-validator-identifier 302ms (cache updated)
1489 silly packumentCache full:https://registry.npmjs.org/@babel%2fhelper-validator-identifier set size:undefined disposed:false
1490 http fetch GET 200 https://registry.npmjs.org/@babel%2fhelper-validator-option 752ms (cache updated)
1491 silly packumentCache full:https://registry.npmjs.org/@babel%2fhelper-validator-option set size:undefined disposed:false
1492 silly placeDep ROOT @babel/helper-validator-identifier@7.28.5 OK for: @babel/code-frame@7.29.0 want: ^7.28.5
1493 silly placeDep ROOT js-tokens@4.0.0 OK for: @babel/code-frame@7.29.0 want: ^4.0.0
1494 silly placeDep ROOT picocolors@1.1.1 OK for: @babel/code-frame@7.29.0 want: ^1.1.1
1495 silly placeDep ROOT jsesc@3.1.0 OK for: @babel/generator@7.29.1 want: ^3.0.2
1496 silly placeDep ROOT @babel/compat-data@7.29.3 OK for: @babel/helper-compilation-targets@7.28.6 want: ^7.28.6
1497 silly placeDep ROOT @babel/helper-validator-option@7.27.1 OK for: @babel/helper-compilation-targets@7.28.6 want: ^7.27.1
1498 silly placeDep ROOT lru-cache@5.1.1 OK for: @babel/helper-compilation-targets@7.28.6 want: ^5.1.1
1499 silly placeDep node_modules/@babel/helper-compilation-targets semver@6.3.1 OK for: @babel/helper-compilation-targets@7.28.6 want: ^6.3.1
1500 silly fetch manifest yallist@^3.0.2
1501 silly packumentCache full:https://registry.npmjs.org/yallist cache-miss
1502 http fetch GET 200 https://registry.npmjs.org/yallist 30ms (cache revalidated)
1503 silly packumentCache full:https://registry.npmjs.org/yallist set size:34610 disposed:false
1504 silly placeDep ROOT @babel/helper-module-imports@7.28.6 OK for: @babel/helper-module-transforms@7.28.6 want: ^7.28.6
1505 silly placeDep ROOT @babel/helper-globals@7.28.0 OK for: @babel/traverse@7.29.0 want: ^7.28.0
1506 silly placeDep ROOT @babel/helper-string-parser@7.27.1 OK for: @babel/types@7.29.0 want: ^7.27.1
1507 silly placeDep ROOT @inquirer/core@10.3.2 OK for: @inquirer/confirm@5.1.21 want: ^10.3.2
1508 silly placeDep ROOT @inquirer/type@3.0.10 OK for: @inquirer/confirm@5.1.21 want: ^3.0.10
1509 silly fetch manifest cli-width@^4.1.0
1510 silly packumentCache full:https://registry.npmjs.org/cli-width cache-miss
1511 silly fetch manifest wrap-ansi@^6.2.0
1512 silly packumentCache full:https://registry.npmjs.org/wrap-ansi cache-hit
1513 silly fetch manifest mute-stream@^2.0.0
1514 silly packumentCache full:https://registry.npmjs.org/mute-stream cache-miss
1515 silly fetch manifest signal-exit@^4.1.0
1516 silly packumentCache full:https://registry.npmjs.org/signal-exit cache-miss
1517 silly fetch manifest @inquirer/ansi@^1.0.2
1518 silly packumentCache full:https://registry.npmjs.org/@inquirer%2fansi cache-miss
1519 silly fetch manifest yoctocolors-cjs@^2.1.3
1520 silly packumentCache full:https://registry.npmjs.org/yoctocolors-cjs cache-miss
1521 silly fetch manifest @inquirer/figures@^1.0.15
1522 silly packumentCache full:https://registry.npmjs.org/@inquirer%2ffigures cache-miss
1523 http fetch GET 200 https://registry.npmjs.org/mute-stream 23ms (cache revalidated)
1524 silly packumentCache full:https://registry.npmjs.org/mute-stream set size:24469 disposed:false
1525 http fetch GET 200 https://registry.npmjs.org/cli-width 26ms (cache revalidated)
1526 silly packumentCache full:https://registry.npmjs.org/cli-width set size:24976 disposed:false
1527 http fetch GET 200 https://registry.npmjs.org/signal-exit 25ms (cache revalidated)
1528 silly packumentCache full:https://registry.npmjs.org/signal-exit set size:53489 disposed:false
1529 http fetch GET 200 https://registry.npmjs.org/yoctocolors-cjs 30ms (cache revalidated)
1530 silly packumentCache full:https://registry.npmjs.org/yoctocolors-cjs set size:12865 disposed:false
1531 http fetch GET 200 https://registry.npmjs.org/@inquirer%2fansi 38ms (cache revalidated)
1532 silly packumentCache full:https://registry.npmjs.org/@inquirer%2fansi set size:24508 disposed:false
1533 http fetch GET 200 https://registry.npmjs.org/@inquirer%2ffigures 385ms (cache revalidated)
1534 silly packumentCache full:https://registry.npmjs.org/@inquirer%2ffigures set size:52687 disposed:false
1535 silly placeDep ROOT @inquirer/ansi@1.0.2 OK for: @inquirer/core@10.3.2 want: ^1.0.2
1536 silly placeDep ROOT @inquirer/figures@1.0.15 OK for: @inquirer/core@10.3.2 want: ^1.0.15
1537 silly placeDep ROOT cli-width@4.1.0 OK for: @inquirer/core@10.3.2 want: ^4.1.0
1538 silly placeDep ROOT mute-stream@2.0.0 OK for: @inquirer/core@10.3.2 want: ^2.0.0
1539 silly placeDep ROOT signal-exit@4.1.0 OK for: @inquirer/core@10.3.2 want: ^4.1.0
1540 silly placeDep ROOT wrap-ansi@6.2.0 OK for: @inquirer/core@10.3.2 want: ^6.2.0
1541 silly placeDep ROOT yoctocolors-cjs@2.1.3 OK for: @inquirer/core@10.3.2 want: ^2.1.3
1542 silly fetch manifest strip-ansi@^6.0.0
1543 silly packumentCache full:https://registry.npmjs.org/strip-ansi cache-miss
1544 silly fetch manifest ansi-styles@^4.0.0
1545 silly packumentCache full:https://registry.npmjs.org/ansi-styles cache-miss
1546 silly fetch manifest string-width@^4.1.0
1547 silly packumentCache full:https://registry.npmjs.org/string-width cache-hit
1548 http fetch GET 200 https://registry.npmjs.org/strip-ansi 23ms (cache revalidated)
1549 silly packumentCache full:https://registry.npmjs.org/strip-ansi set size:44998 disposed:false
1550 http fetch GET 200 https://registry.npmjs.org/ansi-styles 24ms (cache revalidated)
1551 silly packumentCache full:https://registry.npmjs.org/ansi-styles set size:63233 disposed:false
1552 silly placeDep ROOT @inquirer/checkbox@4.3.2 OK for: @inquirer/prompts@7.10.1 want: ^4.3.2
1553 silly placeDep ROOT @inquirer/editor@4.2.23 OK for: @inquirer/prompts@7.10.1 want: ^4.2.23
1554 silly placeDep ROOT @inquirer/expand@4.0.23 OK for: @inquirer/prompts@7.10.1 want: ^4.0.23
1555 silly placeDep ROOT @inquirer/input@4.3.1 OK for: @inquirer/prompts@7.10.1 want: ^4.3.1
1556 silly placeDep ROOT @inquirer/number@3.0.23 OK for: @inquirer/prompts@7.10.1 want: ^3.0.23
1557 silly placeDep ROOT @inquirer/password@4.0.23 OK for: @inquirer/prompts@7.10.1 want: ^4.0.23
1558 silly placeDep ROOT @inquirer/rawlist@4.1.11 OK for: @inquirer/prompts@7.10.1 want: ^4.1.11
1559 silly placeDep ROOT @inquirer/search@3.2.2 OK for: @inquirer/prompts@7.10.1 want: ^3.2.2
1560 silly placeDep ROOT @inquirer/select@4.4.2 OK for: @inquirer/prompts@7.10.1 want: ^4.4.2
1561 silly fetch manifest @inquirer/external-editor@^1.0.3
1562 silly packumentCache full:https://registry.npmjs.org/@inquirer%2fexternal-editor cache-miss
1563 http fetch GET 200 https://registry.npmjs.org/@inquirer%2fexternal-editor 34ms (cache revalidated)
1564 silly packumentCache full:https://registry.npmjs.org/@inquirer%2fexternal-editor set size:33131 disposed:false
1565 silly placeDep ROOT @inquirer/external-editor@1.0.3 OK for: @inquirer/editor@4.2.23 want: ^1.0.3
1566 silly fetch manifest chardet@^2.1.1
1567 silly packumentCache full:https://registry.npmjs.org/chardet cache-miss
1568 silly fetch manifest iconv-lite@^0.7.0
1569 silly packumentCache full:https://registry.npmjs.org/iconv-lite cache-miss
1570 http fetch GET 200 https://registry.npmjs.org/chardet 22ms (cache revalidated)
1571 silly packumentCache full:https://registry.npmjs.org/chardet set size:70553 disposed:false
1572 http fetch GET 200 https://registry.npmjs.org/iconv-lite 23ms (cache revalidated)
1573 silly packumentCache full:https://registry.npmjs.org/iconv-lite set size:120557 disposed:false
1574 silly placeDep ROOT chardet@2.1.1 OK for: @inquirer/external-editor@1.0.3 want: ^2.1.1
1575 silly placeDep ROOT iconv-lite@0.7.2 OK for: @inquirer/external-editor@1.0.3 want: ^0.7.0
1576 silly fetch manifest safer-buffer@>= 2.1.2 < 3.0.0
1577 silly packumentCache full:https://registry.npmjs.org/safer-buffer cache-miss
1578 http fetch GET 200 https://registry.npmjs.org/safer-buffer 33ms (cache revalidated)
1579 silly packumentCache full:https://registry.npmjs.org/safer-buffer set size:18521 disposed:false
1580 silly placeDep ROOT @jridgewell/resolve-uri@3.1.2 OK for: @jridgewell/trace-mapping@0.3.31 want: ^3.1.0
1581 silly placeDep ROOT @hono/node-server@1.19.14 OK for: @modelcontextprotocol/sdk@1.26.0 want: ^1.19.9
1582 silly placeDep ROOT hono@4.12.18 OK for: @hono/node-server@1.19.14 want: ^4
1583 silly placeDep ROOT content-type@1.0.5 OK for: @modelcontextprotocol/sdk@1.26.0 want: ^1.0.5
1584 silly placeDep ROOT cors@2.8.6 OK for: @modelcontextprotocol/sdk@1.26.0 want: ^2.8.5
1585 silly placeDep ROOT cross-spawn@7.0.6 OK for: @modelcontextprotocol/sdk@1.26.0 want: ^7.0.5
1586 silly placeDep ROOT eventsource@3.0.7 OK for: @modelcontextprotocol/sdk@1.26.0 want: ^3.0.2
1587 silly placeDep ROOT eventsource-parser@3.0.8 OK for: @modelcontextprotocol/sdk@1.26.0 want: ^3.0.0
1588 silly placeDep ROOT express@5.2.1 OK for: @modelcontextprotocol/sdk@1.26.0 want: ^5.2.1
1589 silly placeDep ROOT express-rate-limit@8.5.2 OK for: @modelcontextprotocol/sdk@1.26.0 want: ^8.2.1
1590 silly placeDep ROOT jose@6.2.3 OK for: @modelcontextprotocol/sdk@1.26.0 want: ^6.1.3
1591 silly placeDep ROOT json-schema-typed@8.0.2 OK for: @modelcontextprotocol/sdk@1.26.0 want: ^8.0.2
1592 silly placeDep ROOT pkce-challenge@5.0.1 OK for: @modelcontextprotocol/sdk@1.26.0 want: ^5.0.0
1593 silly placeDep ROOT raw-body@3.0.2 OK for: @modelcontextprotocol/sdk@1.26.0 want: ^3.0.0
1594 silly placeDep ROOT zod-to-json-schema@3.25.2 OK for: @modelcontextprotocol/sdk@1.26.0 want: ^3.25.1
1595 silly fetch manifest object-assign@^4
1596 silly packumentCache full:https://registry.npmjs.org/object-assign cache-miss
1597 silly fetch manifest vary@^1
1598 silly packumentCache full:https://registry.npmjs.org/vary cache-miss
1599 silly fetch manifest which@^2.0.1
1600 silly packumentCache full:https://registry.npmjs.org/which cache-miss
1601 silly fetch manifest path-key@^3.1.0
1602 silly packumentCache full:https://registry.npmjs.org/path-key cache-miss
1603 silly fetch manifest shebang-command@^2.0.0
1604 silly packumentCache full:https://registry.npmjs.org/shebang-command cache-miss
1605 silly fetch manifest eventsource-parser@^3.0.1
1606 silly packumentCache full:https://registry.npmjs.org/eventsource-parser cache-hit
1607 silly fetch manifest qs@^6.14.0
1608 silly packumentCache full:https://registry.npmjs.org/qs cache-miss
1609 silly fetch manifest depd@^2.0.0
1610 silly packumentCache full:https://registry.npmjs.org/depd cache-miss
1611 http fetch GET 200 https://registry.npmjs.org/path-key 26ms (cache revalidated)
1612 silly packumentCache full:https://registry.npmjs.org/path-key set size:16975 disposed:false
1613 silly fetch manifest etag@^1.8.1
1614 silly packumentCache full:https://registry.npmjs.org/etag cache-miss
1615 http fetch GET 200 https://registry.npmjs.org/object-assign 27ms (cache revalidated)
1616 silly packumentCache full:https://registry.npmjs.org/object-assign set size:28988 disposed:false
1617 silly fetch manifest once@^1.4.0
1618 silly packumentCache full:https://registry.npmjs.org/once cache-miss
1619 http fetch GET 200 https://registry.npmjs.org/vary 28ms (cache revalidated)
1620 silly packumentCache full:https://registry.npmjs.org/vary set size:15994 disposed:false
1621 silly fetch manifest send@^1.1.0
1622 silly packumentCache full:https://registry.npmjs.org/send cache-miss
1623 http fetch GET 200 https://registry.npmjs.org/which 29ms (cache revalidated)
1624 silly packumentCache full:https://registry.npmjs.org/which set size:70143 disposed:false
1625 silly fetch manifest vary@^1.1.2
1626 silly packumentCache full:https://registry.npmjs.org/vary cache-hit
1627 silly fetch manifest fresh@^2.0.0
1628 silly packumentCache full:https://registry.npmjs.org/fresh cache-miss
1629 http fetch GET 200 https://registry.npmjs.org/qs 30ms (cache revalidated)
1630 silly packumentCache full:https://registry.npmjs.org/qs set size:353582 disposed:false
1631 silly fetch manifest cookie@^0.7.1
1632 silly packumentCache full:https://registry.npmjs.org/cookie cache-miss
1633 http fetch GET 200 https://registry.npmjs.org/shebang-command 36ms (cache revalidated)
1634 silly packumentCache full:https://registry.npmjs.org/shebang-command set size:8525 disposed:false
1635 silly fetch manifest router@^2.2.0
1636 silly packumentCache full:https://registry.npmjs.org/router cache-miss
1637 http fetch GET 200 https://registry.npmjs.org/depd 36ms (cache revalidated)
1638 silly packumentCache full:https://registry.npmjs.org/depd set size:40182 disposed:false
1639 silly fetch manifest accepts@^2.0.0
1640 silly packumentCache full:https://registry.npmjs.org/accepts cache-miss
1641 http fetch GET 200 https://registry.npmjs.org/etag 30ms (cache revalidated)
1642 silly packumentCache full:https://registry.npmjs.org/etag set size:30032 disposed:false
1643 silly fetch manifest type-is@^2.0.1
1644 silly packumentCache full:https://registry.npmjs.org/type-is cache-miss
1645 http fetch GET 200 https://registry.npmjs.org/once 32ms (cache revalidated)
1646 silly packumentCache full:https://registry.npmjs.org/once set size:11752 disposed:false
1647 silly fetch manifest parseurl@^1.3.3
1648 silly packumentCache full:https://registry.npmjs.org/parseurl cache-miss
1649 http fetch GET 200 https://registry.npmjs.org/fresh 30ms (cache revalidated)
1650 silly packumentCache full:https://registry.npmjs.org/fresh set size:25427 disposed:false
1651 silly fetch manifest statuses@^2.0.1
1652 silly packumentCache full:https://registry.npmjs.org/statuses cache-miss
1653 http fetch GET 200 https://registry.npmjs.org/send 33ms (cache revalidated)
1654 silly packumentCache full:https://registry.npmjs.org/send set size:152810 disposed:false
1655 silly fetch manifest encodeurl@^2.0.0
1656 silly packumentCache full:https://registry.npmjs.org/encodeurl cache-miss
1657 http fetch GET 200 https://registry.npmjs.org/cookie 29ms (cache revalidated)
1658 silly packumentCache full:https://registry.npmjs.org/cookie set size:72891 disposed:false
1659 silly fetch manifest mime-types@^3.0.0
1660 silly packumentCache full:https://registry.npmjs.org/mime-types cache-miss
1661 http fetch GET 200 https://registry.npmjs.org/router 31ms (cache revalidated)
1662 silly packumentCache full:https://registry.npmjs.org/router set size:116499 disposed:false
1663 silly fetch manifest proxy-addr@^2.0.7
1664 silly packumentCache full:https://registry.npmjs.org/proxy-addr cache-miss
1665 http fetch GET 200 https://registry.npmjs.org/accepts 30ms (cache revalidated)
1666 silly packumentCache full:https://registry.npmjs.org/accepts set size:77054 disposed:false
1667 silly fetch manifest body-parser@^2.2.1
1668 silly packumentCache full:https://registry.npmjs.org/body-parser cache-miss
1669 http fetch GET 200 https://registry.npmjs.org/type-is 27ms (cache revalidated)
1670 silly packumentCache full:https://registry.npmjs.org/type-is set size:88614 disposed:false
1671 silly fetch manifest escape-html@^1.0.3
1672 silly packumentCache full:https://registry.npmjs.org/escape-html cache-miss
1673 http fetch GET 200 https://registry.npmjs.org/encodeurl 27ms (cache revalidated)
1674 silly packumentCache full:https://registry.npmjs.org/encodeurl set size:12296 disposed:false
1675 silly fetch manifest http-errors@^2.0.0
1676 silly packumentCache full:https://registry.npmjs.org/http-errors cache-miss
1677 http fetch GET 200 https://registry.npmjs.org/body-parser 22ms (cache revalidated)
1678 silly packumentCache full:https://registry.npmjs.org/body-parser set size:199299 disposed:false
1679 silly fetch manifest on-finished@^2.4.1
1680 silly packumentCache full:https://registry.npmjs.org/on-finished cache-miss
1681 http fetch GET 200 https://registry.npmjs.org/statuses 31ms (cache revalidated)
1682 silly packumentCache full:https://registry.npmjs.org/statuses set size:37117 disposed:false
1683 silly fetch manifest finalhandler@^2.1.0
1684 silly packumentCache full:https://registry.npmjs.org/finalhandler cache-miss
1685 http fetch GET 200 https://registry.npmjs.org/mime-types 29ms (cache revalidated)
1686 silly packumentCache full:https://registry.npmjs.org/mime-types set size:139110 disposed:false
1687 silly fetch manifest range-parser@^1.2.1
1688 silly packumentCache full:https://registry.npmjs.org/range-parser cache-miss
1689 http fetch GET 200 https://registry.npmjs.org/parseurl 120ms (cache revalidated)
1690 silly packumentCache full:https://registry.npmjs.org/parseurl set size:24148 disposed:false
1691 silly fetch manifest serve-static@^2.2.0
1692 silly packumentCache full:https://registry.npmjs.org/serve-static cache-miss
1693 http fetch GET 200 https://registry.npmjs.org/escape-html 96ms (cache revalidated)
1694 silly packumentCache full:https://registry.npmjs.org/escape-html set size:7345 disposed:false
1695 silly fetch manifest cookie-signature@^1.2.1
1696 silly packumentCache full:https://registry.npmjs.org/cookie-signature cache-miss
1697 http fetch GET 200 https://registry.npmjs.org/proxy-addr 114ms (cache revalidated)
1698 silly packumentCache full:https://registry.npmjs.org/proxy-addr set size:61619 disposed:false
1699 silly fetch manifest merge-descriptors@^2.0.0
1700 silly packumentCache full:https://registry.npmjs.org/merge-descriptors cache-miss
1701 http fetch GET 200 https://registry.npmjs.org/on-finished 103ms (cache revalidated)
1702 silly packumentCache full:https://registry.npmjs.org/on-finished set size:23212 disposed:false
1703 silly fetch manifest content-disposition@^1.0.0
1704 silly packumentCache full:https://registry.npmjs.org/content-disposition cache-miss
1705 http fetch GET 200 https://registry.npmjs.org/http-errors 106ms (cache revalidated)
1706 silly packumentCache full:https://registry.npmjs.org/http-errors set size:71987 disposed:false
1707 silly fetch manifest ip-address@^10.2.0
1708 silly packumentCache full:https://registry.npmjs.org/ip-address cache-miss
1709 http fetch GET 200 https://registry.npmjs.org/range-parser 104ms (cache revalidated)
1710 silly packumentCache full:https://registry.npmjs.org/range-parser set size:22228 disposed:false
1711 silly fetch manifest bytes@~3.1.2
1712 silly packumentCache full:https://registry.npmjs.org/bytes cache-miss
1713 http fetch GET 200 https://registry.npmjs.org/finalhandler 106ms (cache revalidated)
1714 silly packumentCache full:https://registry.npmjs.org/finalhandler set size:79291 disposed:false
1715 silly fetch manifest unpipe@~1.0.0
1716 silly packumentCache full:https://registry.npmjs.org/unpipe cache-miss
1717 http fetch GET 200 https://registry.npmjs.org/serve-static 25ms (cache revalidated)
1718 silly packumentCache full:https://registry.npmjs.org/serve-static set size:150391 disposed:false
1719 silly fetch manifest http-errors@~2.0.1
1720 silly packumentCache full:https://registry.npmjs.org/http-errors cache-hit
1721 http fetch GET 200 https://registry.npmjs.org/cookie-signature 27ms (cache revalidated)
1722 silly packumentCache full:https://registry.npmjs.org/cookie-signature set size:21777 disposed:false
1723 http fetch GET 200 https://registry.npmjs.org/merge-descriptors 28ms (cache revalidated)
1724 silly packumentCache full:https://registry.npmjs.org/merge-descriptors set size:16527 disposed:false
1725 http fetch GET 200 https://registry.npmjs.org/content-disposition 24ms (cache revalidated)
1726 silly packumentCache full:https://registry.npmjs.org/content-disposition set size:40258 disposed:false
1727 http fetch GET 200 https://registry.npmjs.org/ip-address 24ms (cache revalidated)
1728 silly packumentCache full:https://registry.npmjs.org/ip-address set size:171530 disposed:false
1729 http fetch GET 200 https://registry.npmjs.org/bytes 24ms (cache revalidated)
1730 silly packumentCache full:https://registry.npmjs.org/bytes set size:37018 disposed:false
1731 http fetch GET 200 https://registry.npmjs.org/unpipe 24ms (cache revalidated)
1732 silly packumentCache full:https://registry.npmjs.org/unpipe set size:3609 disposed:false
1733 silly placeDep ROOT fast-deep-equal@3.1.3 OK for: ajv@8.18.0 want: ^3.1.3
1734 silly placeDep ROOT fast-uri@3.1.2 OK for: ajv@8.18.0 want: ^3.0.1
1735 silly placeDep ROOT json-schema-traverse@1.0.0 OK for: ajv@8.18.0 want: ^1.0.0
1736 silly placeDep ROOT require-from-string@2.0.2 OK for: ajv@8.18.0 want: ^2.0.2
1737 silly placeDep ROOT @algolia/abtesting@1.14.1 OK for: algoliasearch@5.48.1 want: 1.14.1
1738 silly placeDep ROOT @algolia/client-abtesting@5.48.1 OK for: algoliasearch@5.48.1 want: 5.48.1
1739 silly placeDep ROOT @algolia/client-analytics@5.48.1 OK for: algoliasearch@5.48.1 want: 5.48.1
1740 silly placeDep ROOT @algolia/client-common@5.48.1 OK for: algoliasearch@5.48.1 want: 5.48.1
1741 silly placeDep ROOT @algolia/client-insights@5.48.1 OK for: algoliasearch@5.48.1 want: 5.48.1
1742 silly placeDep ROOT @algolia/client-personalization@5.48.1 OK for: algoliasearch@5.48.1 want: 5.48.1
1743 silly placeDep ROOT @algolia/client-query-suggestions@5.48.1 OK for: algoliasearch@5.48.1 want: 5.48.1
1744 silly placeDep ROOT @algolia/client-search@5.48.1 OK for: algoliasearch@5.48.1 want: 5.48.1
1745 silly placeDep ROOT @algolia/ingestion@1.48.1 OK for: algoliasearch@5.48.1 want: 1.48.1
1746 silly placeDep ROOT @algolia/monitoring@1.48.1 OK for: algoliasearch@5.48.1 want: 1.48.1
1747 silly placeDep ROOT @algolia/recommend@5.48.1 OK for: algoliasearch@5.48.1 want: 5.48.1
1748 silly placeDep ROOT @algolia/requester-browser-xhr@5.48.1 OK for: algoliasearch@5.48.1 want: 5.48.1
1749 silly placeDep ROOT @algolia/requester-fetch@5.48.1 OK for: algoliasearch@5.48.1 want: 5.48.1
1750 silly placeDep ROOT @algolia/requester-node-http@5.48.1 OK for: algoliasearch@5.48.1 want: 5.48.1
1751 silly placeDep ROOT css-select@6.0.0 OK for: beasties@0.4.1 want: ^6.0.0
1752 silly placeDep ROOT css-what@7.0.0 OK for: beasties@0.4.1 want: ^7.0.0
1753 silly placeDep ROOT dom-serializer@2.0.0 OK for: beasties@0.4.1 want: ^2.0.0
1754 silly placeDep ROOT domhandler@5.0.3 OK for: beasties@0.4.1 want: ^5.0.3
1755 silly placeDep ROOT htmlparser2@10.1.0 OK for: beasties@0.4.1 want: ^10.0.0
1756 silly placeDep ROOT postcss@8.5.14 OK for: beasties@0.4.1 want: ^8.4.49
1757 silly placeDep ROOT postcss-media-query-parser@0.2.3 OK for: beasties@0.4.1 want: ^0.2.3
1758 silly placeDep ROOT postcss-safe-parser@7.0.1 OK for: beasties@0.4.1 want: ^7.0.1
1759 silly fetch manifest boolbase@^1.0.0
1760 silly packumentCache full:https://registry.npmjs.org/boolbase cache-miss
1761 silly fetch manifest domutils@^3.2.2
1762 silly packumentCache full:https://registry.npmjs.org/domutils cache-miss
1763 silly fetch manifest nth-check@^2.1.1
1764 silly packumentCache full:https://registry.npmjs.org/nth-check cache-miss
1765 silly fetch manifest entities@^4.2.0
1766 silly packumentCache full:https://registry.npmjs.org/entities cache-hit
1767 silly fetch manifest domhandler@^5.0.2
1768 silly packumentCache full:https://registry.npmjs.org/domhandler cache-miss
1769 silly fetch manifest domelementtype@^2.3.0
1770 silly packumentCache full:https://registry.npmjs.org/domelementtype cache-miss
1771 silly fetch manifest domelementtype@^2.3.0
1772 silly packumentCache full:https://registry.npmjs.org/domelementtype cache-miss
1773 silly fetch manifest domutils@^3.2.2
1774 silly packumentCache full:https://registry.npmjs.org/domutils cache-miss
1775 http cache https://registry.npmjs.org/domhandler 5ms (cache hit)
1776 silly packumentCache full:https://registry.npmjs.org/domhandler set size:78187 disposed:false
1777 silly fetch manifest entities@^7.0.1
1778 silly packumentCache full:https://registry.npmjs.org/entities cache-hit
1779 silly fetch manifest domelementtype@^2.3.0
1780 silly packumentCache full:https://registry.npmjs.org/domelementtype cache-miss
1781 http fetch GET 200 https://registry.npmjs.org/boolbase 23ms (cache updated)
1782 silly packumentCache full:https://registry.npmjs.org/boolbase set size:undefined disposed:false
1783 silly fetch manifest nanoid@^3.3.11
1784 silly packumentCache full:https://registry.npmjs.org/nanoid cache-miss
1785 http fetch GET 200 https://registry.npmjs.org/domelementtype 36ms (cache updated)
1786 silly packumentCache full:https://registry.npmjs.org/domelementtype set size:undefined disposed:false
1787 silly fetch manifest source-map-js@^1.2.1
1788 silly packumentCache full:https://registry.npmjs.org/source-map-js cache-hit
1789 http fetch GET 200 https://registry.npmjs.org/nth-check 39ms (cache updated)
1790 silly packumentCache full:https://registry.npmjs.org/nth-check set size:undefined disposed:false
1791 http fetch GET 200 https://registry.npmjs.org/domutils 41ms (cache updated)
1792 silly packumentCache full:https://registry.npmjs.org/domutils set size:undefined disposed:false
1793 http fetch GET 200 https://registry.npmjs.org/domelementtype 37ms (cache updated)
1794 silly packumentCache full:https://registry.npmjs.org/domelementtype set size:undefined disposed:false
1795 http fetch GET 200 https://registry.npmjs.org/domelementtype 45ms (cache updated)
1796 silly packumentCache full:https://registry.npmjs.org/domelementtype set size:undefined disposed:false
1797 http fetch GET 200 https://registry.npmjs.org/domutils 61ms (cache updated)
1798 silly packumentCache full:https://registry.npmjs.org/domutils set size:undefined disposed:false
1799 http fetch GET 200 https://registry.npmjs.org/nanoid 86ms (cache updated)
1800 silly packumentCache full:https://registry.npmjs.org/nanoid set size:undefined disposed:false
1801 silly fetch manifest browserslist@>= 4.21.0
1802 silly packumentCache full:https://registry.npmjs.org/browserslist cache-miss
1803 http cache https://registry.npmjs.org/browserslist 3ms (cache hit)
1804 silly packumentCache full:https://registry.npmjs.org/browserslist set size:504681 disposed:false
1805 silly placeDep ROOT baseline-browser-mapping@2.10.29 OK for: browserslist@4.28.2 want: ^2.10.12
1806 silly placeDep ROOT caniuse-lite@1.0.30001792 OK for: browserslist@4.28.2 want: ^1.0.30001782
1807 silly placeDep ROOT electron-to-chromium@1.5.355 OK for: browserslist@4.28.2 want: ^1.5.328
1808 silly placeDep ROOT node-releases@2.0.44 OK for: browserslist@4.28.2 want: ^2.0.36
1809 silly placeDep ROOT update-browserslist-db@1.2.3 OK for: browserslist@4.28.2 want: ^1.2.3
1810 silly fetch manifest escalade@^3.2.0
1811 silly packumentCache full:https://registry.npmjs.org/escalade cache-hit
1812 silly placeDep ROOT readdirp@5.0.0 OK for: chokidar@5.0.0 want: ^5.0.0
1813 silly placeDep ROOT object-assign@4.1.1 OK for: cors@2.8.6 want: ^4
1814 silly placeDep ROOT vary@1.1.2 OK for: cors@2.8.6 want: ^1
1815 silly placeDep ROOT path-key@3.1.1 OK for: cross-spawn@7.0.6 want: ^3.1.0
1816 silly placeDep ROOT shebang-command@2.0.0 OK for: cross-spawn@7.0.6 want: ^2.0.0
1817 silly placeDep ROOT which@2.0.2 OK for: cross-spawn@7.0.6 want: ^2.0.1
1818 silly fetch manifest shebang-regex@^3.0.0
1819 silly packumentCache full:https://registry.npmjs.org/shebang-regex cache-miss
1820 silly fetch manifest isexe@^2.0.0
1821 silly packumentCache full:https://registry.npmjs.org/isexe cache-miss
1822 http fetch GET 200 https://registry.npmjs.org/shebang-regex 20ms (cache revalidated)
1823 silly packumentCache full:https://registry.npmjs.org/shebang-regex set size:9763 disposed:false
1824 http fetch GET 200 https://registry.npmjs.org/isexe 35ms (cache revalidated)
1825 silly packumentCache full:https://registry.npmjs.org/isexe set size:31756 disposed:false
1826 silly placeDep ROOT boolbase@1.0.0 OK for: css-select@6.0.0 want: ^1.0.0
1827 silly placeDep ROOT domutils@3.2.2 OK for: css-select@6.0.0 want: ^3.2.2
1828 silly placeDep ROOT nth-check@2.1.1 OK for: css-select@6.0.0 want: ^2.1.1
1829 silly placeDep ROOT ms@2.1.3 OK for: debug@4.4.3 want: ^2.1.3
1830 silly placeDep ROOT domelementtype@2.3.0 OK for: dom-serializer@2.0.0 want: ^2.3.0
1831 silly placeDep ROOT entities@4.5.0 OK for: dom-serializer@2.0.0 want: ^4.2.0
1832 silly placeDep ROOT @esbuild/aix-ppc64@0.27.3 OK for: esbuild@0.27.3 want: 0.27.3
1833 silly placeDep ROOT @esbuild/android-arm@0.27.3 OK for: esbuild@0.27.3 want: 0.27.3
1834 silly placeDep ROOT @esbuild/android-arm64@0.27.3 OK for: esbuild@0.27.3 want: 0.27.3
1835 silly placeDep ROOT @esbuild/android-x64@0.27.3 OK for: esbuild@0.27.3 want: 0.27.3
1836 silly placeDep ROOT @esbuild/darwin-arm64@0.27.3 OK for: esbuild@0.27.3 want: 0.27.3
1837 silly placeDep ROOT @esbuild/darwin-x64@0.27.3 OK for: esbuild@0.27.3 want: 0.27.3
1838 silly placeDep ROOT @esbuild/freebsd-arm64@0.27.3 OK for: esbuild@0.27.3 want: 0.27.3
1839 silly placeDep ROOT @esbuild/freebsd-x64@0.27.3 OK for: esbuild@0.27.3 want: 0.27.3
1840 silly placeDep ROOT @esbuild/linux-arm@0.27.3 OK for: esbuild@0.27.3 want: 0.27.3
1841 silly placeDep ROOT @esbuild/linux-arm64@0.27.3 OK for: esbuild@0.27.3 want: 0.27.3
1842 silly placeDep ROOT @esbuild/linux-ia32@0.27.3 OK for: esbuild@0.27.3 want: 0.27.3
1843 silly placeDep ROOT @esbuild/linux-loong64@0.27.3 OK for: esbuild@0.27.3 want: 0.27.3
1844 silly placeDep ROOT @esbuild/linux-mips64el@0.27.3 OK for: esbuild@0.27.3 want: 0.27.3
1845 silly placeDep ROOT @esbuild/linux-ppc64@0.27.3 OK for: esbuild@0.27.3 want: 0.27.3
1846 silly placeDep ROOT @esbuild/linux-riscv64@0.27.3 OK for: esbuild@0.27.3 want: 0.27.3
1847 silly placeDep ROOT @esbuild/linux-s390x@0.27.3 OK for: esbuild@0.27.3 want: 0.27.3
1848 silly placeDep ROOT @esbuild/linux-x64@0.27.3 OK for: esbuild@0.27.3 want: 0.27.3
1849 silly placeDep ROOT @esbuild/netbsd-arm64@0.27.3 OK for: esbuild@0.27.3 want: 0.27.3
1850 silly placeDep ROOT @esbuild/netbsd-x64@0.27.3 OK for: esbuild@0.27.3 want: 0.27.3
1851 silly placeDep ROOT @esbuild/openbsd-arm64@0.27.3 OK for: esbuild@0.27.3 want: 0.27.3
1852 silly placeDep ROOT @esbuild/openbsd-x64@0.27.3 OK for: esbuild@0.27.3 want: 0.27.3
1853 silly placeDep ROOT @esbuild/openharmony-arm64@0.27.3 OK for: esbuild@0.27.3 want: 0.27.3
1854 silly placeDep ROOT @esbuild/sunos-x64@0.27.3 OK for: esbuild@0.27.3 want: 0.27.3
1855 silly placeDep ROOT @esbuild/win32-arm64@0.27.3 OK for: esbuild@0.27.3 want: 0.27.3
1856 silly placeDep ROOT @esbuild/win32-ia32@0.27.3 OK for: esbuild@0.27.3 want: 0.27.3
1857 silly placeDep ROOT @esbuild/win32-x64@0.27.3 OK for: esbuild@0.27.3 want: 0.27.3
1858 silly placeDep ROOT accepts@2.0.0 OK for: express@5.2.1 want: ^2.0.0
1859 silly placeDep ROOT body-parser@2.2.2 OK for: express@5.2.1 want: ^2.2.1
1860 silly placeDep ROOT content-disposition@1.1.0 OK for: express@5.2.1 want: ^1.0.0
1861 silly placeDep ROOT cookie@0.7.2 OK for: express@5.2.1 want: ^0.7.1
1862 silly placeDep ROOT cookie-signature@1.2.2 OK for: express@5.2.1 want: ^1.2.1
1863 silly placeDep ROOT depd@2.0.0 OK for: express@5.2.1 want: ^2.0.0
1864 silly placeDep ROOT encodeurl@2.0.0 OK for: express@5.2.1 want: ^2.0.0
1865 silly placeDep ROOT escape-html@1.0.3 OK for: express@5.2.1 want: ^1.0.3
1866 silly placeDep ROOT etag@1.8.1 OK for: express@5.2.1 want: ^1.8.1
1867 silly placeDep ROOT finalhandler@2.1.1 OK for: express@5.2.1 want: ^2.1.0
1868 silly placeDep ROOT fresh@2.0.0 OK for: express@5.2.1 want: ^2.0.0
1869 silly placeDep ROOT http-errors@2.0.1 OK for: express@5.2.1 want: ^2.0.0
1870 silly placeDep ROOT merge-descriptors@2.0.0 OK for: express@5.2.1 want: ^2.0.0
1871 silly placeDep ROOT mime-types@3.0.2 OK for: express@5.2.1 want: ^3.0.0
1872 silly placeDep ROOT on-finished@2.4.1 OK for: express@5.2.1 want: ^2.4.1
1873 silly placeDep ROOT once@1.4.0 OK for: express@5.2.1 want: ^1.4.0
1874 silly placeDep ROOT parseurl@1.3.3 OK for: express@5.2.1 want: ^1.3.3
1875 silly placeDep ROOT proxy-addr@2.0.7 OK for: express@5.2.1 want: ^2.0.7
1876 silly placeDep ROOT qs@6.15.1 OK for: express@5.2.1 want: ^6.14.0
1877 silly placeDep ROOT range-parser@1.2.1 OK for: express@5.2.1 want: ^1.2.1
1878 silly placeDep ROOT router@2.2.0 OK for: express@5.2.1 want: ^2.2.0
1879 silly placeDep ROOT send@1.2.1 OK for: express@5.2.1 want: ^1.1.0
1880 silly placeDep ROOT serve-static@2.2.1 OK for: express@5.2.1 want: ^2.2.0
1881 silly placeDep ROOT statuses@2.0.2 OK for: express@5.2.1 want: ^2.0.1
1882 silly placeDep ROOT type-is@2.1.0 OK for: express@5.2.1 want: ^2.0.1
1883 silly fetch manifest negotiator@^1.0.0
1884 silly packumentCache full:https://registry.npmjs.org/negotiator cache-miss
1885 silly fetch manifest qs@^6.14.1
1886 silly packumentCache full:https://registry.npmjs.org/qs cache-hit
1887 silly fetch manifest bytes@^3.1.2
1888 silly packumentCache full:https://registry.npmjs.org/bytes cache-hit
1889 silly fetch manifest inherits@~2.0.4
1890 silly packumentCache full:https://registry.npmjs.org/inherits cache-miss
1891 silly fetch manifest setprototypeof@~1.2.0
1892 silly packumentCache full:https://registry.npmjs.org/setprototypeof cache-miss
1893 silly fetch manifest statuses@~2.0.2
1894 silly packumentCache full:https://registry.npmjs.org/statuses cache-hit
1895 silly fetch manifest toidentifier@~1.0.1
1896 silly packumentCache full:https://registry.npmjs.org/toidentifier cache-miss
1897 silly fetch manifest mime-db@^1.54.0
1898 silly packumentCache full:https://registry.npmjs.org/mime-db cache-miss
1899 silly fetch manifest ee-first@1.1.1
1900 silly packumentCache full:https://registry.npmjs.org/ee-first cache-miss
1901 silly fetch manifest wrappy@1
1902 silly packumentCache full:https://registry.npmjs.org/wrappy cache-miss
1903 http fetch GET 200 https://registry.npmjs.org/wrappy 23ms (cache revalidated)
1904 silly packumentCache full:https://registry.npmjs.org/wrappy set size:7682 disposed:false
1905 silly fetch manifest forwarded@0.2.0
1906 silly packumentCache full:https://registry.npmjs.org/forwarded cache-miss
1907 http fetch GET 200 https://registry.npmjs.org/negotiator 25ms (cache revalidated)
1908 silly packumentCache full:https://registry.npmjs.org/negotiator set size:48046 disposed:false
1909 silly fetch manifest ipaddr.js@1.9.1
1910 silly packumentCache full:https://registry.npmjs.org/ipaddr.js cache-miss
1911 http fetch GET 200 https://registry.npmjs.org/ee-first 24ms (cache revalidated)
1912 silly packumentCache full:https://registry.npmjs.org/ee-first set size:15327 disposed:false
1913 silly fetch manifest side-channel@^1.1.0
1914 silly packumentCache full:https://registry.npmjs.org/side-channel cache-miss
1915 http fetch GET 200 https://registry.npmjs.org/setprototypeof 25ms (cache revalidated)
1916 silly packumentCache full:https://registry.npmjs.org/setprototypeof set size:14532 disposed:false
1917 silly fetch manifest is-promise@^4.0.0
1918 silly packumentCache full:https://registry.npmjs.org/is-promise cache-miss
1919 http fetch GET 200 https://registry.npmjs.org/toidentifier 25ms (cache revalidated)
1920 silly packumentCache full:https://registry.npmjs.org/toidentifier set size:12006 disposed:false
1921 silly fetch manifest path-to-regexp@^8.0.0
1922 silly packumentCache full:https://registry.npmjs.org/path-to-regexp cache-miss
1923 http fetch GET 200 https://registry.npmjs.org/inherits 26ms (cache revalidated)
1924 silly packumentCache full:https://registry.npmjs.org/inherits set size:12925 disposed:false
1925 silly fetch manifest statuses@^2.0.2
1926 silly packumentCache full:https://registry.npmjs.org/statuses cache-hit
1927 silly fetch manifest content-type@^2.0.0
1928 silly packumentCache full:https://registry.npmjs.org/content-type cache-hit
1929 silly fetch manifest media-typer@^1.1.0
1930 silly packumentCache full:https://registry.npmjs.org/media-typer cache-miss
1931 http fetch GET 200 https://registry.npmjs.org/mime-db 33ms (cache revalidated)
1932 silly packumentCache full:https://registry.npmjs.org/mime-db set size:164953 disposed:false
1933 http fetch GET 200 https://registry.npmjs.org/media-typer 23ms (cache revalidated)
1934 silly packumentCache full:https://registry.npmjs.org/media-typer set size:20873 disposed:false
1935 http fetch GET 200 https://registry.npmjs.org/is-promise 24ms (cache revalidated)
1936 silly packumentCache full:https://registry.npmjs.org/is-promise set size:18599 disposed:false
1937 http fetch GET 200 https://registry.npmjs.org/ipaddr.js 26ms (cache revalidated)
1938 silly packumentCache full:https://registry.npmjs.org/ipaddr.js set size:69563 disposed:false
1939 http fetch GET 200 https://registry.npmjs.org/path-to-regexp 25ms (cache revalidated)
1940 silly packumentCache full:https://registry.npmjs.org/path-to-regexp set size:216334 disposed:false
1941 http fetch GET 200 https://registry.npmjs.org/side-channel 27ms (cache revalidated)
1942 silly packumentCache full:https://registry.npmjs.org/side-channel set size:24660 disposed:false
1943 http fetch GET 200 https://registry.npmjs.org/forwarded 30ms (cache revalidated)
1944 silly packumentCache full:https://registry.npmjs.org/forwarded set size:11229 disposed:false
1945 silly placeDep ROOT negotiator@1.0.0 OK for: accepts@2.0.0 want: ^1.0.0
1946 silly placeDep ROOT bytes@3.1.2 OK for: body-parser@2.2.2 want: ^3.1.2
1947 silly placeDep ROOT ip-address@10.2.0 OK for: express-rate-limit@8.5.2 want: ^10.2.0
1948 silly placeDep node_modules/htmlparser2 entities@7.0.1 OK for: htmlparser2@10.1.0 want: ^7.0.1
1949 silly placeDep ROOT inherits@2.0.4 OK for: http-errors@2.0.1 want: ~2.0.4
1950 silly placeDep ROOT setprototypeof@1.2.0 OK for: http-errors@2.0.1 want: ~1.2.0
1951 silly placeDep ROOT toidentifier@1.0.1 OK for: http-errors@2.0.1 want: ~1.0.1
1952 silly placeDep ROOT agent-base@7.1.4 OK for: https-proxy-agent@7.0.6 want: ^7.1.2
1953 silly placeDep ROOT safer-buffer@2.1.2 OK for: iconv-lite@0.7.2 want: >= 2.1.2 < 3.0.0
1954 silly placeDep ROOT @istanbuljs/schema@0.1.6 OK for: istanbul-lib-instrument@6.0.3 want: ^0.1.3
1955 silly placeDep ROOT istanbul-lib-coverage@3.2.2 OK for: istanbul-lib-instrument@6.0.3 want: ^3.2.0
1956 silly fetch manifest @noble/hashes@^1.8.0 || ^2.0.0
1957 silly packumentCache full:https://registry.npmjs.org/@noble%2fhashes cache-miss
1958 http fetch GET 200 https://registry.npmjs.org/@noble%2fhashes 770ms (cache miss)
1959 silly packumentCache full:https://registry.npmjs.org/@noble%2fhashes set size:undefined disposed:false
1960 silly placeDep ROOT @acemir/cssom@0.9.31 OK for: jsdom@28.1.0 want: ^0.9.31
1961 silly placeDep ROOT @asamuzakjp/dom-selector@6.8.1 OK for: jsdom@28.1.0 want: ^6.8.1
1962 silly placeDep ROOT @bramus/specificity@2.4.2 OK for: jsdom@28.1.0 want: ^2.4.2
1963 silly placeDep ROOT @exodus/bytes@1.15.0 OK for: jsdom@28.1.0 want: ^1.11.0
1964 silly placeDep ROOT cssstyle@6.2.0 OK for: jsdom@28.1.0 want: ^6.0.1
1965 silly placeDep ROOT data-urls@7.0.0 OK for: jsdom@28.1.0 want: ^7.0.0
1966 silly placeDep ROOT decimal.js@10.6.0 OK for: jsdom@28.1.0 want: ^10.6.0
1967 silly placeDep ROOT html-encoding-sniffer@6.0.0 OK for: jsdom@28.1.0 want: ^6.0.0
1968 silly placeDep ROOT http-proxy-agent@7.0.2 OK for: jsdom@28.1.0 want: ^7.0.2
1969 silly placeDep ROOT is-potential-custom-element-name@1.0.1 OK for: jsdom@28.1.0 want: ^1.0.1
1970 silly placeDep ROOT parse5@8.0.1 OK for: jsdom@28.1.0 want: ^8.0.0
1971 silly placeDep ROOT saxes@6.0.0 OK for: jsdom@28.1.0 want: ^6.0.0
1972 silly placeDep ROOT symbol-tree@3.2.4 OK for: jsdom@28.1.0 want: ^3.2.4
1973 silly placeDep ROOT tough-cookie@6.0.1 OK for: jsdom@28.1.0 want: ^6.0.0
1974 silly placeDep ROOT w3c-xmlserializer@5.0.0 OK for: jsdom@28.1.0 want: ^5.0.0
1975 silly placeDep ROOT webidl-conversions@8.0.1 OK for: jsdom@28.1.0 want: ^8.0.1
1976 silly placeDep ROOT whatwg-mimetype@5.0.0 OK for: jsdom@28.1.0 want: ^5.0.0
1977 silly placeDep ROOT whatwg-url@16.0.1 OK for: jsdom@28.1.0 want: ^16.0.0
1978 silly placeDep ROOT xml-name-validator@5.0.0 OK for: jsdom@28.1.0 want: ^5.0.0
1979 silly fetch manifest bidi-js@^1.0.3
1980 silly packumentCache full:https://registry.npmjs.org/bidi-js cache-miss
1981 silly fetch manifest css-tree@^3.1.0
1982 silly packumentCache full:https://registry.npmjs.org/css-tree cache-miss
1983 silly fetch manifest lru-cache@^11.2.6
1984 silly packumentCache full:https://registry.npmjs.org/lru-cache cache-hit
1985 silly fetch manifest @asamuzakjp/nwsapi@^2.3.9
1986 silly packumentCache full:https://registry.npmjs.org/@asamuzakjp%2fnwsapi cache-miss
1987 silly fetch manifest css-tree@^3.0.0
1988 silly packumentCache full:https://registry.npmjs.org/css-tree cache-miss
1989 silly fetch manifest @asamuzakjp/css-color@^5.0.1
1990 silly packumentCache full:https://registry.npmjs.org/@asamuzakjp%2fcss-color cache-miss
1991 silly fetch manifest @csstools/css-syntax-patches-for-csstree@^1.0.28
1992 silly packumentCache full:https://registry.npmjs.org/@csstools%2fcss-syntax-patches-for-csstree cache-miss
1993 silly fetch manifest css-tree@^3.1.0
1994 silly packumentCache full:https://registry.npmjs.org/css-tree cache-miss
1995 http fetch GET 200 https://registry.npmjs.org/bidi-js 27ms (cache miss)
1996 silly packumentCache full:https://registry.npmjs.org/bidi-js set size:undefined disposed:false
1997 silly fetch manifest entities@^8.0.0
1998 silly packumentCache full:https://registry.npmjs.org/entities cache-hit
1999 silly fetch manifest xmlchars@^2.2.0
2000 silly packumentCache full:https://registry.npmjs.org/xmlchars cache-miss
2001 http fetch GET 200 https://registry.npmjs.org/xmlchars 18ms (cache revalidated)
2002 silly packumentCache full:https://registry.npmjs.org/xmlchars set size:33578 disposed:false
2003 silly fetch manifest tldts@^7.0.5
2004 silly packumentCache full:https://registry.npmjs.org/tldts cache-miss
2005 http fetch GET 200 https://registry.npmjs.org/@csstools%2fcss-syntax-patches-for-csstree 53ms (cache miss)
2006 silly packumentCache full:https://registry.npmjs.org/@csstools%2fcss-syntax-patches-for-csstree set size:undefined disposed:false
2007 silly fetch manifest tr46@^6.0.0
2008 silly packumentCache full:https://registry.npmjs.org/tr46 cache-miss
2009 http fetch GET 200 https://registry.npmjs.org/tr46 20ms (cache revalidated)
2010 silly packumentCache full:https://registry.npmjs.org/tr46 set size:47377 disposed:false
2011 http fetch GET 200 https://registry.npmjs.org/@asamuzakjp%2fnwsapi 494ms (cache miss)
2012 silly packumentCache full:https://registry.npmjs.org/@asamuzakjp%2fnwsapi set size:undefined disposed:false
2013 http fetch GET 200 https://registry.npmjs.org/@asamuzakjp%2fcss-color 497ms (cache miss)
2014 silly packumentCache full:https://registry.npmjs.org/@asamuzakjp%2fcss-color set size:undefined disposed:false
2015 http fetch GET 200 https://registry.npmjs.org/css-tree 540ms (cache updated)
2016 silly packumentCache full:https://registry.npmjs.org/css-tree set size:undefined disposed:false
2017 http fetch GET 200 https://registry.npmjs.org/css-tree 546ms (cache updated)
2018 silly packumentCache full:https://registry.npmjs.org/css-tree set size:undefined disposed:false
2019 http fetch GET 200 https://registry.npmjs.org/css-tree 558ms (cache updated)
2020 silly packumentCache full:https://registry.npmjs.org/css-tree set size:undefined disposed:false
2021 http fetch GET 200 https://registry.npmjs.org/tldts 754ms (cache miss)
2022 silly packumentCache full:https://registry.npmjs.org/tldts set size:undefined disposed:false
2023 silly placeDep ROOT @asamuzakjp/nwsapi@2.3.9 OK for: @asamuzakjp/dom-selector@6.8.1 want: ^2.3.9
2024 silly placeDep ROOT bidi-js@1.0.3 OK for: @asamuzakjp/dom-selector@6.8.1 want: ^1.0.3
2025 silly placeDep ROOT css-tree@3.2.1 OK for: @asamuzakjp/dom-selector@6.8.1 want: ^3.1.0
2026 silly placeDep node_modules/@asamuzakjp/dom-selector lru-cache@11.3.6 OK for: @asamuzakjp/dom-selector@6.8.1 want: ^11.2.6
2027 silly fetch manifest mdn-data@2.27.1
2028 silly packumentCache full:https://registry.npmjs.org/mdn-data cache-miss
2029 http fetch GET 200 https://registry.npmjs.org/mdn-data 69ms (cache updated)
2030 silly packumentCache full:https://registry.npmjs.org/mdn-data set size:undefined disposed:false
2031 silly placeDep ROOT mdn-data@2.27.1 OK for: css-tree@3.2.1 want: 2.27.1
2032 silly placeDep ROOT source-map-js@1.2.1 OK for: css-tree@3.2.1 want: ^1.2.1
2033 silly placeDep ROOT @asamuzakjp/css-color@5.1.11 OK for: cssstyle@6.2.0 want: ^5.0.1
2034 silly placeDep ROOT @csstools/css-syntax-patches-for-csstree@1.1.4 OK for: cssstyle@6.2.0 want: ^1.0.28
2035 silly placeDep node_modules/cssstyle lru-cache@11.3.6 OK for: cssstyle@6.2.0 want: ^11.2.6
2036 silly fetch manifest @csstools/css-calc@^3.2.0
2037 silly packumentCache full:https://registry.npmjs.org/@csstools%2fcss-calc cache-miss
2038 silly fetch manifest @csstools/css-tokenizer@^4.0.0
2039 silly packumentCache full:https://registry.npmjs.org/@csstools%2fcss-tokenizer cache-miss
2040 silly fetch manifest @csstools/css-color-parser@^4.1.0
2041 silly packumentCache full:https://registry.npmjs.org/@csstools%2fcss-color-parser cache-miss
2042 silly fetch manifest @asamuzakjp/generational-cache@^1.0.1
2043 silly packumentCache full:https://registry.npmjs.org/@asamuzakjp%2fgenerational-cache cache-miss
2044 silly fetch manifest @csstools/css-parser-algorithms@^4.0.0
2045 silly packumentCache full:https://registry.npmjs.org/@csstools%2fcss-parser-algorithms cache-miss
2046 http fetch GET 200 https://registry.npmjs.org/@csstools%2fcss-parser-algorithms 136ms (cache miss)
2047 silly packumentCache full:https://registry.npmjs.org/@csstools%2fcss-parser-algorithms set size:undefined disposed:false
2048 http fetch GET 200 https://registry.npmjs.org/@csstools%2fcss-color-parser 139ms (cache miss)
2049 silly packumentCache full:https://registry.npmjs.org/@csstools%2fcss-color-parser set size:undefined disposed:false
2050 http fetch GET 200 https://registry.npmjs.org/@csstools%2fcss-tokenizer 142ms (cache miss)
2051 silly packumentCache full:https://registry.npmjs.org/@csstools%2fcss-tokenizer set size:undefined disposed:false
2052 http fetch GET 200 https://registry.npmjs.org/@csstools%2fcss-calc 150ms (cache miss)
2053 silly packumentCache full:https://registry.npmjs.org/@csstools%2fcss-calc set size:undefined disposed:false
2054 http fetch GET 200 https://registry.npmjs.org/@asamuzakjp%2fgenerational-cache 309ms (cache miss)
2055 silly packumentCache full:https://registry.npmjs.org/@asamuzakjp%2fgenerational-cache set size:undefined disposed:false
2056 silly placeDep ROOT @asamuzakjp/generational-cache@1.0.1 OK for: @asamuzakjp/css-color@5.1.11 want: ^1.0.1
2057 silly placeDep ROOT @csstools/css-calc@3.2.1 OK for: @asamuzakjp/css-color@5.1.11 want: ^3.2.0
2058 silly placeDep ROOT @csstools/css-parser-algorithms@4.0.0 OK for: @csstools/css-calc@3.2.1 want: ^4.0.0
2059 silly placeDep ROOT @csstools/css-tokenizer@4.0.0 OK for: @csstools/css-parser-algorithms@4.0.0 want: ^4.0.0
2060 silly placeDep ROOT @csstools/css-color-parser@4.1.1 OK for: @asamuzakjp/css-color@5.1.11 want: ^4.1.0
2061 silly fetch manifest @csstools/color-helpers@^6.0.2
2062 silly packumentCache full:https://registry.npmjs.org/@csstools%2fcolor-helpers cache-miss
2063 http fetch GET 200 https://registry.npmjs.org/@csstools%2fcolor-helpers 380ms (cache miss)
2064 silly packumentCache full:https://registry.npmjs.org/@csstools%2fcolor-helpers set size:undefined disposed:false
2065 silly placeDep ROOT @csstools/color-helpers@6.0.2 OK for: @csstools/css-color-parser@4.1.1 want: ^6.0.2
2066 silly placeDep ROOT cli-truncate@5.2.0 OK for: listr2@9.0.5 want: ^5.0.0
2067 silly placeDep ROOT colorette@2.0.20 OK for: listr2@9.0.5 want: ^2.0.20
2068 silly placeDep ROOT eventemitter3@5.0.4 OK for: listr2@9.0.5 want: ^5.0.1
2069 silly placeDep ROOT log-update@6.1.0 OK for: listr2@9.0.5 want: ^6.1.0
2070 silly placeDep ROOT rfdc@1.4.1 OK for: listr2@9.0.5 want: ^1.4.1
2071 silly placeDep node_modules/listr2 wrap-ansi@9.0.2 OK for: listr2@9.0.5 want: ^9.0.0
2072 silly fetch manifest slice-ansi@^8.0.0
2073 silly packumentCache full:https://registry.npmjs.org/slice-ansi cache-miss
2074 silly fetch manifest string-width@^8.2.0
2075 silly packumentCache full:https://registry.npmjs.org/string-width cache-hit
2076 silly fetch manifest slice-ansi@^7.1.0
2077 silly packumentCache full:https://registry.npmjs.org/slice-ansi cache-miss
2078 silly fetch manifest strip-ansi@^7.1.0
2079 silly packumentCache full:https://registry.npmjs.org/strip-ansi cache-hit
2080 silly fetch manifest ansi-escapes@^7.0.0
2081 silly packumentCache full:https://registry.npmjs.org/ansi-escapes cache-miss
2082 silly fetch manifest strip-ansi@^7.1.0
2083 silly packumentCache full:https://registry.npmjs.org/strip-ansi cache-hit
2084 silly fetch manifest ansi-styles@^6.2.1
2085 silly packumentCache full:https://registry.npmjs.org/ansi-styles cache-hit
2086 silly fetch manifest string-width@^7.0.0
2087 silly packumentCache full:https://registry.npmjs.org/string-width cache-hit
2088 http fetch GET 200 https://registry.npmjs.org/slice-ansi 24ms (cache revalidated)
2089 silly packumentCache full:https://registry.npmjs.org/slice-ansi set size:36418 disposed:false
2090 http fetch GET 200 https://registry.npmjs.org/ansi-escapes 24ms (cache revalidated)
2091 silly packumentCache full:https://registry.npmjs.org/ansi-escapes set size:70915 disposed:false
2092 http fetch GET 200 https://registry.npmjs.org/slice-ansi 27ms (cache revalidated)
2093 silly packumentCache full:https://registry.npmjs.org/slice-ansi set size:36418 disposed:false
2094 silly packumentCache full:https://registry.npmjs.org/slice-ansi dispose
2095 silly placeDep ROOT slice-ansi@8.0.0 OK for: cli-truncate@5.2.0 want: ^8.0.0
2096 silly placeDep ROOT string-width@8.2.1 OK for: cli-truncate@5.2.0 want: ^8.2.0
2097 silly fetch manifest ansi-styles@^6.2.3
2098 silly packumentCache full:https://registry.npmjs.org/ansi-styles cache-hit
2099 silly fetch manifest is-fullwidth-code-point@^5.1.0
2100 silly packumentCache full:https://registry.npmjs.org/is-fullwidth-code-point cache-miss
2101 silly fetch manifest get-east-asian-width@^1.5.0
2102 silly packumentCache full:https://registry.npmjs.org/get-east-asian-width cache-miss
2103 silly fetch manifest strip-ansi@^7.1.2
2104 silly packumentCache full:https://registry.npmjs.org/strip-ansi cache-hit
2105 http fetch GET 200 https://registry.npmjs.org/is-fullwidth-code-point 20ms (cache revalidated)
2106 silly packumentCache full:https://registry.npmjs.org/is-fullwidth-code-point set size:14578 disposed:false
2107 http fetch GET 200 https://registry.npmjs.org/get-east-asian-width 27ms (cache revalidated)
2108 silly packumentCache full:https://registry.npmjs.org/get-east-asian-width set size:20538 disposed:false
2109 silly placeDep ROOT @harperfast/extended-iterable@1.0.3 OK for: lmdb@3.5.1 want: ^1.0.3
2110 silly placeDep ROOT @lmdb/lmdb-darwin-arm64@3.5.1 OK for: lmdb@3.5.1 want: 3.5.1
2111 silly placeDep ROOT @lmdb/lmdb-darwin-x64@3.5.1 OK for: lmdb@3.5.1 want: 3.5.1
2112 silly placeDep ROOT @lmdb/lmdb-linux-arm@3.5.1 OK for: lmdb@3.5.1 want: 3.5.1
2113 silly placeDep ROOT @lmdb/lmdb-linux-arm64@3.5.1 OK for: lmdb@3.5.1 want: 3.5.1
2114 silly placeDep ROOT @lmdb/lmdb-linux-x64@3.5.1 OK for: lmdb@3.5.1 want: 3.5.1
2115 silly placeDep ROOT @lmdb/lmdb-win32-arm64@3.5.1 OK for: lmdb@3.5.1 want: 3.5.1
2116 silly placeDep ROOT @lmdb/lmdb-win32-x64@3.5.1 OK for: lmdb@3.5.1 want: 3.5.1
2117 silly placeDep ROOT msgpackr@1.11.12 OK for: lmdb@3.5.1 want: ^1.11.2
2118 silly placeDep ROOT node-addon-api@6.1.0 OK for: lmdb@3.5.1 want: ^6.1.0
2119 silly placeDep ROOT node-gyp-build-optional-packages@5.2.2 OK for: lmdb@3.5.1 want: 5.2.2
2120 silly placeDep ROOT ordered-binary@1.6.1 OK for: lmdb@3.5.1 want: ^1.5.3
2121 silly placeDep ROOT weak-lru-cache@1.2.2 OK for: lmdb@3.5.1 want: ^1.2.2
2122 silly fetch manifest msgpackr-extract@^3.0.2
2123 silly packumentCache full:https://registry.npmjs.org/msgpackr-extract cache-miss
2124 silly fetch manifest detect-libc@^2.0.1
2125 silly packumentCache full:https://registry.npmjs.org/detect-libc cache-miss
2126 http fetch GET 200 https://registry.npmjs.org/detect-libc 484ms (cache updated)
2127 silly packumentCache full:https://registry.npmjs.org/detect-libc set size:undefined disposed:false
2128 http fetch GET 200 https://registry.npmjs.org/msgpackr-extract 981ms (cache miss)
2129 silly packumentCache full:https://registry.npmjs.org/msgpackr-extract set size:undefined disposed:false
2130 silly placeDep ROOT ansi-escapes@7.3.0 OK for: log-update@6.1.0 want: ^7.0.0
2131 silly placeDep ROOT cli-cursor@5.0.0 OK for: log-update@6.1.0 want: ^5.0.0
2132 silly placeDep node_modules/log-update slice-ansi@7.1.2 OK for: log-update@6.1.0 want: ^7.1.0
2133 silly placeDep ROOT strip-ansi@7.2.0 OK for: log-update@6.1.0 want: ^7.1.0
2134 silly placeDep node_modules/log-update wrap-ansi@9.0.2 OK for: log-update@6.1.0 want: ^9.0.0
2135 silly fetch manifest environment@^1.0.0
2136 silly packumentCache full:https://registry.npmjs.org/environment cache-miss
2137 silly fetch manifest restore-cursor@^5.0.0
2138 silly packumentCache full:https://registry.npmjs.org/restore-cursor cache-miss
2139 silly fetch manifest is-fullwidth-code-point@^5.0.0
2140 silly packumentCache full:https://registry.npmjs.org/is-fullwidth-code-point cache-hit
2141 silly fetch manifest ansi-regex@^6.2.2
2142 silly packumentCache full:https://registry.npmjs.org/ansi-regex cache-miss
2143 http fetch GET 200 https://registry.npmjs.org/restore-cursor 22ms (cache revalidated)
2144 silly packumentCache full:https://registry.npmjs.org/restore-cursor set size:17895 disposed:false
2145 http fetch GET 200 https://registry.npmjs.org/ansi-regex 22ms (cache revalidated)
2146 silly packumentCache full:https://registry.npmjs.org/ansi-regex set size:43572 disposed:false
2147 http fetch GET 200 https://registry.npmjs.org/environment 25ms (cache revalidated)
2148 silly packumentCache full:https://registry.npmjs.org/environment set size:13915 disposed:false
2149 silly placeDep ROOT environment@1.1.0 OK for: ansi-escapes@7.3.0 want: ^1.0.0
2150 silly placeDep ROOT restore-cursor@5.1.0 OK for: cli-cursor@5.0.0 want: ^5.0.0
2151 silly fetch manifest onetime@^7.0.0
2152 silly packumentCache full:https://registry.npmjs.org/onetime cache-miss
2153 http fetch GET 200 https://registry.npmjs.org/onetime 21ms (cache revalidated)
2154 silly packumentCache full:https://registry.npmjs.org/onetime set size:32314 disposed:false
2155 silly placeDep ROOT yallist@3.1.1 OK for: lru-cache@5.1.1 want: ^3.0.2
2156 silly placeDep ROOT mime-db@1.54.0 OK for: mime-types@3.0.2 want: ^1.54.0
2157 silly placeDep ROOT msgpackr-extract@3.0.3 OK for: msgpackr@1.11.12 want: ^3.0.2
2158 silly fetch manifest @msgpackr-extract/msgpackr-extract-darwin-arm64@3.0.3
2159 silly packumentCache full:https://registry.npmjs.org/@msgpackr-extract%2fmsgpackr-extract-darwin-arm64 cache-miss
2160 silly fetch manifest @msgpackr-extract/msgpackr-extract-darwin-x64@3.0.3
2161 silly packumentCache full:https://registry.npmjs.org/@msgpackr-extract%2fmsgpackr-extract-darwin-x64 cache-miss
2162 silly fetch manifest @msgpackr-extract/msgpackr-extract-linux-arm@3.0.3
2163 silly packumentCache full:https://registry.npmjs.org/@msgpackr-extract%2fmsgpackr-extract-linux-arm cache-miss
2164 silly fetch manifest @msgpackr-extract/msgpackr-extract-linux-arm64@3.0.3
2165 silly packumentCache full:https://registry.npmjs.org/@msgpackr-extract%2fmsgpackr-extract-linux-arm64 cache-miss
2166 silly fetch manifest @msgpackr-extract/msgpackr-extract-linux-x64@3.0.3
2167 silly packumentCache full:https://registry.npmjs.org/@msgpackr-extract%2fmsgpackr-extract-linux-x64 cache-miss
2168 silly fetch manifest @msgpackr-extract/msgpackr-extract-win32-x64@3.0.3
2169 silly packumentCache full:https://registry.npmjs.org/@msgpackr-extract%2fmsgpackr-extract-win32-x64 cache-miss
2170 http fetch GET 200 https://registry.npmjs.org/@msgpackr-extract%2fmsgpackr-extract-linux-arm64 42ms (cache miss)
2171 silly packumentCache full:https://registry.npmjs.org/@msgpackr-extract%2fmsgpackr-extract-linux-arm64 set size:undefined disposed:false
2172 http fetch GET 200 https://registry.npmjs.org/@msgpackr-extract%2fmsgpackr-extract-linux-x64 43ms (cache miss)
2173 silly packumentCache full:https://registry.npmjs.org/@msgpackr-extract%2fmsgpackr-extract-linux-x64 set size:undefined disposed:false
2174 http fetch GET 200 https://registry.npmjs.org/@msgpackr-extract%2fmsgpackr-extract-darwin-arm64 44ms (cache miss)
2175 silly packumentCache full:https://registry.npmjs.org/@msgpackr-extract%2fmsgpackr-extract-darwin-arm64 set size:undefined disposed:false
2176 http fetch GET 200 https://registry.npmjs.org/@msgpackr-extract%2fmsgpackr-extract-linux-arm 44ms (cache miss)
2177 silly packumentCache full:https://registry.npmjs.org/@msgpackr-extract%2fmsgpackr-extract-linux-arm set size:undefined disposed:false
2178 http fetch GET 200 https://registry.npmjs.org/@msgpackr-extract%2fmsgpackr-extract-darwin-x64 232ms (cache miss)
2179 silly packumentCache full:https://registry.npmjs.org/@msgpackr-extract%2fmsgpackr-extract-darwin-x64 set size:undefined disposed:false
2180 http fetch GET 200 https://registry.npmjs.org/@msgpackr-extract%2fmsgpackr-extract-win32-x64 2002ms (cache miss)
2181 silly packumentCache full:https://registry.npmjs.org/@msgpackr-extract%2fmsgpackr-extract-win32-x64 set size:undefined disposed:false
2182 silly placeDep ROOT @msgpackr-extract/msgpackr-extract-darwin-arm64@3.0.3 OK for: msgpackr-extract@3.0.3 want: 3.0.3
2183 silly placeDep ROOT @msgpackr-extract/msgpackr-extract-darwin-x64@3.0.3 OK for: msgpackr-extract@3.0.3 want: 3.0.3
2184 silly placeDep ROOT @msgpackr-extract/msgpackr-extract-linux-arm@3.0.3 OK for: msgpackr-extract@3.0.3 want: 3.0.3
2185 silly placeDep ROOT @msgpackr-extract/msgpackr-extract-linux-arm64@3.0.3 OK for: msgpackr-extract@3.0.3 want: 3.0.3
2186 silly placeDep ROOT @msgpackr-extract/msgpackr-extract-linux-x64@3.0.3 OK for: msgpackr-extract@3.0.3 want: 3.0.3
2187 silly placeDep ROOT @msgpackr-extract/msgpackr-extract-win32-x64@3.0.3 OK for: msgpackr-extract@3.0.3 want: 3.0.3
2188 silly placeDep ROOT detect-libc@2.1.2 OK for: node-gyp-build-optional-packages@5.2.2 want: ^2.0.1
2189 silly placeDep ROOT hosted-git-info@9.0.3 OK for: npm-package-arg@13.0.2 want: ^9.0.0
2190 silly placeDep ROOT proc-log@6.1.0 OK for: npm-package-arg@13.0.2 want: ^6.0.0
2191 silly placeDep ROOT validate-npm-package-name@7.0.2 OK for: npm-package-arg@13.0.2 want: ^7.0.0
2192 silly fetch manifest lru-cache@^11.1.0
2193 silly packumentCache full:https://registry.npmjs.org/lru-cache cache-hit
2194 silly placeDep node_modules/hosted-git-info lru-cache@11.3.6 OK for: hosted-git-info@9.0.3 want: ^11.1.0
2195 silly placeDep ROOT ee-first@1.1.1 OK for: on-finished@2.4.1 want: 1.1.1
2196 silly placeDep ROOT wrappy@1.0.2 OK for: once@1.4.0 want: 1
2197 silly placeDep ROOT chalk@5.6.2 OK for: ora@9.3.0 want: ^5.6.2
2198 silly placeDep ROOT cli-spinners@3.4.0 OK for: ora@9.3.0 want: ^3.2.0
2199 silly placeDep ROOT is-interactive@2.0.0 OK for: ora@9.3.0 want: ^2.0.0
2200 silly placeDep ROOT is-unicode-supported@2.1.0 OK for: ora@9.3.0 want: ^2.1.0
2201 silly placeDep ROOT log-symbols@7.0.1 OK for: ora@9.3.0 want: ^7.0.1
2202 silly placeDep ROOT stdin-discarder@0.3.2 OK for: ora@9.3.0 want: ^0.3.1
2203 silly fetch manifest yoctocolors@^2.1.1
2204 silly packumentCache full:https://registry.npmjs.org/yoctocolors cache-miss
2205 http fetch GET 200 https://registry.npmjs.org/yoctocolors 21ms (cache revalidated)
2206 silly packumentCache full:https://registry.npmjs.org/yoctocolors set size:25767 disposed:false
2207 silly placeDep ROOT yoctocolors@2.1.2 OK for: log-symbols@7.0.1 want: ^2.1.1
2208 silly placeDep ROOT @npmcli/git@7.0.2 OK for: pacote@21.3.1 want: ^7.0.0
2209 silly placeDep ROOT @npmcli/installed-package-contents@4.0.0 OK for: pacote@21.3.1 want: ^4.0.0
2210 silly placeDep ROOT @npmcli/package-json@7.0.5 OK for: pacote@21.3.1 want: ^7.0.0
2211 silly placeDep ROOT @npmcli/promise-spawn@9.0.1 OK for: pacote@21.3.1 want: ^9.0.0
2212 silly placeDep ROOT @npmcli/run-script@10.0.4 OK for: pacote@21.3.1 want: ^10.0.0
2213 silly placeDep ROOT cacache@20.0.4 OK for: pacote@21.3.1 want: ^20.0.0
2214 silly placeDep ROOT fs-minipass@3.0.3 OK for: pacote@21.3.1 want: ^3.0.0
2215 silly placeDep ROOT minipass@7.1.3 OK for: pacote@21.3.1 want: ^7.0.2
2216 silly placeDep ROOT npm-packlist@10.0.4 OK for: pacote@21.3.1 want: ^10.0.1
2217 silly placeDep ROOT npm-pick-manifest@11.0.3 OK for: pacote@21.3.1 want: ^11.0.1
2218 silly placeDep ROOT npm-registry-fetch@19.1.1 OK for: pacote@21.3.1 want: ^19.0.0
2219 silly placeDep ROOT promise-retry@2.0.1 OK for: pacote@21.3.1 want: ^2.0.1
2220 silly placeDep ROOT sigstore@4.1.0 OK for: pacote@21.3.1 want: ^4.0.0
2221 silly placeDep ROOT ssri@13.0.1 OK for: pacote@21.3.1 want: ^13.0.0
2222 silly placeDep ROOT tar@7.5.15 OK for: pacote@21.3.1 want: ^7.4.3
2223 silly fetch manifest which@^6.0.0
2224 silly packumentCache full:https://registry.npmjs.org/which cache-hit
2225 silly fetch manifest lru-cache@^11.2.1
2226 silly packumentCache full:https://registry.npmjs.org/lru-cache cache-hit
2227 silly fetch manifest @gar/promise-retry@^1.0.0
2228 silly packumentCache full:https://registry.npmjs.org/@gar%2fpromise-retry cache-miss
2229 silly fetch manifest npm-bundled@^5.0.0
2230 silly packumentCache full:https://registry.npmjs.org/npm-bundled cache-miss
2231 silly fetch manifest npm-normalize-package-bin@^5.0.0
2232 silly packumentCache full:https://registry.npmjs.org/npm-normalize-package-bin cache-miss
2233 silly fetch manifest glob@^13.0.0
2234 silly packumentCache full:https://registry.npmjs.org/glob cache-miss
2235 silly fetch manifest spdx-expression-parse@^4.0.0
2236 silly packumentCache full:https://registry.npmjs.org/spdx-expression-parse cache-miss
2237 silly fetch manifest json-parse-even-better-errors@^5.0.0
2238 silly packumentCache full:https://registry.npmjs.org/json-parse-even-better-errors cache-miss
2239 silly fetch manifest node-gyp@^12.1.0
2240 silly packumentCache full:https://registry.npmjs.org/node-gyp cache-miss
2241 http fetch GET 200 https://registry.npmjs.org/json-parse-even-better-errors 22ms (cache revalidated)
2242 silly packumentCache full:https://registry.npmjs.org/json-parse-even-better-errors set size:37274 disposed:false
2243 silly fetch manifest @npmcli/node-gyp@^5.0.0
2244 silly packumentCache full:https://registry.npmjs.org/@npmcli%2fnode-gyp cache-miss
2245 http fetch GET 200 https://registry.npmjs.org/npm-normalize-package-bin 26ms (cache revalidated)
2246 silly packumentCache full:https://registry.npmjs.org/npm-normalize-package-bin set size:24461 disposed:false
2247 silly fetch manifest glob@^13.0.0
2248 silly packumentCache full:https://registry.npmjs.org/glob cache-miss
2249 http fetch GET 200 https://registry.npmjs.org/spdx-expression-parse 26ms (cache revalidated)
2250 silly packumentCache full:https://registry.npmjs.org/spdx-expression-parse set size:29500 disposed:false
2251 silly fetch manifest p-map@^7.0.2
2252 silly packumentCache full:https://registry.npmjs.org/p-map cache-miss
2253 http fetch GET 200 https://registry.npmjs.org/glob 28ms (cache revalidated)
2254 silly packumentCache full:https://registry.npmjs.org/glob set size:469465 disposed:false
2255 silly fetch manifest minipass@^7.0.3
2256 silly packumentCache full:https://registry.npmjs.org/minipass cache-hit
2257 silly fetch manifest @npmcli/fs@^5.0.0
2258 silly packumentCache full:https://registry.npmjs.org/@npmcli%2ffs cache-miss
2259 http fetch GET 200 https://registry.npmjs.org/npm-bundled 35ms (cache revalidated)
2260 silly packumentCache full:https://registry.npmjs.org/npm-bundled set size:41327 disposed:false
2261 silly fetch manifest minipass-flush@^1.0.5
2262 silly packumentCache full:https://registry.npmjs.org/minipass-flush cache-miss
2263 http fetch GET 200 https://registry.npmjs.org/node-gyp 35ms (cache revalidated)
2264 silly packumentCache full:https://registry.npmjs.org/node-gyp set size:317909 disposed:false
2265 silly fetch manifest minipass-collect@^2.0.1
2266 silly packumentCache full:https://registry.npmjs.org/minipass-collect cache-miss
2267 http cache https://registry.npmjs.org/glob 14ms (cache hit)
2268 silly packumentCache full:https://registry.npmjs.org/glob set size:469465 disposed:false
2269 silly packumentCache full:https://registry.npmjs.org/glob dispose
2270 silly fetch manifest minipass-pipeline@^1.2.4
2271 silly packumentCache full:https://registry.npmjs.org/minipass-pipeline cache-miss
2272 http fetch GET 200 https://registry.npmjs.org/@gar%2fpromise-retry 47ms (cache revalidated)
2273 silly packumentCache full:https://registry.npmjs.org/@gar%2fpromise-retry set size:11490 disposed:false
2274 silly fetch manifest ignore-walk@^8.0.0
2275 silly packumentCache full:https://registry.npmjs.org/ignore-walk cache-miss
2276 http fetch GET 200 https://registry.npmjs.org/p-map 32ms (cache revalidated)
2277 silly packumentCache full:https://registry.npmjs.org/p-map set size:52373 disposed:false
2278 silly fetch manifest npm-install-checks@^8.0.0
2279 silly packumentCache full:https://registry.npmjs.org/npm-install-checks cache-miss
2280 http fetch GET 200 https://registry.npmjs.org/minipass-collect 25ms (cache revalidated)
2281 silly packumentCache full:https://registry.npmjs.org/minipass-collect set size:12471 disposed:false
2282 silly fetch manifest minizlib@^3.0.1
2283 silly packumentCache full:https://registry.npmjs.org/minizlib cache-miss
2284 http fetch GET 200 https://registry.npmjs.org/minipass-pipeline 21ms (cache revalidated)
2285 silly packumentCache full:https://registry.npmjs.org/minipass-pipeline set size:32257 disposed:false
2286 silly fetch manifest jsonparse@^1.3.1
2287 silly packumentCache full:https://registry.npmjs.org/jsonparse cache-miss
2288 http fetch GET 200 https://registry.npmjs.org/minipass-flush 29ms (cache revalidated)
2289 silly packumentCache full:https://registry.npmjs.org/minipass-flush set size:21037 disposed:false
2290 silly fetch manifest @npmcli/redact@^4.0.0
2291 silly packumentCache full:https://registry.npmjs.org/@npmcli%2fredact cache-miss
2292 http fetch GET 200 https://registry.npmjs.org/@npmcli%2fnode-gyp 44ms (cache revalidated)
2293 silly packumentCache full:https://registry.npmjs.org/@npmcli%2fnode-gyp set size:24278 disposed:false
2294 silly fetch manifest minipass-fetch@^5.0.0
2295 silly packumentCache full:https://registry.npmjs.org/minipass-fetch cache-miss
2296 http fetch GET 200 https://registry.npmjs.org/ignore-walk 23ms (cache revalidated)
2297 silly packumentCache full:https://registry.npmjs.org/ignore-walk set size:71031 disposed:false
2298 silly fetch manifest make-fetch-happen@^15.0.0
2299 silly packumentCache full:https://registry.npmjs.org/make-fetch-happen cache-miss
2300 http fetch GET 200 https://registry.npmjs.org/@npmcli%2ffs 39ms (cache revalidated)
2301 silly packumentCache full:https://registry.npmjs.org/@npmcli%2ffs set size:40445 disposed:false
2302 silly fetch manifest err-code@^2.0.2
2303 silly packumentCache full:https://registry.npmjs.org/err-code cache-miss
2304 http fetch GET 200 https://registry.npmjs.org/npm-install-checks 17ms (cache revalidated)
2305 silly packumentCache full:https://registry.npmjs.org/npm-install-checks set size:59204 disposed:false
2306 silly fetch manifest retry@^0.12.0
2307 silly packumentCache full:https://registry.npmjs.org/retry cache-miss
2308 http fetch GET 200 https://registry.npmjs.org/jsonparse 20ms (cache revalidated)
2309 silly packumentCache full:https://registry.npmjs.org/jsonparse set size:15932 disposed:false
2310 silly fetch manifest @sigstore/bundle@^4.0.0
2311 silly packumentCache full:https://registry.npmjs.org/@sigstore%2fbundle cache-miss
2312 http fetch GET 200 https://registry.npmjs.org/minizlib 20ms (cache revalidated)
2313 silly packumentCache full:https://registry.npmjs.org/minizlib set size:62862 disposed:false
2314 silly fetch manifest @sigstore/core@^3.1.0
2315 silly packumentCache full:https://registry.npmjs.org/@sigstore%2fcore cache-miss
2316 http fetch GET 200 https://registry.npmjs.org/minipass-fetch 20ms (cache revalidated)
2317 silly packumentCache full:https://registry.npmjs.org/minipass-fetch set size:109078 disposed:false
2318 silly fetch manifest @sigstore/protobuf-specs@^0.5.0
2319 silly packumentCache full:https://registry.npmjs.org/@sigstore%2fprotobuf-specs cache-miss
2320 http fetch GET 200 https://registry.npmjs.org/err-code 20ms (cache revalidated)
2321 silly packumentCache full:https://registry.npmjs.org/err-code set size:29518 disposed:false
2322 silly fetch manifest @sigstore/sign@^4.1.0
2323 silly packumentCache full:https://registry.npmjs.org/@sigstore%2fsign cache-miss
2324 http fetch GET 200 https://registry.npmjs.org/@npmcli%2fredact 30ms (cache revalidated)
2325 silly packumentCache full:https://registry.npmjs.org/@npmcli%2fredact set size:32911 disposed:false
2326 silly fetch manifest @sigstore/tuf@^4.0.1
2327 silly packumentCache full:https://registry.npmjs.org/@sigstore%2ftuf cache-miss
2328 http fetch GET 200 https://registry.npmjs.org/make-fetch-happen 28ms (cache revalidated)
2329 silly packumentCache full:https://registry.npmjs.org/make-fetch-happen set size:373638 disposed:false
2330 silly fetch manifest @sigstore/verify@^3.1.0
2331 silly packumentCache full:https://registry.npmjs.org/@sigstore%2fverify cache-miss
2332 http fetch GET 200 https://registry.npmjs.org/retry 24ms (cache revalidated)
2333 silly packumentCache full:https://registry.npmjs.org/retry set size:31161 disposed:false
2334 silly fetch manifest @isaacs/fs-minipass@^4.0.0
2335 silly packumentCache full:https://registry.npmjs.org/@isaacs%2ffs-minipass cache-miss
2336 http fetch GET 200 https://registry.npmjs.org/@sigstore%2fbundle 28ms (cache revalidated)
2337 silly packumentCache full:https://registry.npmjs.org/@sigstore%2fbundle set size:23167 disposed:false
2338 silly fetch manifest chownr@^3.0.0
2339 silly packumentCache full:https://registry.npmjs.org/chownr cache-miss
2340 http fetch GET 200 https://registry.npmjs.org/@sigstore%2fcore 29ms (cache revalidated)
2341 silly packumentCache full:https://registry.npmjs.org/@sigstore%2fcore set size:15387 disposed:false
2342 silly fetch manifest minizlib@^3.1.0
2343 silly packumentCache full:https://registry.npmjs.org/minizlib cache-hit
2344 silly fetch manifest yallist@^5.0.0
2345 silly packumentCache full:https://registry.npmjs.org/yallist cache-hit
2346 http fetch GET 200 https://registry.npmjs.org/@sigstore%2fprotobuf-specs 27ms (cache revalidated)
2347 silly packumentCache full:https://registry.npmjs.org/@sigstore%2fprotobuf-specs set size:27957 disposed:false
2348 http fetch GET 200 https://registry.npmjs.org/@sigstore%2fsign 30ms (cache revalidated)
2349 silly packumentCache full:https://registry.npmjs.org/@sigstore%2fsign set size:39638 disposed:false
2350 http fetch GET 200 https://registry.npmjs.org/@sigstore%2ftuf 30ms (cache revalidated)
2351 silly packumentCache full:https://registry.npmjs.org/@sigstore%2ftuf set size:39378 disposed:false
2352 http fetch GET 200 https://registry.npmjs.org/@sigstore%2fverify 62ms (cache revalidated)
2353 silly packumentCache full:https://registry.npmjs.org/@sigstore%2fverify set size:21996 disposed:false
2354 http fetch GET 200 https://registry.npmjs.org/chownr 50ms (cache revalidated)
2355 silly packumentCache full:https://registry.npmjs.org/chownr set size:22157 disposed:false
2356 http fetch GET 200 https://registry.npmjs.org/@isaacs%2ffs-minipass 61ms (cache revalidated)
2357 silly packumentCache full:https://registry.npmjs.org/@isaacs%2ffs-minipass set size:7912 disposed:false
2358 silly placeDep ROOT @gar/promise-retry@1.0.3 OK for: @npmcli/git@7.0.2 want: ^1.0.0
2359 silly placeDep node_modules/@npmcli/git lru-cache@11.3.6 OK for: @npmcli/git@7.0.2 want: ^11.2.1
2360 silly placeDep node_modules/@npmcli/git which@6.0.1 OK for: @npmcli/git@7.0.2 want: ^6.0.0
2361 silly fetch manifest isexe@^4.0.0
2362 silly packumentCache full:https://registry.npmjs.org/isexe cache-hit
2363 silly placeDep ROOT npm-bundled@5.0.0 OK for: @npmcli/installed-package-contents@4.0.0 want: ^5.0.0
2364 silly placeDep ROOT npm-normalize-package-bin@5.0.0 OK for: @npmcli/installed-package-contents@4.0.0 want: ^5.0.0
2365 silly placeDep ROOT glob@13.0.6 OK for: @npmcli/package-json@7.0.5 want: ^13.0.0
2366 silly placeDep ROOT json-parse-even-better-errors@5.0.0 OK for: @npmcli/package-json@7.0.5 want: ^5.0.0
2367 silly placeDep ROOT spdx-expression-parse@4.0.0 OK for: @npmcli/package-json@7.0.5 want: ^4.0.0
2368 silly fetch manifest minimatch@^10.2.2
2369 silly packumentCache full:https://registry.npmjs.org/minimatch cache-miss
2370 silly fetch manifest path-scurry@^2.0.2
2371 silly packumentCache full:https://registry.npmjs.org/path-scurry cache-miss
2372 silly fetch manifest spdx-exceptions@^2.1.0
2373 silly packumentCache full:https://registry.npmjs.org/spdx-exceptions cache-miss
2374 silly fetch manifest spdx-license-ids@^3.0.0
2375 silly packumentCache full:https://registry.npmjs.org/spdx-license-ids cache-miss
2376 http fetch GET 200 https://registry.npmjs.org/spdx-exceptions 20ms (cache revalidated)
2377 silly packumentCache full:https://registry.npmjs.org/spdx-exceptions set size:21227 disposed:false
2378 http fetch GET 200 https://registry.npmjs.org/spdx-license-ids 21ms (cache revalidated)
2379 silly packumentCache full:https://registry.npmjs.org/spdx-license-ids set size:81601 disposed:false
2380 http fetch GET 200 https://registry.npmjs.org/path-scurry 22ms (cache revalidated)
2381 silly packumentCache full:https://registry.npmjs.org/path-scurry set size:117612 disposed:false
2382 http fetch GET 200 https://registry.npmjs.org/minimatch 23ms (cache revalidated)
2383 silly packumentCache full:https://registry.npmjs.org/minimatch set size:375282 disposed:false
2384 silly placeDep node_modules/@npmcli/promise-spawn which@6.0.1 OK for: @npmcli/promise-spawn@9.0.1 want: ^6.0.0
2385 silly placeDep ROOT @npmcli/node-gyp@5.0.0 OK for: @npmcli/run-script@10.0.4 want: ^5.0.0
2386 silly placeDep ROOT node-gyp@12.3.0 OK for: @npmcli/run-script@10.0.4 want: ^12.1.0
2387 silly fetch manifest env-paths@^2.2.0
2388 silly packumentCache full:https://registry.npmjs.org/env-paths cache-miss
2389 silly fetch manifest exponential-backoff@^3.1.1
2390 silly packumentCache full:https://registry.npmjs.org/exponential-backoff cache-miss
2391 silly fetch manifest graceful-fs@^4.2.6
2392 silly packumentCache full:https://registry.npmjs.org/graceful-fs cache-hit
2393 silly fetch manifest nopt@^9.0.0
2394 silly packumentCache full:https://registry.npmjs.org/nopt cache-miss
2395 silly fetch manifest undici@^6.25.0
2396 silly packumentCache full:https://registry.npmjs.org/undici cache-miss
2397 http cache https://registry.npmjs.org/undici 5ms (cache hit)
2398 silly packumentCache full:https://registry.npmjs.org/undici set size:1406126 disposed:false
2399 http fetch GET 200 https://registry.npmjs.org/nopt 22ms (cache revalidated)
2400 silly packumentCache full:https://registry.npmjs.org/nopt set size:71485 disposed:false
2401 http fetch GET 200 https://registry.npmjs.org/exponential-backoff 25ms (cache revalidated)
2402 silly packumentCache full:https://registry.npmjs.org/exponential-backoff set size:55896 disposed:false
2403 http fetch GET 200 https://registry.npmjs.org/env-paths 25ms (cache revalidated)
2404 silly packumentCache full:https://registry.npmjs.org/env-paths set size:26913 disposed:false
2405 silly placeDep ROOT @npmcli/fs@5.0.0 OK for: cacache@20.0.4 want: ^5.0.0
2406 silly placeDep node_modules/cacache lru-cache@11.3.6 OK for: cacache@20.0.4 want: ^11.1.0
2407 silly placeDep ROOT minipass-collect@2.0.1 OK for: cacache@20.0.4 want: ^2.0.1
2408 silly placeDep ROOT minipass-flush@1.0.7 OK for: cacache@20.0.4 want: ^1.0.5
2409 silly placeDep ROOT minipass-pipeline@1.2.4 OK for: cacache@20.0.4 want: ^1.2.4
2410 silly placeDep ROOT p-map@7.0.4 OK for: cacache@20.0.4 want: ^7.0.2
2411 silly fetch manifest minipass@^3.0.0
2412 silly packumentCache full:https://registry.npmjs.org/minipass cache-hit
2413 silly fetch manifest minipass@^3.0.0
2414 silly packumentCache full:https://registry.npmjs.org/minipass cache-hit
2415 silly placeDep ROOT minimatch@10.2.5 OK for: glob@13.0.6 want: ^10.2.2
2416 silly placeDep ROOT path-scurry@2.0.2 OK for: glob@13.0.6 want: ^2.0.2
2417 silly fetch manifest brace-expansion@^5.0.5
2418 silly packumentCache full:https://registry.npmjs.org/brace-expansion cache-miss
2419 silly fetch manifest lru-cache@^11.0.0
2420 silly packumentCache full:https://registry.npmjs.org/lru-cache cache-hit
2421 http fetch GET 200 https://registry.npmjs.org/brace-expansion 31ms (cache revalidated)
2422 silly packumentCache full:https://registry.npmjs.org/brace-expansion set size:70654 disposed:false
2423 silly placeDep ROOT brace-expansion@5.0.6 OK for: minimatch@10.2.5 want: ^5.0.5
2424 silly fetch manifest balanced-match@^4.0.2
2425 silly packumentCache full:https://registry.npmjs.org/balanced-match cache-miss
2426 http fetch GET 200 https://registry.npmjs.org/balanced-match 17ms (cache revalidated)
2427 silly packumentCache full:https://registry.npmjs.org/balanced-match set size:39082 disposed:false
2428 silly placeDep ROOT balanced-match@4.0.4 OK for: brace-expansion@5.0.6 want: ^4.0.2
2429 silly placeDep node_modules/minipass-flush minipass@3.3.6 OK for: minipass-flush@1.0.7 want: ^3.0.0
2430 silly fetch manifest yallist@^4.0.0
2431 silly packumentCache full:https://registry.npmjs.org/yallist cache-hit
2432 silly placeDep node_modules/minipass-pipeline minipass@3.3.6 OK for: minipass-pipeline@1.2.4 want: ^3.0.0
2433 silly placeDep ROOT env-paths@2.2.1 OK for: node-gyp@12.3.0 want: ^2.2.0
2434 silly placeDep ROOT exponential-backoff@3.1.3 OK for: node-gyp@12.3.0 want: ^3.1.1
2435 silly placeDep ROOT graceful-fs@4.2.11 OK for: node-gyp@12.3.0 want: ^4.2.6
2436 silly placeDep ROOT nopt@9.0.0 OK for: node-gyp@12.3.0 want: ^9.0.0
2437 silly placeDep node_modules/node-gyp undici@6.25.0 OK for: node-gyp@12.3.0 want: ^6.25.0
2438 silly placeDep node_modules/node-gyp which@6.0.1 OK for: node-gyp@12.3.0 want: ^6.0.0
2439 silly fetch manifest abbrev@^4.0.0
2440 silly packumentCache full:https://registry.npmjs.org/abbrev cache-miss
2441 http fetch GET 200 https://registry.npmjs.org/abbrev 19ms (cache revalidated)
2442 silly packumentCache full:https://registry.npmjs.org/abbrev set size:24244 disposed:false
2443 silly placeDep ROOT abbrev@4.0.0 OK for: nopt@9.0.0 want: ^4.0.0
2444 silly placeDep ROOT ignore-walk@8.0.0 OK for: npm-packlist@10.0.4 want: ^8.0.0
2445 silly placeDep ROOT npm-install-checks@8.0.0 OK for: npm-pick-manifest@11.0.3 want: ^8.0.0
2446 silly placeDep ROOT @npmcli/redact@4.0.0 OK for: npm-registry-fetch@19.1.1 want: ^4.0.0
2447 silly placeDep ROOT jsonparse@1.3.1 OK for: npm-registry-fetch@19.1.1 want: ^1.3.1
2448 silly placeDep ROOT make-fetch-happen@15.0.5 OK for: npm-registry-fetch@19.1.1 want: ^15.0.0
2449 silly placeDep ROOT minipass-fetch@5.0.2 OK for: npm-registry-fetch@19.1.1 want: ^5.0.0
2450 silly placeDep ROOT minizlib@3.1.0 OK for: npm-registry-fetch@19.1.1 want: ^3.0.1
2451 silly fetch manifest @npmcli/agent@^4.0.0
2452 silly packumentCache full:https://registry.npmjs.org/@npmcli%2fagent cache-miss
2453 silly fetch manifest http-cache-semantics@^4.1.1
2454 silly packumentCache full:https://registry.npmjs.org/http-cache-semantics cache-miss
2455 silly fetch manifest minipass-sized@^2.0.0
2456 silly packumentCache full:https://registry.npmjs.org/minipass-sized cache-miss
2457 http fetch GET 200 https://registry.npmjs.org/minipass-sized 113ms (cache revalidated)
2458 silly packumentCache full:https://registry.npmjs.org/minipass-sized set size:14420 disposed:false
2459 http fetch GET 200 https://registry.npmjs.org/@npmcli%2fagent 113ms (cache revalidated)
2460 silly packumentCache full:https://registry.npmjs.org/@npmcli%2fagent set size:30932 disposed:false
2461 http fetch GET 200 https://registry.npmjs.org/http-cache-semantics 114ms (cache revalidated)
2462 silly packumentCache full:https://registry.npmjs.org/http-cache-semantics set size:66288 disposed:false
2463 silly placeDep ROOT @npmcli/agent@4.0.0 OK for: make-fetch-happen@15.0.5 want: ^4.0.0
2464 silly placeDep ROOT http-cache-semantics@4.2.0 OK for: make-fetch-happen@15.0.5 want: ^4.1.1
2465 silly fetch manifest socks-proxy-agent@^8.0.3
2466 silly packumentCache full:https://registry.npmjs.org/socks-proxy-agent cache-miss
2467 http fetch GET 200 https://registry.npmjs.org/socks-proxy-agent 34ms (cache revalidated)
2468 silly packumentCache full:https://registry.npmjs.org/socks-proxy-agent set size:104740 disposed:false
2469 silly placeDep node_modules/@npmcli/agent lru-cache@11.3.6 OK for: @npmcli/agent@4.0.0 want: ^11.2.1
2470 silly placeDep ROOT socks-proxy-agent@8.0.5 OK for: @npmcli/agent@4.0.0 want: ^8.0.3
2471 silly fetch manifest socks@^2.8.3
2472 silly packumentCache full:https://registry.npmjs.org/socks cache-miss
2473 http fetch GET 200 https://registry.npmjs.org/socks 22ms (cache revalidated)
2474 silly packumentCache full:https://registry.npmjs.org/socks set size:173143 disposed:false
2475 silly placeDep ROOT minipass-sized@2.0.0 OK for: minipass-fetch@5.0.2 want: ^2.0.0
2476 silly placeDep node_modules/parse5 entities@8.0.0 OK for: parse5@8.0.1 want: ^8.0.0
2477 silly placeDep node_modules/parse5-html-rewriting-stream entities@6.0.1 OK for: parse5-html-rewriting-stream@8.0.0 want: ^6.0.0
2478 silly placeDep ROOT parse5-sax-parser@8.0.0 OK for: parse5-html-rewriting-stream@8.0.0 want: ^8.0.0
2479 silly placeDep node_modules/path-scurry lru-cache@11.3.6 OK for: path-scurry@2.0.2 want: ^11.0.0
2480 silly placeDep ROOT @napi-rs/nice@1.1.1 OK for: piscina@5.1.4 want: ^1.0.4
2481 silly fetch manifest @napi-rs/nice-darwin-x64@1.1.1
2482 silly packumentCache full:https://registry.npmjs.org/@napi-rs%2fnice-darwin-x64 cache-miss
2483 silly fetch manifest @napi-rs/nice-darwin-arm64@1.1.1
2484 silly packumentCache full:https://registry.npmjs.org/@napi-rs%2fnice-darwin-arm64 cache-miss
2485 silly fetch manifest @napi-rs/nice-linux-x64-gnu@1.1.1
2486 silly packumentCache full:https://registry.npmjs.org/@napi-rs%2fnice-linux-x64-gnu cache-miss
2487 silly fetch manifest @napi-rs/nice-win32-x64-msvc@1.1.1
2488 silly packumentCache full:https://registry.npmjs.org/@napi-rs%2fnice-win32-x64-msvc cache-miss
2489 silly fetch manifest @napi-rs/nice-linux-x64-musl@1.1.1
2490 silly packumentCache full:https://registry.npmjs.org/@napi-rs%2fnice-linux-x64-musl cache-miss
2491 silly fetch manifest @napi-rs/nice-linux-arm64-gnu@1.1.1
2492 silly packumentCache full:https://registry.npmjs.org/@napi-rs%2fnice-linux-arm64-gnu cache-miss
2493 silly fetch manifest @napi-rs/nice-win32-ia32-msvc@1.1.1
2494 silly packumentCache full:https://registry.npmjs.org/@napi-rs%2fnice-win32-ia32-msvc cache-miss
2495 http fetch GET 200 https://registry.npmjs.org/@napi-rs%2fnice-win32-x64-msvc 34ms (cache miss)
2496 silly packumentCache full:https://registry.npmjs.org/@napi-rs%2fnice-win32-x64-msvc set size:undefined disposed:false
2497 silly fetch manifest @napi-rs/nice-linux-arm-gnueabihf@1.1.1
2498 silly packumentCache full:https://registry.npmjs.org/@napi-rs%2fnice-linux-arm-gnueabihf cache-miss
2499 http fetch GET 200 https://registry.npmjs.org/@napi-rs%2fnice-linux-arm64-gnu 37ms (cache miss)
2500 silly packumentCache full:https://registry.npmjs.org/@napi-rs%2fnice-linux-arm64-gnu set size:undefined disposed:false
2501 silly fetch manifest @napi-rs/nice-android-arm64@1.1.1
2502 silly packumentCache full:https://registry.npmjs.org/@napi-rs%2fnice-android-arm64 cache-miss
2503 http fetch GET 200 https://registry.npmjs.org/@napi-rs%2fnice-linux-x64-gnu 48ms (cache miss)
2504 silly packumentCache full:https://registry.npmjs.org/@napi-rs%2fnice-linux-x64-gnu set size:undefined disposed:false
2505 silly fetch manifest @napi-rs/nice-freebsd-x64@1.1.1
2506 silly packumentCache full:https://registry.npmjs.org/@napi-rs%2fnice-freebsd-x64 cache-miss
2507 http fetch GET 200 https://registry.npmjs.org/@napi-rs%2fnice-linux-x64-musl 222ms (cache miss)
2508 silly packumentCache full:https://registry.npmjs.org/@napi-rs%2fnice-linux-x64-musl set size:undefined disposed:false
2509 silly fetch manifest @napi-rs/nice-linux-arm64-musl@1.1.1
2510 silly packumentCache full:https://registry.npmjs.org/@napi-rs%2fnice-linux-arm64-musl cache-miss
2511 http fetch GET 200 https://registry.npmjs.org/@napi-rs%2fnice-win32-ia32-msvc 223ms (cache miss)
2512 silly packumentCache full:https://registry.npmjs.org/@napi-rs%2fnice-win32-ia32-msvc set size:undefined disposed:false
2513 silly fetch manifest @napi-rs/nice-android-arm-eabi@1.1.1
2514 silly packumentCache full:https://registry.npmjs.org/@napi-rs%2fnice-android-arm-eabi cache-miss
2515 http fetch GET 200 https://registry.npmjs.org/@napi-rs%2fnice-darwin-arm64 224ms (cache miss)
2516 silly packumentCache full:https://registry.npmjs.org/@napi-rs%2fnice-darwin-arm64 set size:undefined disposed:false
2517 silly fetch manifest @napi-rs/nice-win32-arm64-msvc@1.1.1
2518 silly packumentCache full:https://registry.npmjs.org/@napi-rs%2fnice-win32-arm64-msvc cache-miss
2519 http fetch GET 200 https://registry.npmjs.org/@napi-rs%2fnice-linux-arm-gnueabihf 218ms (cache miss)
2520 silly packumentCache full:https://registry.npmjs.org/@napi-rs%2fnice-linux-arm-gnueabihf set size:undefined disposed:false
2521 silly fetch manifest @napi-rs/nice-linux-ppc64-gnu@1.1.1
2522 silly packumentCache full:https://registry.npmjs.org/@napi-rs%2fnice-linux-ppc64-gnu cache-miss
2523 http fetch GET 200 https://registry.npmjs.org/@napi-rs%2fnice-linux-arm64-musl 34ms (cache miss)
2524 silly packumentCache full:https://registry.npmjs.org/@napi-rs%2fnice-linux-arm64-musl set size:undefined disposed:false
2525 silly fetch manifest @napi-rs/nice-linux-s390x-gnu@1.1.1
2526 silly packumentCache full:https://registry.npmjs.org/@napi-rs%2fnice-linux-s390x-gnu cache-miss
2527 http fetch GET 200 https://registry.npmjs.org/@napi-rs%2fnice-linux-s390x-gnu 40ms (cache miss)
2528 silly packumentCache full:https://registry.npmjs.org/@napi-rs%2fnice-linux-s390x-gnu set size:undefined disposed:false
2529 silly fetch manifest @napi-rs/nice-linux-riscv64-gnu@1.1.1
2530 silly packumentCache full:https://registry.npmjs.org/@napi-rs%2fnice-linux-riscv64-gnu cache-miss
2531 http fetch GET 200 https://registry.npmjs.org/@napi-rs%2fnice-android-arm-eabi 229ms (cache miss)
2532 silly packumentCache full:https://registry.npmjs.org/@napi-rs%2fnice-android-arm-eabi set size:undefined disposed:false
2533 silly fetch manifest @napi-rs/nice-openharmony-arm64@1.1.1
2534 silly packumentCache full:https://registry.npmjs.org/@napi-rs%2fnice-openharmony-arm64 cache-miss
2535 http fetch GET 200 https://registry.npmjs.org/@napi-rs%2fnice-win32-arm64-msvc 342ms (cache miss)
2536 silly packumentCache full:https://registry.npmjs.org/@napi-rs%2fnice-win32-arm64-msvc set size:undefined disposed:false
2537 http fetch GET 200 https://registry.npmjs.org/@napi-rs%2fnice-freebsd-x64 534ms (cache miss)
2538 silly packumentCache full:https://registry.npmjs.org/@napi-rs%2fnice-freebsd-x64 set size:undefined disposed:false
2539 http fetch GET 200 https://registry.npmjs.org/@napi-rs%2fnice-android-arm64 571ms (cache miss)
2540 silly packumentCache full:https://registry.npmjs.org/@napi-rs%2fnice-android-arm64 set size:undefined disposed:false
2541 http fetch GET 200 https://registry.npmjs.org/@napi-rs%2fnice-darwin-x64 655ms (cache miss)
2542 silly packumentCache full:https://registry.npmjs.org/@napi-rs%2fnice-darwin-x64 set size:undefined disposed:false
2543 http fetch GET 200 https://registry.npmjs.org/@napi-rs%2fnice-openharmony-arm64 227ms (cache miss)
2544 silly packumentCache full:https://registry.npmjs.org/@napi-rs%2fnice-openharmony-arm64 set size:undefined disposed:false
2545 http fetch GET 200 https://registry.npmjs.org/@napi-rs%2fnice-linux-riscv64-gnu 543ms (cache miss)
2546 silly packumentCache full:https://registry.npmjs.org/@napi-rs%2fnice-linux-riscv64-gnu set size:undefined disposed:false
2547 http fetch GET 200 https://registry.npmjs.org/@napi-rs%2fnice-linux-ppc64-gnu 883ms (cache miss)
2548 silly packumentCache full:https://registry.npmjs.org/@napi-rs%2fnice-linux-ppc64-gnu set size:undefined disposed:false
2549 silly placeDep ROOT @napi-rs/nice-android-arm-eabi@1.1.1 OK for: @napi-rs/nice@1.1.1 want: 1.1.1
2550 silly placeDep ROOT @napi-rs/nice-android-arm64@1.1.1 OK for: @napi-rs/nice@1.1.1 want: 1.1.1
2551 silly placeDep ROOT @napi-rs/nice-darwin-arm64@1.1.1 OK for: @napi-rs/nice@1.1.1 want: 1.1.1
2552 silly placeDep ROOT @napi-rs/nice-darwin-x64@1.1.1 OK for: @napi-rs/nice@1.1.1 want: 1.1.1
2553 silly placeDep ROOT @napi-rs/nice-freebsd-x64@1.1.1 OK for: @napi-rs/nice@1.1.1 want: 1.1.1
2554 silly placeDep ROOT @napi-rs/nice-linux-arm-gnueabihf@1.1.1 OK for: @napi-rs/nice@1.1.1 want: 1.1.1
2555 silly placeDep ROOT @napi-rs/nice-linux-arm64-gnu@1.1.1 OK for: @napi-rs/nice@1.1.1 want: 1.1.1
2556 silly placeDep ROOT @napi-rs/nice-linux-arm64-musl@1.1.1 OK for: @napi-rs/nice@1.1.1 want: 1.1.1
2557 silly placeDep ROOT @napi-rs/nice-linux-ppc64-gnu@1.1.1 OK for: @napi-rs/nice@1.1.1 want: 1.1.1
2558 silly placeDep ROOT @napi-rs/nice-linux-riscv64-gnu@1.1.1 OK for: @napi-rs/nice@1.1.1 want: 1.1.1
2559 silly placeDep ROOT @napi-rs/nice-linux-s390x-gnu@1.1.1 OK for: @napi-rs/nice@1.1.1 want: 1.1.1
2560 silly placeDep ROOT @napi-rs/nice-linux-x64-gnu@1.1.1 OK for: @napi-rs/nice@1.1.1 want: 1.1.1
2561 silly placeDep ROOT @napi-rs/nice-linux-x64-musl@1.1.1 OK for: @napi-rs/nice@1.1.1 want: 1.1.1
2562 silly placeDep ROOT @napi-rs/nice-openharmony-arm64@1.1.1 OK for: @napi-rs/nice@1.1.1 want: 1.1.1
2563 silly placeDep ROOT @napi-rs/nice-win32-arm64-msvc@1.1.1 OK for: @napi-rs/nice@1.1.1 want: 1.1.1
2564 silly placeDep ROOT @napi-rs/nice-win32-ia32-msvc@1.1.1 OK for: @napi-rs/nice@1.1.1 want: 1.1.1
2565 silly placeDep ROOT @napi-rs/nice-win32-x64-msvc@1.1.1 OK for: @napi-rs/nice@1.1.1 want: 1.1.1
2566 silly placeDep ROOT nanoid@3.3.12 OK for: postcss@8.5.14 want: ^3.3.11
2567 silly placeDep ROOT err-code@2.0.3 OK for: promise-retry@2.0.1 want: ^2.0.2
2568 silly placeDep ROOT retry@0.12.0 OK for: promise-retry@2.0.1 want: ^0.12.0
2569 silly placeDep ROOT forwarded@0.2.0 OK for: proxy-addr@2.0.7 want: 0.2.0
2570 silly placeDep ROOT ipaddr.js@1.9.1 OK for: proxy-addr@2.0.7 want: 1.9.1
2571 silly placeDep ROOT side-channel@1.1.0 OK for: qs@6.15.1 want: ^1.1.0
2572 silly fetch manifest es-errors@^1.3.0
2573 silly packumentCache full:https://registry.npmjs.org/es-errors cache-miss
2574 silly fetch manifest object-inspect@^1.13.3
2575 silly packumentCache full:https://registry.npmjs.org/object-inspect cache-miss
2576 silly fetch manifest side-channel-list@^1.0.0
2577 silly packumentCache full:https://registry.npmjs.org/side-channel-list cache-miss
2578 silly fetch manifest side-channel-map@^1.0.1
2579 silly packumentCache full:https://registry.npmjs.org/side-channel-map cache-miss
2580 silly fetch manifest side-channel-weakmap@^1.0.2
2581 silly packumentCache full:https://registry.npmjs.org/side-channel-weakmap cache-miss
2582 http fetch GET 200 https://registry.npmjs.org/es-errors 24ms (cache revalidated)
2583 silly packumentCache full:https://registry.npmjs.org/es-errors set size:16918 disposed:false
2584 http fetch GET 200 https://registry.npmjs.org/side-channel-map 40ms (cache revalidated)
2585 silly packumentCache full:https://registry.npmjs.org/side-channel-map set size:9126 disposed:false
2586 http fetch GET 200 https://registry.npmjs.org/object-inspect 41ms (cache revalidated)
2587 silly packumentCache full:https://registry.npmjs.org/object-inspect set size:101912 disposed:false
2588 http fetch GET 200 https://registry.npmjs.org/side-channel-list 42ms (cache revalidated)
2589 silly packumentCache full:https://registry.npmjs.org/side-channel-list set size:9021 disposed:false
2590 http fetch GET 200 https://registry.npmjs.org/side-channel-weakmap 43ms (cache revalidated)
2591 silly packumentCache full:https://registry.npmjs.org/side-channel-weakmap set size:12620 disposed:false
2592 silly placeDep ROOT unpipe@1.0.0 OK for: raw-body@3.0.2 want: ~1.0.0
2593 silly placeDep ROOT onetime@7.0.0 OK for: restore-cursor@5.1.0 want: ^7.0.0
2594 silly fetch manifest mimic-function@^5.0.0
2595 silly packumentCache full:https://registry.npmjs.org/mimic-function cache-miss
2596 http fetch GET 200 https://registry.npmjs.org/mimic-function 20ms (cache revalidated)
2597 silly packumentCache full:https://registry.npmjs.org/mimic-function set size:6356 disposed:false
2598 silly placeDep ROOT mimic-function@5.0.1 OK for: onetime@7.0.0 want: ^5.0.0
2599 silly placeDep ROOT @oxc-project/types@0.113.0 OK for: rolldown@1.0.0-rc.4 want: =0.113.0
2600 silly placeDep ROOT @rolldown/binding-android-arm64@1.0.0-rc.4 OK for: rolldown@1.0.0-rc.4 want: 1.0.0-rc.4
2601 silly placeDep ROOT @rolldown/binding-darwin-arm64@1.0.0-rc.4 OK for: rolldown@1.0.0-rc.4 want: 1.0.0-rc.4
2602 silly placeDep ROOT @rolldown/binding-darwin-x64@1.0.0-rc.4 OK for: rolldown@1.0.0-rc.4 want: 1.0.0-rc.4
2603 silly placeDep ROOT @rolldown/binding-freebsd-x64@1.0.0-rc.4 OK for: rolldown@1.0.0-rc.4 want: 1.0.0-rc.4
2604 silly placeDep ROOT @rolldown/binding-linux-arm-gnueabihf@1.0.0-rc.4 OK for: rolldown@1.0.0-rc.4 want: 1.0.0-rc.4
2605 silly placeDep ROOT @rolldown/binding-linux-arm64-gnu@1.0.0-rc.4 OK for: rolldown@1.0.0-rc.4 want: 1.0.0-rc.4
2606 silly placeDep ROOT @rolldown/binding-linux-arm64-musl@1.0.0-rc.4 OK for: rolldown@1.0.0-rc.4 want: 1.0.0-rc.4
2607 silly placeDep ROOT @rolldown/binding-linux-x64-gnu@1.0.0-rc.4 OK for: rolldown@1.0.0-rc.4 want: 1.0.0-rc.4
2608 silly placeDep ROOT @rolldown/binding-linux-x64-musl@1.0.0-rc.4 OK for: rolldown@1.0.0-rc.4 want: 1.0.0-rc.4
2609 silly placeDep ROOT @rolldown/binding-openharmony-arm64@1.0.0-rc.4 OK for: rolldown@1.0.0-rc.4 want: 1.0.0-rc.4
2610 silly placeDep ROOT @rolldown/binding-wasm32-wasi@1.0.0-rc.4 OK for: rolldown@1.0.0-rc.4 want: 1.0.0-rc.4
2611 silly placeDep ROOT @rolldown/binding-win32-arm64-msvc@1.0.0-rc.4 OK for: rolldown@1.0.0-rc.4 want: 1.0.0-rc.4
2612 silly placeDep ROOT @rolldown/binding-win32-x64-msvc@1.0.0-rc.4 OK for: rolldown@1.0.0-rc.4 want: 1.0.0-rc.4
2613 silly placeDep ROOT @rolldown/pluginutils@1.0.0-rc.4 OK for: rolldown@1.0.0-rc.4 want: 1.0.0-rc.4
2614 silly fetch manifest @napi-rs/wasm-runtime@^1.1.1
2615 silly packumentCache full:https://registry.npmjs.org/@napi-rs%2fwasm-runtime cache-miss
2616 http fetch GET 200 https://registry.npmjs.org/@napi-rs%2fwasm-runtime 40ms (cache miss)
2617 silly packumentCache full:https://registry.npmjs.org/@napi-rs%2fwasm-runtime set size:undefined disposed:false
2618 silly fetch manifest @emnapi/core@^1.7.1
2619 silly packumentCache full:https://registry.npmjs.org/@emnapi%2fcore cache-miss
2620 http fetch GET 200 https://registry.npmjs.org/@emnapi%2fcore 46ms (cache miss)
2621 silly packumentCache full:https://registry.npmjs.org/@emnapi%2fcore set size:undefined disposed:false
2622 silly fetch manifest @emnapi/runtime@^1.7.1
2623 silly packumentCache full:https://registry.npmjs.org/@emnapi%2fruntime cache-miss
2624 http fetch GET 200 https://registry.npmjs.org/@emnapi%2fruntime 52ms (cache miss)
2625 silly packumentCache full:https://registry.npmjs.org/@emnapi%2fruntime set size:undefined disposed:false
2626 silly placeDep ROOT @napi-rs/wasm-runtime@1.1.4 OK for: @rolldown/binding-wasm32-wasi@1.0.0-rc.4 want: ^1.1.1
2627 silly placeDep ROOT @emnapi/core@1.10.0 OK for: @napi-rs/wasm-runtime@1.1.4 want: ^1.7.1
2628 silly placeDep ROOT @emnapi/runtime@1.10.0 OK for: @napi-rs/wasm-runtime@1.1.4 want: ^1.7.1
2629 silly fetch manifest @tybys/wasm-util@^0.10.1
2630 silly packumentCache full:https://registry.npmjs.org/@tybys%2fwasm-util cache-miss
2631 silly fetch manifest @emnapi/wasi-threads@1.2.1
2632 silly packumentCache full:https://registry.npmjs.org/@emnapi%2fwasi-threads cache-miss
2633 http fetch GET 200 https://registry.npmjs.org/@emnapi%2fwasi-threads 128ms (cache miss)
2634 silly packumentCache full:https://registry.npmjs.org/@emnapi%2fwasi-threads set size:undefined disposed:false
2635 http fetch GET 200 https://registry.npmjs.org/@tybys%2fwasm-util 138ms (cache miss)
2636 silly packumentCache full:https://registry.npmjs.org/@tybys%2fwasm-util set size:undefined disposed:false
2637 silly placeDep ROOT @emnapi/wasi-threads@1.2.1 OK for: @emnapi/core@1.10.0 want: 1.2.1
2638 silly placeDep ROOT @tybys/wasm-util@0.10.2 OK for: @napi-rs/wasm-runtime@1.1.4 want: ^0.10.1
2639 silly placeDep ROOT is-promise@4.0.0 OK for: router@2.2.0 want: ^4.0.0
2640 silly placeDep ROOT path-to-regexp@8.4.2 OK for: router@2.2.0 want: ^8.0.0
2641 silly placeDep ROOT @parcel/watcher@2.5.6 OK for: sass@1.97.3 want: ^2.4.1
2642 silly placeDep node_modules/sass chokidar@4.0.3 OK for: sass@1.97.3 want: ^4.0.0
2643 silly placeDep ROOT immutable@5.1.5 OK for: sass@1.97.3 want: ^5.0.2
2644 silly fetch manifest is-glob@^4.0.3
2645 silly packumentCache full:https://registry.npmjs.org/is-glob cache-miss
2646 silly fetch manifest node-addon-api@^7.0.0
2647 silly packumentCache full:https://registry.npmjs.org/node-addon-api cache-miss
2648 silly fetch manifest @parcel/watcher-darwin-x64@2.5.6
2649 silly packumentCache full:https://registry.npmjs.org/@parcel%2fwatcher-darwin-x64 cache-miss
2650 silly fetch manifest @parcel/watcher-darwin-arm64@2.5.6
2651 silly packumentCache full:https://registry.npmjs.org/@parcel%2fwatcher-darwin-arm64 cache-miss
2652 silly fetch manifest @parcel/watcher-win32-x64@2.5.6
2653 silly packumentCache full:https://registry.npmjs.org/@parcel%2fwatcher-win32-x64 cache-miss
2654 silly fetch manifest @parcel/watcher-win32-arm64@2.5.6
2655 silly packumentCache full:https://registry.npmjs.org/@parcel%2fwatcher-win32-arm64 cache-miss
2656 silly fetch manifest @parcel/watcher-win32-ia32@2.5.6
2657 silly packumentCache full:https://registry.npmjs.org/@parcel%2fwatcher-win32-ia32 cache-miss
2658 http cache https://registry.npmjs.org/node-addon-api 9ms (cache hit)
2659 silly packumentCache full:https://registry.npmjs.org/node-addon-api set size:347062 disposed:false
2660 silly fetch manifest @parcel/watcher-linux-x64-glibc@2.5.6
2661 silly packumentCache full:https://registry.npmjs.org/@parcel%2fwatcher-linux-x64-glibc cache-miss
2662 http fetch GET 200 https://registry.npmjs.org/@parcel%2fwatcher-darwin-x64 38ms (cache updated)
2663 silly packumentCache full:https://registry.npmjs.org/@parcel%2fwatcher-darwin-x64 set size:undefined disposed:false
2664 silly fetch manifest @parcel/watcher-linux-x64-musl@2.5.6
2665 silly packumentCache full:https://registry.npmjs.org/@parcel%2fwatcher-linux-x64-musl cache-miss
2666 http fetch GET 200 https://registry.npmjs.org/@parcel%2fwatcher-win32-ia32 50ms (cache updated)
2667 silly packumentCache full:https://registry.npmjs.org/@parcel%2fwatcher-win32-ia32 set size:undefined disposed:false
2668 silly fetch manifest @parcel/watcher-linux-arm64-glibc@2.5.6
2669 silly packumentCache full:https://registry.npmjs.org/@parcel%2fwatcher-linux-arm64-glibc cache-miss
2670 http fetch GET 200 https://registry.npmjs.org/@parcel%2fwatcher-linux-x64-musl 38ms (cache updated)
2671 silly packumentCache full:https://registry.npmjs.org/@parcel%2fwatcher-linux-x64-musl set size:undefined disposed:false
2672 silly fetch manifest @parcel/watcher-linux-arm64-musl@2.5.6
2673 silly packumentCache full:https://registry.npmjs.org/@parcel%2fwatcher-linux-arm64-musl cache-miss
2674 http fetch GET 200 https://registry.npmjs.org/@parcel%2fwatcher-linux-x64-glibc 83ms (cache updated)
2675 silly packumentCache full:https://registry.npmjs.org/@parcel%2fwatcher-linux-x64-glibc set size:undefined disposed:false
2676 silly fetch manifest @parcel/watcher-linux-arm-glibc@2.5.6
2677 silly packumentCache full:https://registry.npmjs.org/@parcel%2fwatcher-linux-arm-glibc cache-miss
2678 http fetch GET 200 https://registry.npmjs.org/@parcel%2fwatcher-linux-arm64-glibc 50ms (cache updated)
2679 silly packumentCache full:https://registry.npmjs.org/@parcel%2fwatcher-linux-arm64-glibc set size:undefined disposed:false
2680 silly fetch manifest @parcel/watcher-linux-arm-musl@2.5.6
2681 silly packumentCache full:https://registry.npmjs.org/@parcel%2fwatcher-linux-arm-musl cache-miss
2682 http fetch GET 200 https://registry.npmjs.org/@parcel%2fwatcher-win32-x64 231ms (cache updated)
2683 silly packumentCache full:https://registry.npmjs.org/@parcel%2fwatcher-win32-x64 set size:undefined disposed:false
2684 silly fetch manifest @parcel/watcher-android-arm64@2.5.6
2685 silly packumentCache full:https://registry.npmjs.org/@parcel%2fwatcher-android-arm64 cache-miss
2686 http fetch GET 200 https://registry.npmjs.org/@parcel%2fwatcher-win32-arm64 237ms (cache updated)
2687 silly packumentCache full:https://registry.npmjs.org/@parcel%2fwatcher-win32-arm64 set size:undefined disposed:false
2688 silly fetch manifest @parcel/watcher-freebsd-x64@2.5.6
2689 silly packumentCache full:https://registry.npmjs.org/@parcel%2fwatcher-freebsd-x64 cache-miss
2690 http fetch GET 200 https://registry.npmjs.org/is-glob 243ms (cache revalidated)
2691 silly packumentCache full:https://registry.npmjs.org/is-glob set size:40530 disposed:false
2692 silly fetch manifest readdirp@^4.0.1
2693 silly packumentCache full:https://registry.npmjs.org/readdirp cache-hit
2694 http fetch GET 200 https://registry.npmjs.org/@parcel%2fwatcher-freebsd-x64 38ms (cache updated)
2695 silly packumentCache full:https://registry.npmjs.org/@parcel%2fwatcher-freebsd-x64 set size:undefined disposed:false
2696 http fetch GET 200 https://registry.npmjs.org/@parcel%2fwatcher-linux-arm-musl 214ms (cache updated)
2697 silly packumentCache full:https://registry.npmjs.org/@parcel%2fwatcher-linux-arm-musl set size:undefined disposed:false
2698 http fetch GET 200 https://registry.npmjs.org/@parcel%2fwatcher-linux-arm-glibc 277ms (cache updated)
2699 silly packumentCache full:https://registry.npmjs.org/@parcel%2fwatcher-linux-arm-glibc set size:undefined disposed:false
2700 http fetch GET 200 https://registry.npmjs.org/@parcel%2fwatcher-darwin-arm64 378ms (cache updated)
2701 silly packumentCache full:https://registry.npmjs.org/@parcel%2fwatcher-darwin-arm64 set size:undefined disposed:false
2702 http fetch GET 200 https://registry.npmjs.org/@parcel%2fwatcher-linux-arm64-musl 440ms (cache updated)
2703 silly packumentCache full:https://registry.npmjs.org/@parcel%2fwatcher-linux-arm64-musl set size:undefined disposed:false
2704 http fetch GET 200 https://registry.npmjs.org/@parcel%2fwatcher-android-arm64 358ms (cache updated)
2705 silly packumentCache full:https://registry.npmjs.org/@parcel%2fwatcher-android-arm64 set size:undefined disposed:false
2706 silly placeDep ROOT @parcel/watcher-android-arm64@2.5.6 OK for: @parcel/watcher@2.5.6 want: 2.5.6
2707 silly placeDep ROOT @parcel/watcher-darwin-arm64@2.5.6 OK for: @parcel/watcher@2.5.6 want: 2.5.6
2708 silly placeDep ROOT @parcel/watcher-darwin-x64@2.5.6 OK for: @parcel/watcher@2.5.6 want: 2.5.6
2709 silly placeDep ROOT @parcel/watcher-freebsd-x64@2.5.6 OK for: @parcel/watcher@2.5.6 want: 2.5.6
2710 silly placeDep ROOT @parcel/watcher-linux-arm-glibc@2.5.6 OK for: @parcel/watcher@2.5.6 want: 2.5.6
2711 silly placeDep ROOT @parcel/watcher-linux-arm-musl@2.5.6 OK for: @parcel/watcher@2.5.6 want: 2.5.6
2712 silly placeDep ROOT @parcel/watcher-linux-arm64-glibc@2.5.6 OK for: @parcel/watcher@2.5.6 want: 2.5.6
2713 silly placeDep ROOT @parcel/watcher-linux-arm64-musl@2.5.6 OK for: @parcel/watcher@2.5.6 want: 2.5.6
2714 silly placeDep ROOT @parcel/watcher-linux-x64-glibc@2.5.6 OK for: @parcel/watcher@2.5.6 want: 2.5.6
2715 silly placeDep ROOT @parcel/watcher-linux-x64-musl@2.5.6 OK for: @parcel/watcher@2.5.6 want: 2.5.6
2716 silly placeDep ROOT @parcel/watcher-win32-arm64@2.5.6 OK for: @parcel/watcher@2.5.6 want: 2.5.6
2717 silly placeDep ROOT @parcel/watcher-win32-ia32@2.5.6 OK for: @parcel/watcher@2.5.6 want: 2.5.6
2718 silly placeDep ROOT @parcel/watcher-win32-x64@2.5.6 OK for: @parcel/watcher@2.5.6 want: 2.5.6
2719 silly placeDep ROOT is-glob@4.0.3 OK for: @parcel/watcher@2.5.6 want: ^4.0.3
2720 silly placeDep node_modules/@parcel/watcher node-addon-api@7.1.1 OK for: @parcel/watcher@2.5.6 want: ^7.0.0
2721 silly fetch manifest is-extglob@^2.1.1
2722 silly packumentCache full:https://registry.npmjs.org/is-extglob cache-miss
2723 http fetch GET 200 https://registry.npmjs.org/is-extglob 21ms (cache revalidated)
2724 silly packumentCache full:https://registry.npmjs.org/is-extglob set size:11766 disposed:false
2725 silly placeDep ROOT is-extglob@2.1.1 OK for: is-glob@4.0.3 want: ^2.1.1
2726 silly placeDep ROOT xmlchars@2.2.0 OK for: saxes@6.0.0 want: ^2.2.0
2727 silly placeDep ROOT shebang-regex@3.0.0 OK for: shebang-command@2.0.0 want: ^3.0.0
2728 silly placeDep ROOT es-errors@1.3.0 OK for: side-channel@1.1.0 want: ^1.3.0
2729 silly placeDep ROOT object-inspect@1.13.4 OK for: side-channel@1.1.0 want: ^1.13.3
2730 silly placeDep ROOT side-channel-list@1.0.1 OK for: side-channel@1.1.0 want: ^1.0.0
2731 silly placeDep ROOT side-channel-map@1.0.1 OK for: side-channel@1.1.0 want: ^1.0.1
2732 silly placeDep ROOT side-channel-weakmap@1.0.2 OK for: side-channel@1.1.0 want: ^1.0.2
2733 silly fetch manifest call-bound@^1.0.2
2734 silly packumentCache full:https://registry.npmjs.org/call-bound cache-miss
2735 silly fetch manifest get-intrinsic@^1.2.5
2736 silly packumentCache full:https://registry.npmjs.org/get-intrinsic cache-miss
2737 silly fetch manifest call-bound@^1.0.2
2738 silly packumentCache full:https://registry.npmjs.org/call-bound cache-miss
2739 silly fetch manifest get-intrinsic@^1.2.5
2740 silly packumentCache full:https://registry.npmjs.org/get-intrinsic cache-miss
2741 http fetch GET 200 https://registry.npmjs.org/get-intrinsic 23ms (cache revalidated)
2742 silly packumentCache full:https://registry.npmjs.org/get-intrinsic set size:60985 disposed:false
2743 http fetch GET 200 https://registry.npmjs.org/get-intrinsic 25ms (cache revalidated)
2744 silly packumentCache full:https://registry.npmjs.org/get-intrinsic set size:60985 disposed:false
2745 silly packumentCache full:https://registry.npmjs.org/get-intrinsic dispose
2746 http fetch GET 200 https://registry.npmjs.org/call-bound 26ms (cache revalidated)
2747 silly packumentCache full:https://registry.npmjs.org/call-bound set size:15317 disposed:false
2748 http fetch GET 200 https://registry.npmjs.org/call-bound 28ms (cache revalidated)
2749 silly packumentCache full:https://registry.npmjs.org/call-bound set size:15317 disposed:false
2750 silly packumentCache full:https://registry.npmjs.org/call-bound dispose
2751 silly placeDep ROOT call-bound@1.0.4 OK for: side-channel-map@1.0.1 want: ^1.0.2
2752 silly placeDep ROOT get-intrinsic@1.3.0 OK for: side-channel-map@1.0.1 want: ^1.2.5
2753 silly fetch manifest call-bind-apply-helpers@^1.0.2
2754 silly packumentCache full:https://registry.npmjs.org/call-bind-apply-helpers cache-miss
2755 silly fetch manifest get-intrinsic@^1.3.0
2756 silly packumentCache full:https://registry.npmjs.org/get-intrinsic cache-hit
2757 silly fetch manifest gopd@^1.2.0
2758 silly packumentCache full:https://registry.npmjs.org/gopd cache-miss
2759 silly fetch manifest hasown@^2.0.2
2760 silly packumentCache full:https://registry.npmjs.org/hasown cache-miss
2761 silly fetch manifest get-proto@^1.0.1
2762 silly packumentCache full:https://registry.npmjs.org/get-proto cache-miss
2763 silly fetch manifest has-symbols@^1.1.0
2764 silly packumentCache full:https://registry.npmjs.org/has-symbols cache-miss
2765 silly fetch manifest function-bind@^1.1.2
2766 silly packumentCache full:https://registry.npmjs.org/function-bind cache-miss
2767 silly fetch manifest es-object-atoms@^1.1.1
2768 silly packumentCache full:https://registry.npmjs.org/es-object-atoms cache-miss
2769 http fetch GET 200 https://registry.npmjs.org/function-bind 24ms (cache revalidated)
2770 silly packumentCache full:https://registry.npmjs.org/function-bind set size:15733 disposed:false
2771 silly fetch manifest math-intrinsics@^1.1.0
2772 silly packumentCache full:https://registry.npmjs.org/math-intrinsics cache-miss
2773 http fetch GET 200 https://registry.npmjs.org/hasown 25ms (cache revalidated)
2774 silly packumentCache full:https://registry.npmjs.org/hasown set size:15429 disposed:false
2775 silly fetch manifest es-define-property@^1.0.1
2776 silly packumentCache full:https://registry.npmjs.org/es-define-property cache-miss
2777 http fetch GET 200 https://registry.npmjs.org/es-object-atoms 27ms (cache revalidated)
2778 silly packumentCache full:https://registry.npmjs.org/es-object-atoms set size:15304 disposed:false
2779 silly fetch manifest call-bind-apply-helpers@^1.0.2
2780 silly packumentCache full:https://registry.npmjs.org/call-bind-apply-helpers cache-miss
2781 http fetch GET 200 https://registry.npmjs.org/has-symbols 28ms (cache revalidated)
2782 silly packumentCache full:https://registry.npmjs.org/has-symbols set size:21550 disposed:false
2783 http fetch GET 200 https://registry.npmjs.org/get-proto 29ms (cache revalidated)
2784 silly packumentCache full:https://registry.npmjs.org/get-proto set size:8300 disposed:false
2785 http fetch GET 200 https://registry.npmjs.org/gopd 30ms (cache revalidated)
2786 silly packumentCache full:https://registry.npmjs.org/gopd set size:11458 disposed:false
2787 http fetch GET 200 https://registry.npmjs.org/call-bind-apply-helpers 34ms (cache revalidated)
2788 silly packumentCache full:https://registry.npmjs.org/call-bind-apply-helpers set size:12744 disposed:false
2789 http fetch GET 200 https://registry.npmjs.org/call-bind-apply-helpers 21ms (cache revalidated)
2790 silly packumentCache full:https://registry.npmjs.org/call-bind-apply-helpers set size:12744 disposed:false
2791 silly packumentCache full:https://registry.npmjs.org/call-bind-apply-helpers dispose
2792 http fetch GET 200 https://registry.npmjs.org/es-define-property 24ms (cache revalidated)
2793 silly packumentCache full:https://registry.npmjs.org/es-define-property set size:8542 disposed:false
2794 http fetch GET 200 https://registry.npmjs.org/math-intrinsics 28ms (cache revalidated)
2795 silly packumentCache full:https://registry.npmjs.org/math-intrinsics set size:9265 disposed:false
2796 silly placeDep ROOT call-bind-apply-helpers@1.0.2 OK for: call-bound@1.0.4 want: ^1.0.2
2797 silly placeDep ROOT function-bind@1.1.2 OK for: call-bind-apply-helpers@1.0.2 want: ^1.1.2
2798 silly placeDep ROOT es-define-property@1.0.1 OK for: get-intrinsic@1.3.0 want: ^1.0.1
2799 silly placeDep ROOT es-object-atoms@1.1.1 OK for: get-intrinsic@1.3.0 want: ^1.1.1
2800 silly placeDep ROOT get-proto@1.0.1 OK for: get-intrinsic@1.3.0 want: ^1.0.1
2801 silly placeDep ROOT gopd@1.2.0 OK for: get-intrinsic@1.3.0 want: ^1.2.0
2802 silly placeDep ROOT has-symbols@1.1.0 OK for: get-intrinsic@1.3.0 want: ^1.1.0
2803 silly placeDep ROOT hasown@2.0.3 OK for: get-intrinsic@1.3.0 want: ^2.0.2
2804 silly placeDep ROOT math-intrinsics@1.1.0 OK for: get-intrinsic@1.3.0 want: ^1.1.0
2805 silly fetch manifest dunder-proto@^1.0.1
2806 silly packumentCache full:https://registry.npmjs.org/dunder-proto cache-miss
2807 http fetch GET 200 https://registry.npmjs.org/dunder-proto 20ms (cache revalidated)
2808 silly packumentCache full:https://registry.npmjs.org/dunder-proto set size:8256 disposed:false
2809 silly placeDep ROOT dunder-proto@1.0.1 OK for: get-proto@1.0.1 want: ^1.0.1
2810 silly placeDep ROOT @sigstore/bundle@4.0.0 OK for: sigstore@4.1.0 want: ^4.0.0
2811 silly placeDep ROOT @sigstore/core@3.2.0 OK for: sigstore@4.1.0 want: ^3.1.0
2812 silly placeDep ROOT @sigstore/protobuf-specs@0.5.1 OK for: sigstore@4.1.0 want: ^0.5.0
2813 silly placeDep ROOT @sigstore/sign@4.1.1 OK for: sigstore@4.1.0 want: ^4.1.0
2814 silly placeDep ROOT @sigstore/tuf@4.0.2 OK for: sigstore@4.1.0 want: ^4.0.1
2815 silly placeDep ROOT @sigstore/verify@3.1.0 OK for: sigstore@4.1.0 want: ^3.1.0
2816 silly fetch manifest tuf-js@^4.1.0
2817 silly packumentCache full:https://registry.npmjs.org/tuf-js cache-miss
2818 http fetch GET 200 https://registry.npmjs.org/tuf-js 47ms (cache revalidated)
2819 silly packumentCache full:https://registry.npmjs.org/tuf-js set size:67490 disposed:false
2820 silly placeDep ROOT tuf-js@4.1.0 OK for: @sigstore/tuf@4.0.2 want: ^4.1.0
2821 silly fetch manifest @tufjs/models@4.1.0
2822 silly packumentCache full:https://registry.npmjs.org/@tufjs%2fmodels cache-miss
2823 http fetch GET 200 https://registry.npmjs.org/@tufjs%2fmodels 30ms (cache revalidated)
2824 silly packumentCache full:https://registry.npmjs.org/@tufjs%2fmodels set size:31346 disposed:false
2825 silly placeDep ROOT ansi-styles@6.2.3 OK for: slice-ansi@8.0.0 want: ^6.2.3
2826 silly placeDep ROOT is-fullwidth-code-point@5.1.0 OK for: slice-ansi@8.0.0 want: ^5.1.0
2827 silly fetch manifest get-east-asian-width@^1.3.1
2828 silly packumentCache full:https://registry.npmjs.org/get-east-asian-width cache-hit
2829 silly placeDep ROOT get-east-asian-width@1.6.0 OK for: is-fullwidth-code-point@5.1.0 want: ^1.3.1
2830 silly placeDep ROOT socks@2.8.9 OK for: socks-proxy-agent@8.0.5 want: ^2.8.3
2831 silly fetch manifest smart-buffer@^4.2.0
2832 silly packumentCache full:https://registry.npmjs.org/smart-buffer cache-miss
2833 http fetch GET 200 https://registry.npmjs.org/smart-buffer 23ms (cache revalidated)
2834 silly packumentCache full:https://registry.npmjs.org/smart-buffer set size:87065 disposed:false
2835 silly placeDep ROOT smart-buffer@4.2.0 OK for: socks@2.8.9 want: ^4.2.0
2836 silly placeDep ROOT buffer-from@1.1.2 OK for: source-map-support@0.5.21 want: ^1.0.0
2837 silly placeDep node_modules/source-map-support source-map@0.6.1 OK for: source-map-support@0.5.21 want: ^0.6.0
2838 silly placeDep ROOT spdx-exceptions@2.5.0 OK for: spdx-expression-parse@4.0.0 want: ^2.1.0
2839 silly placeDep ROOT spdx-license-ids@3.0.23 OK for: spdx-expression-parse@4.0.0 want: ^3.0.0
2840 silly placeDep ROOT ansi-regex@6.2.2 OK for: strip-ansi@7.2.0 want: ^6.2.2
2841 silly placeDep ROOT @isaacs/fs-minipass@4.0.1 OK for: tar@7.5.15 want: ^4.0.0
2842 silly placeDep ROOT chownr@3.0.0 OK for: tar@7.5.15 want: ^3.0.0
2843 silly placeDep node_modules/tar yallist@5.0.0 OK for: tar@7.5.15 want: ^5.0.0
2844 silly placeDep ROOT fdir@6.5.0 OK for: tinyglobby@0.2.15 want: ^6.5.0
2845 silly placeDep ROOT tldts@7.0.30 OK for: tough-cookie@6.0.1 want: ^7.0.5
2846 silly fetch manifest tldts-core@^7.0.30
2847 silly packumentCache full:https://registry.npmjs.org/tldts-core cache-miss
2848 http fetch GET 200 https://registry.npmjs.org/tldts-core 697ms (cache miss)
2849 silly packumentCache full:https://registry.npmjs.org/tldts-core set size:undefined disposed:false
2850 silly placeDep ROOT tldts-core@7.0.30 OK for: tldts@7.0.30 want: ^7.0.30
2851 silly placeDep ROOT @tufjs/models@4.1.0 OK for: tuf-js@4.1.0 want: 4.1.0
2852 silly fetch manifest @tufjs/canonical-json@2.0.0
2853 silly packumentCache full:https://registry.npmjs.org/@tufjs%2fcanonical-json cache-miss
2854 http fetch GET 200 https://registry.npmjs.org/@tufjs%2fcanonical-json 37ms (cache revalidated)
2855 silly packumentCache full:https://registry.npmjs.org/@tufjs%2fcanonical-json set size:7336 disposed:false
2856 silly placeDep ROOT @tufjs/canonical-json@2.0.0 OK for: @tufjs/models@4.1.0 want: 2.0.0
2857 silly placeDep node_modules/type-is content-type@2.0.0 OK for: type-is@2.1.0 want: ^2.0.0
2858 silly placeDep ROOT media-typer@1.1.0 OK for: type-is@2.1.0 want: ^1.1.0
2859 silly placeDep ROOT escalade@3.2.0 OK for: update-browserslist-db@1.2.3 want: ^3.2.0
2860 silly placeDep ROOT fsevents@2.3.3 OK for: vite@7.3.2 want: ~2.3.3
2861 silly placeDep ROOT rollup@4.60.3 OK for: vite@7.3.2 want: ^4.43.0
2862 silly fetch manifest @types/estree@1.0.8
2863 silly packumentCache full:https://registry.npmjs.org/@types%2festree cache-miss
2864 silly fetch manifest @rollup/rollup-darwin-arm64@4.60.3
2865 silly packumentCache full:https://registry.npmjs.org/@rollup%2frollup-darwin-arm64 cache-miss
2866 silly fetch manifest @rollup/rollup-android-arm64@4.60.3
2867 silly packumentCache full:https://registry.npmjs.org/@rollup%2frollup-android-arm64 cache-miss
2868 silly fetch manifest @rollup/rollup-win32-arm64-msvc@4.60.3
2869 silly packumentCache full:https://registry.npmjs.org/@rollup%2frollup-win32-arm64-msvc cache-miss
2870 silly fetch manifest @rollup/rollup-freebsd-arm64@4.60.3
2871 silly packumentCache full:https://registry.npmjs.org/@rollup%2frollup-freebsd-arm64 cache-miss
2872 silly fetch manifest @rollup/rollup-linux-arm64-gnu@4.60.3
2873 silly packumentCache full:https://registry.npmjs.org/@rollup%2frollup-linux-arm64-gnu cache-miss
2874 silly fetch manifest @rollup/rollup-linux-arm64-musl@4.60.3
2875 silly packumentCache full:https://registry.npmjs.org/@rollup%2frollup-linux-arm64-musl cache-miss
2876 http fetch GET 200 https://registry.npmjs.org/@types%2festree 53ms (cache updated)
2877 silly packumentCache full:https://registry.npmjs.org/@types%2festree set size:undefined disposed:false
2878 silly fetch manifest @rollup/rollup-android-arm-eabi@4.60.3
2879 silly packumentCache full:https://registry.npmjs.org/@rollup%2frollup-android-arm-eabi cache-miss
2880 http fetch GET 200 https://registry.npmjs.org/@rollup%2frollup-freebsd-arm64 63ms (cache updated)
2881 silly packumentCache full:https://registry.npmjs.org/@rollup%2frollup-freebsd-arm64 set size:undefined disposed:false
2882 silly fetch manifest @rollup/rollup-linux-arm-gnueabihf@4.60.3
2883 silly packumentCache full:https://registry.npmjs.org/@rollup%2frollup-linux-arm-gnueabihf cache-miss
2884 http fetch GET 200 https://registry.npmjs.org/@rollup%2frollup-linux-arm64-musl 84ms (cache updated)
2885 silly packumentCache full:https://registry.npmjs.org/@rollup%2frollup-linux-arm64-musl set size:undefined disposed:false
2886 silly fetch manifest @rollup/rollup-linux-arm-musleabihf@4.60.3
2887 silly packumentCache full:https://registry.npmjs.org/@rollup%2frollup-linux-arm-musleabihf cache-miss
2888 http fetch GET 200 https://registry.npmjs.org/@rollup%2frollup-win32-arm64-msvc 123ms (cache updated)
2889 silly packumentCache full:https://registry.npmjs.org/@rollup%2frollup-win32-arm64-msvc set size:undefined disposed:false
2890 silly fetch manifest @rollup/rollup-win32-ia32-msvc@4.60.3
2891 silly packumentCache full:https://registry.npmjs.org/@rollup%2frollup-win32-ia32-msvc cache-miss
2892 http fetch GET 200 https://registry.npmjs.org/@rollup%2frollup-linux-arm-gnueabihf 85ms (cache updated)
2893 silly packumentCache full:https://registry.npmjs.org/@rollup%2frollup-linux-arm-gnueabihf set size:undefined disposed:false
2894 silly fetch manifest @rollup/rollup-linux-loong64-gnu@4.60.3
2895 silly packumentCache full:https://registry.npmjs.org/@rollup%2frollup-linux-loong64-gnu cache-miss
2896 http fetch GET 200 https://registry.npmjs.org/@rollup%2frollup-linux-loong64-gnu 39ms (cache updated)
2897 silly packumentCache full:https://registry.npmjs.org/@rollup%2frollup-linux-loong64-gnu set size:undefined disposed:false
2898 silly fetch manifest @rollup/rollup-linux-loong64-musl@4.60.3
2899 silly packumentCache full:https://registry.npmjs.org/@rollup%2frollup-linux-loong64-musl cache-miss
2900 http fetch GET 200 https://registry.npmjs.org/@rollup%2frollup-linux-loong64-musl 50ms (cache updated)
2901 silly packumentCache full:https://registry.npmjs.org/@rollup%2frollup-linux-loong64-musl set size:undefined disposed:false
2902 silly fetch manifest @rollup/rollup-linux-riscv64-gnu@4.60.3
2903 silly packumentCache full:https://registry.npmjs.org/@rollup%2frollup-linux-riscv64-gnu cache-miss
2904 http fetch GET 200 https://registry.npmjs.org/@rollup%2frollup-darwin-arm64 265ms (cache updated)
2905 silly packumentCache full:https://registry.npmjs.org/@rollup%2frollup-darwin-arm64 set size:undefined disposed:false
2906 silly fetch manifest @rollup/rollup-linux-riscv64-musl@4.60.3
2907 silly packumentCache full:https://registry.npmjs.org/@rollup%2frollup-linux-riscv64-musl cache-miss
2908 http fetch GET 200 https://registry.npmjs.org/@rollup%2frollup-android-arm-eabi 386ms (cache updated)
2909 silly packumentCache full:https://registry.npmjs.org/@rollup%2frollup-android-arm-eabi set size:undefined disposed:false
2910 silly fetch manifest @rollup/rollup-linux-ppc64-gnu@4.60.3
2911 silly packumentCache full:https://registry.npmjs.org/@rollup%2frollup-linux-ppc64-gnu cache-miss
2912 http fetch GET 200 https://registry.npmjs.org/@rollup%2frollup-linux-riscv64-musl 175ms (cache updated)
2913 silly packumentCache full:https://registry.npmjs.org/@rollup%2frollup-linux-riscv64-musl set size:undefined disposed:false
2914 silly fetch manifest @rollup/rollup-linux-ppc64-musl@4.60.3
2915 silly packumentCache full:https://registry.npmjs.org/@rollup%2frollup-linux-ppc64-musl cache-miss
2916 http fetch GET 200 https://registry.npmjs.org/@rollup%2frollup-linux-arm64-gnu 446ms (cache updated)
2917 silly packumentCache full:https://registry.npmjs.org/@rollup%2frollup-linux-arm64-gnu set size:undefined disposed:false
2918 silly fetch manifest @rollup/rollup-linux-s390x-gnu@4.60.3
2919 silly packumentCache full:https://registry.npmjs.org/@rollup%2frollup-linux-s390x-gnu cache-miss
2920 http fetch GET 200 https://registry.npmjs.org/@rollup%2frollup-linux-arm-musleabihf 362ms (cache updated)
2921 silly packumentCache full:https://registry.npmjs.org/@rollup%2frollup-linux-arm-musleabihf set size:undefined disposed:false
2922 silly fetch manifest @rollup/rollup-darwin-x64@4.60.3
2923 silly packumentCache full:https://registry.npmjs.org/@rollup%2frollup-darwin-x64 cache-miss
2924 http fetch GET 200 https://registry.npmjs.org/@rollup%2frollup-linux-ppc64-musl 45ms (cache updated)
2925 silly packumentCache full:https://registry.npmjs.org/@rollup%2frollup-linux-ppc64-musl set size:undefined disposed:false
2926 silly fetch manifest @rollup/rollup-win32-x64-gnu@4.60.3
2927 silly packumentCache full:https://registry.npmjs.org/@rollup%2frollup-win32-x64-gnu cache-miss
2928 http fetch GET 200 https://registry.npmjs.org/@rollup%2frollup-android-arm64 534ms (cache updated)
2929 silly packumentCache full:https://registry.npmjs.org/@rollup%2frollup-android-arm64 set size:undefined disposed:false
2930 silly fetch manifest @rollup/rollup-win32-x64-msvc@4.60.3
2931 silly packumentCache full:https://registry.npmjs.org/@rollup%2frollup-win32-x64-msvc cache-miss
2932 http fetch GET 200 https://registry.npmjs.org/@rollup%2frollup-linux-ppc64-gnu 95ms (cache updated)
2933 silly packumentCache full:https://registry.npmjs.org/@rollup%2frollup-linux-ppc64-gnu set size:undefined disposed:false
2934 silly fetch manifest @rollup/rollup-freebsd-x64@4.60.3
2935 silly packumentCache full:https://registry.npmjs.org/@rollup%2frollup-freebsd-x64 cache-miss
2936 http fetch GET 200 https://registry.npmjs.org/@rollup%2frollup-linux-s390x-gnu 240ms (cache updated)
2937 silly packumentCache full:https://registry.npmjs.org/@rollup%2frollup-linux-s390x-gnu set size:undefined disposed:false
2938 silly fetch manifest @rollup/rollup-linux-x64-gnu@4.60.3
2939 silly packumentCache full:https://registry.npmjs.org/@rollup%2frollup-linux-x64-gnu cache-miss
2940 http fetch GET 200 https://registry.npmjs.org/@rollup%2frollup-win32-ia32-msvc 605ms (cache updated)
2941 silly packumentCache full:https://registry.npmjs.org/@rollup%2frollup-win32-ia32-msvc set size:undefined disposed:false
2942 silly fetch manifest @rollup/rollup-linux-x64-musl@4.60.3
2943 silly packumentCache full:https://registry.npmjs.org/@rollup%2frollup-linux-x64-musl cache-miss
2944 http fetch GET 200 https://registry.npmjs.org/@rollup%2frollup-linux-riscv64-gnu 493ms (cache updated)
2945 silly packumentCache full:https://registry.npmjs.org/@rollup%2frollup-linux-riscv64-gnu set size:undefined disposed:false
2946 silly fetch manifest @rollup/rollup-openbsd-x64@4.60.3
2947 silly packumentCache full:https://registry.npmjs.org/@rollup%2frollup-openbsd-x64 cache-miss
2948 http fetch GET 200 https://registry.npmjs.org/@rollup%2frollup-freebsd-x64 220ms (cache updated)
2949 silly packumentCache full:https://registry.npmjs.org/@rollup%2frollup-freebsd-x64 set size:undefined disposed:false
2950 silly fetch manifest @rollup/rollup-openharmony-arm64@4.60.3
2951 silly packumentCache full:https://registry.npmjs.org/@rollup%2frollup-openharmony-arm64 cache-miss
2952 http fetch GET 200 https://registry.npmjs.org/@rollup%2frollup-win32-x64-gnu 270ms (cache updated)
2953 silly packumentCache full:https://registry.npmjs.org/@rollup%2frollup-win32-x64-gnu set size:undefined disposed:false
2954 http fetch GET 200 https://registry.npmjs.org/@rollup%2frollup-openharmony-arm64 59ms (cache updated)
2955 silly packumentCache full:https://registry.npmjs.org/@rollup%2frollup-openharmony-arm64 set size:undefined disposed:false
2956 http fetch GET 200 https://registry.npmjs.org/@rollup%2frollup-linux-x64-musl 125ms (cache updated)
2957 silly packumentCache full:https://registry.npmjs.org/@rollup%2frollup-linux-x64-musl set size:undefined disposed:false
2958 http fetch GET 200 https://registry.npmjs.org/@rollup%2frollup-openbsd-x64 223ms (cache updated)
2959 silly packumentCache full:https://registry.npmjs.org/@rollup%2frollup-openbsd-x64 set size:undefined disposed:false
2960 http fetch GET 200 https://registry.npmjs.org/@rollup%2frollup-linux-x64-gnu 379ms (cache updated)
2961 silly packumentCache full:https://registry.npmjs.org/@rollup%2frollup-linux-x64-gnu set size:undefined disposed:false
2962 http fetch GET 200 https://registry.npmjs.org/@rollup%2frollup-win32-x64-msvc 566ms (cache updated)
2963 silly packumentCache full:https://registry.npmjs.org/@rollup%2frollup-win32-x64-msvc set size:undefined disposed:false
2964 http fetch GET 200 https://registry.npmjs.org/@rollup%2frollup-darwin-x64 707ms (cache updated)
2965 silly packumentCache full:https://registry.npmjs.org/@rollup%2frollup-darwin-x64 set size:undefined disposed:false
2966 silly placeDep ROOT @rollup/rollup-android-arm-eabi@4.60.3 OK for: rollup@4.60.3 want: 4.60.3
2967 silly placeDep ROOT @rollup/rollup-android-arm64@4.60.3 OK for: rollup@4.60.3 want: 4.60.3
2968 silly placeDep ROOT @rollup/rollup-darwin-arm64@4.60.3 OK for: rollup@4.60.3 want: 4.60.3
2969 silly placeDep ROOT @rollup/rollup-darwin-x64@4.60.3 OK for: rollup@4.60.3 want: 4.60.3
2970 silly placeDep ROOT @rollup/rollup-freebsd-arm64@4.60.3 OK for: rollup@4.60.3 want: 4.60.3
2971 silly placeDep ROOT @rollup/rollup-freebsd-x64@4.60.3 OK for: rollup@4.60.3 want: 4.60.3
2972 silly placeDep ROOT @rollup/rollup-linux-arm-gnueabihf@4.60.3 OK for: rollup@4.60.3 want: 4.60.3
2973 silly placeDep ROOT @rollup/rollup-linux-arm-musleabihf@4.60.3 OK for: rollup@4.60.3 want: 4.60.3
2974 silly placeDep ROOT @rollup/rollup-linux-arm64-gnu@4.60.3 OK for: rollup@4.60.3 want: 4.60.3
2975 silly placeDep ROOT @rollup/rollup-linux-arm64-musl@4.60.3 OK for: rollup@4.60.3 want: 4.60.3
2976 silly placeDep ROOT @rollup/rollup-linux-loong64-gnu@4.60.3 OK for: rollup@4.60.3 want: 4.60.3
2977 silly placeDep ROOT @rollup/rollup-linux-loong64-musl@4.60.3 OK for: rollup@4.60.3 want: 4.60.3
2978 silly placeDep ROOT @rollup/rollup-linux-ppc64-gnu@4.60.3 OK for: rollup@4.60.3 want: 4.60.3
2979 silly placeDep ROOT @rollup/rollup-linux-ppc64-musl@4.60.3 OK for: rollup@4.60.3 want: 4.60.3
2980 silly placeDep ROOT @rollup/rollup-linux-riscv64-gnu@4.60.3 OK for: rollup@4.60.3 want: 4.60.3
2981 silly placeDep ROOT @rollup/rollup-linux-riscv64-musl@4.60.3 OK for: rollup@4.60.3 want: 4.60.3
2982 silly placeDep ROOT @rollup/rollup-linux-s390x-gnu@4.60.3 OK for: rollup@4.60.3 want: 4.60.3
2983 silly placeDep ROOT @rollup/rollup-linux-x64-gnu@4.60.3 OK for: rollup@4.60.3 want: 4.60.3
2984 silly placeDep ROOT @rollup/rollup-linux-x64-musl@4.60.3 OK for: rollup@4.60.3 want: 4.60.3
2985 silly placeDep ROOT @rollup/rollup-openbsd-x64@4.60.3 OK for: rollup@4.60.3 want: 4.60.3
2986 silly placeDep ROOT @rollup/rollup-openharmony-arm64@4.60.3 OK for: rollup@4.60.3 want: 4.60.3
2987 silly placeDep ROOT @rollup/rollup-win32-arm64-msvc@4.60.3 OK for: rollup@4.60.3 want: 4.60.3
2988 silly placeDep ROOT @rollup/rollup-win32-ia32-msvc@4.60.3 OK for: rollup@4.60.3 want: 4.60.3
2989 silly placeDep ROOT @rollup/rollup-win32-x64-gnu@4.60.3 OK for: rollup@4.60.3 want: 4.60.3
2990 silly placeDep ROOT @rollup/rollup-win32-x64-msvc@4.60.3 OK for: rollup@4.60.3 want: 4.60.3
2991 silly placeDep ROOT @types/estree@1.0.8 OK for: rollup@4.60.3 want: 1.0.8
2992 silly fetch manifest msw@^2.4.9
2993 silly packumentCache full:https://registry.npmjs.org/msw cache-miss
2994 http fetch GET 200 https://registry.npmjs.org/msw 476ms (cache miss)
2995 silly packumentCache full:https://registry.npmjs.org/msw set size:undefined disposed:false
2996 silly fetch manifest typescript@>= 4.8.x
2997 silly packumentCache full:https://registry.npmjs.org/typescript cache-miss
2998 http cache https://registry.npmjs.org/typescript 27ms (cache hit)
2999 silly packumentCache full:https://registry.npmjs.org/typescript set size:15409943 disposed:false
3000 silly fetch manifest @vitejs/devtools@^0.1.18
3001 silly packumentCache full:https://registry.npmjs.org/@vitejs%2fdevtools cache-miss
3002 http fetch GET 200 https://registry.npmjs.org/@vitejs%2fdevtools 60ms (cache miss)
3003 silly packumentCache full:https://registry.npmjs.org/@vitejs%2fdevtools set size:undefined disposed:false
3004 silly fetch manifest esbuild@^0.27.0 || ^0.28.0
3005 silly packumentCache full:https://registry.npmjs.org/esbuild cache-miss
3006 http cache https://registry.npmjs.org/esbuild 3ms (cache hit)
3007 silly packumentCache full:https://registry.npmjs.org/esbuild set size:1254708 disposed:false
3008 silly fetch manifest less@^4.0.0
3009 silly packumentCache full:https://registry.npmjs.org/less cache-miss
3010 http cache https://registry.npmjs.org/less 2ms (cache hit)
3011 silly packumentCache full:https://registry.npmjs.org/less set size:461684 disposed:false
3012 silly fetch manifest sass@^1.70.0
3013 silly packumentCache full:https://registry.npmjs.org/sass cache-miss
3014 http cache https://registry.npmjs.org/sass 3ms (cache hit)
3015 silly packumentCache full:https://registry.npmjs.org/sass set size:726244 disposed:false
3016 silly fetch manifest postcss@^8.3.3
3017 silly packumentCache full:https://registry.npmjs.org/postcss cache-hit
3018 silly placeDep ROOT @vitest/expect@4.1.6 OK for: vitest@4.1.6 want: 4.1.6
3019 silly placeDep ROOT @vitest/mocker@4.1.6 OK for: vitest@4.1.6 want: 4.1.6
3020 silly placeDep ROOT @vitest/pretty-format@4.1.6 OK for: vitest@4.1.6 want: 4.1.6
3021 silly placeDep ROOT @vitest/runner@4.1.6 OK for: vitest@4.1.6 want: 4.1.6
3022 silly placeDep ROOT @vitest/snapshot@4.1.6 OK for: vitest@4.1.6 want: 4.1.6
3023 silly placeDep ROOT @vitest/spy@4.1.6 OK for: vitest@4.1.6 want: 4.1.6
3024 silly placeDep ROOT @vitest/utils@4.1.6 OK for: vitest@4.1.6 want: 4.1.6
3025 silly placeDep ROOT es-module-lexer@2.1.0 OK for: vitest@4.1.6 want: ^2.0.0
3026 silly placeDep ROOT expect-type@1.3.0 OK for: vitest@4.1.6 want: ^1.3.0
3027 silly placeDep ROOT obug@2.1.1 OK for: vitest@4.1.6 want: ^2.1.1
3028 silly placeDep ROOT pathe@2.0.3 OK for: vitest@4.1.6 want: ^2.0.3
3029 silly placeDep ROOT std-env@4.1.0 OK for: vitest@4.1.6 want: ^4.0.0-rc.1
3030 silly placeDep ROOT tinybench@2.9.0 OK for: vitest@4.1.6 want: ^2.9.0
3031 silly placeDep ROOT tinyexec@1.1.2 OK for: vitest@4.1.6 want: ^1.0.2
3032 silly placeDep ROOT tinyrainbow@3.1.0 OK for: vitest@4.1.6 want: ^3.1.0
3033 silly placeDep ROOT why-is-node-running@2.3.0 OK for: vitest@4.1.6 want: ^2.3.0
3034 silly fetch manifest @types/chai@^5.2.2
3035 silly packumentCache full:https://registry.npmjs.org/@types%2fchai cache-miss
3036 silly fetch manifest chai@^6.2.2
3037 silly packumentCache full:https://registry.npmjs.org/chai cache-miss
3038 silly fetch manifest estree-walker@^3.0.3
3039 silly packumentCache full:https://registry.npmjs.org/estree-walker cache-miss
3040 silly fetch manifest siginfo@^2.0.0
3041 silly packumentCache full:https://registry.npmjs.org/siginfo cache-miss
3042 silly fetch manifest stackback@0.0.2
3043 silly packumentCache full:https://registry.npmjs.org/stackback cache-miss
3044 http fetch GET 200 https://registry.npmjs.org/siginfo 20ms (cache miss)
3045 silly packumentCache full:https://registry.npmjs.org/siginfo set size:undefined disposed:false
3046 http fetch GET 200 https://registry.npmjs.org/estree-walker 25ms (cache revalidated)
3047 silly packumentCache full:https://registry.npmjs.org/estree-walker set size:60887 disposed:false
3048 http fetch GET 200 https://registry.npmjs.org/stackback 26ms (cache miss)
3049 silly packumentCache full:https://registry.npmjs.org/stackback set size:undefined disposed:false
3050 http fetch GET 200 https://registry.npmjs.org/chai 150ms (cache miss)
3051 silly packumentCache full:https://registry.npmjs.org/chai set size:undefined disposed:false
3052 http fetch GET 200 https://registry.npmjs.org/@types%2fchai 156ms (cache miss)
3053 silly packumentCache full:https://registry.npmjs.org/@types%2fchai set size:undefined disposed:false
3054 silly placeDep ROOT @types/chai@5.2.3 OK for: @vitest/expect@4.1.6 want: ^5.2.2
3055 silly placeDep ROOT chai@6.2.2 OK for: @vitest/expect@4.1.6 want: ^6.2.2
3056 silly fetch manifest @types/deep-eql@*
3057 silly packumentCache full:https://registry.npmjs.org/@types%2fdeep-eql cache-miss
3058 silly fetch manifest assertion-error@^2.0.1
3059 silly packumentCache full:https://registry.npmjs.org/assertion-error cache-miss
3060 http fetch GET 200 https://registry.npmjs.org/assertion-error 23ms (cache miss)
3061 silly packumentCache full:https://registry.npmjs.org/assertion-error set size:undefined disposed:false
3062 http fetch GET 200 https://registry.npmjs.org/@types%2fdeep-eql 695ms (cache miss)
3063 silly packumentCache full:https://registry.npmjs.org/@types%2fdeep-eql set size:undefined disposed:false
3064 silly placeDep ROOT @types/deep-eql@4.0.2 OK for: @types/chai@5.2.3 want: *
3065 silly placeDep ROOT assertion-error@2.0.1 OK for: @types/chai@5.2.3 want: ^2.0.1
3066 silly placeDep ROOT estree-walker@3.0.3 OK for: @vitest/mocker@4.1.6 want: ^3.0.3
3067 silly placeDep node_modules/@vitest/utils convert-source-map@2.0.0 OK for: @vitest/utils@4.1.6 want: ^2.0.0
3068 silly placeDep ROOT glob-to-regexp@0.4.1 OK for: watchpack@2.5.1 want: ^0.4.1
3069 silly placeDep ROOT tr46@6.0.0 OK for: whatwg-url@16.0.1 want: ^6.0.0
3070 silly fetch manifest punycode@^2.3.1
3071 silly packumentCache full:https://registry.npmjs.org/punycode cache-miss
3072 http fetch GET 200 https://registry.npmjs.org/punycode 31ms (cache updated)
3073 silly packumentCache full:https://registry.npmjs.org/punycode set size:undefined disposed:false
3074 silly placeDep ROOT punycode@2.3.1 OK for: tr46@6.0.0 want: ^2.3.1
3075 silly placeDep ROOT isexe@2.0.0 OK for: which@2.0.2 want: ^2.0.0
3076 silly placeDep ROOT siginfo@2.0.0 OK for: why-is-node-running@2.3.0 want: ^2.0.0
3077 silly placeDep ROOT stackback@0.0.2 OK for: why-is-node-running@2.3.0 want: 0.0.2
3078 silly placeDep node_modules/wrap-ansi ansi-styles@4.3.0 OK for: wrap-ansi@6.2.0 want: ^4.0.0
3079 silly placeDep node_modules/wrap-ansi string-width@4.2.3 OK for: wrap-ansi@6.2.0 want: ^4.1.0
3080 silly placeDep node_modules/wrap-ansi strip-ansi@6.0.1 OK for: wrap-ansi@6.2.0 want: ^6.0.0
3081 silly fetch manifest color-convert@^2.0.1
3082 silly packumentCache full:https://registry.npmjs.org/color-convert cache-miss
3083 silly fetch manifest strip-ansi@^6.0.1
3084 silly packumentCache full:https://registry.npmjs.org/strip-ansi cache-hit
3085 silly fetch manifest emoji-regex@^8.0.0
3086 silly packumentCache full:https://registry.npmjs.org/emoji-regex cache-miss
3087 silly fetch manifest is-fullwidth-code-point@^3.0.0
3088 silly packumentCache full:https://registry.npmjs.org/is-fullwidth-code-point cache-hit
3089 silly fetch manifest ansi-regex@^5.0.1
3090 silly packumentCache full:https://registry.npmjs.org/ansi-regex cache-hit
3091 http fetch GET 200 https://registry.npmjs.org/color-convert 24ms (cache revalidated)
3092 silly packumentCache full:https://registry.npmjs.org/color-convert set size:72663 disposed:false
3093 http fetch GET 200 https://registry.npmjs.org/emoji-regex 25ms (cache revalidated)
3094 silly packumentCache full:https://registry.npmjs.org/emoji-regex set size:89064 disposed:false
3095 silly placeDep ROOT cliui@9.0.1 OK for: yargs@18.0.0 want: ^9.0.1
3096 silly placeDep ROOT get-caller-file@2.0.5 OK for: yargs@18.0.0 want: ^2.0.5
3097 silly placeDep node_modules/yargs string-width@7.2.0 OK for: yargs@18.0.0 want: ^7.2.0
3098 silly placeDep ROOT y18n@5.0.8 OK for: yargs@18.0.0 want: ^5.0.5
3099 silly placeDep ROOT yargs-parser@22.0.0 OK for: yargs@18.0.0 want: ^22.0.0
3100 silly fetch manifest emoji-regex@^10.3.0
3101 silly packumentCache full:https://registry.npmjs.org/emoji-regex cache-hit
3102 silly placeDep node_modules/cliui string-width@7.2.0 OK for: cliui@9.0.1 want: ^7.2.0
3103 silly placeDep node_modules/cliui wrap-ansi@9.0.2 OK for: cliui@9.0.1 want: ^9.0.0
3104 silly placeDep node_modules/@npmcli/git isexe@4.0.0 OK for: which@6.0.1 want: ^4.0.0
3105 silly placeDep node_modules/@npmcli/promise-spawn isexe@4.0.0 OK for: which@6.0.1 want: ^4.0.0
3106 silly placeDep ROOT emoji-regex@10.6.0 OK for: string-width@7.2.0 want: ^10.3.0
3107 silly placeDep node_modules/listr2 string-width@7.2.0 OK for: wrap-ansi@9.0.2 want: ^7.0.0
3108 silly placeDep node_modules/log-update string-width@7.2.0 OK for: wrap-ansi@9.0.2 want: ^7.0.0
3109 silly placeDep node_modules/minipass-flush yallist@4.0.0 OK for: minipass@3.3.6 want: ^4.0.0
3110 silly placeDep node_modules/minipass-pipeline yallist@4.0.0 OK for: minipass@3.3.6 want: ^4.0.0
3111 silly placeDep node_modules/node-gyp isexe@4.0.0 OK for: which@6.0.1 want: ^4.0.0
3112 silly placeDep node_modules/sass readdirp@4.1.2 OK for: chokidar@4.0.3 want: ^4.0.1
3113 silly placeDep ROOT color-convert@2.0.1 OK for: ansi-styles@4.3.0 want: ^2.0.1
3114 silly fetch manifest color-name@~1.1.4
3115 silly packumentCache full:https://registry.npmjs.org/color-name cache-miss
3116 http fetch GET 200 https://registry.npmjs.org/color-name 24ms (cache revalidated)
3117 silly packumentCache full:https://registry.npmjs.org/color-name set size:19467 disposed:false
3118 silly placeDep ROOT color-name@1.1.4 OK for: color-convert@2.0.1 want: ~1.1.4
3119 silly placeDep node_modules/wrap-ansi emoji-regex@8.0.0 OK for: string-width@4.2.3 want: ^8.0.0
3120 silly placeDep node_modules/wrap-ansi is-fullwidth-code-point@3.0.0 OK for: string-width@4.2.3 want: ^3.0.0
3121 silly placeDep node_modules/wrap-ansi ansi-regex@5.0.1 OK for: strip-ansi@6.0.1 want: ^5.0.1
3122 silly reify moves {}
3123 silly audit bulk request {
3123 silly audit   '@angular/build': [ '21.2.11' ],
3123 silly audit   tslib: [ '2.8.1' ],
3123 silly audit   typescript: [ '5.9.3' ],
3123 silly audit   '@angular/compiler': [ '21.2.13' ],
3123 silly audit   '@angular/compiler-cli': [ '21.2.13' ],
3123 silly audit   '@angular/cli': [ '21.2.11' ],
3123 silly audit   '@angular/common': [ '21.2.13' ],
3123 silly audit   rxjs: [ '7.8.2' ],
3123 silly audit   '@angular/core': [ '21.2.13' ],
3123 silly audit   '@angular/forms': [ '21.2.13' ],
3123 silly audit   '@angular/platform-browser': [ '21.2.13' ],
3123 silly audit   '@angular/router': [ '21.2.13' ],
3123 silly audit   jsdom: [ '28.1.0' ],
3123 silly audit   prettier: [ '3.8.3' ],
3123 silly audit   vitest: [ '4.1.6' ],
3123 silly audit   '@ampproject/remapping': [ '2.3.0' ],
3123 silly audit   '@angular-devkit/architect': [ '0.2102.11' ],
3123 silly audit   '@babel/core': [ '7.29.0' ],
3123 silly audit   '@babel/helper-annotate-as-pure': [ '7.27.3' ],
3123 silly audit   '@babel/helper-split-export-declaration': [ '7.24.7' ],
3123 silly audit   '@inquirer/confirm': [ '5.1.21' ],
3123 silly audit   '@vitejs/plugin-basic-ssl': [ '2.1.4' ],
3123 silly audit   vite: [ '7.3.2' ],
3123 silly audit   beasties: [ '0.4.1' ],
3123 silly audit   browserslist: [ '4.28.2' ],
3123 silly audit   esbuild: [ '0.27.3' ],
3123 silly audit   'https-proxy-agent': [ '7.0.6' ],
3123 silly audit   'istanbul-lib-instrument': [ '6.0.3' ],
3123 silly audit   'jsonc-parser': [ '3.3.1' ],
3123 silly audit   listr2: [ '9.0.5' ],
3123 silly audit   lmdb: [ '3.5.1' ],
3123 silly audit   'magic-string': [ '0.30.21' ],
3123 silly audit   mrmime: [ '2.0.1' ],
3123 silly audit   'parse5-html-rewriting-stream': [ '8.0.0' ],
3123 silly audit   picomatch: [ '4.0.4' ],
3123 silly audit   piscina: [ '5.1.4' ],
3123 silly audit   rolldown: [ '1.0.0-rc.4' ],
3123 silly audit   sass: [ '1.97.3' ],
3123 silly audit   semver: [ '7.7.4', '6.3.1' ],
3123 silly audit   'source-map-support': [ '0.5.21' ],
3123 silly audit   tinyglobby: [ '0.2.15' ],
3123 silly audit   undici: [ '7.24.4', '6.25.0' ],
3123 silly audit   watchpack: [ '2.5.1' ],
3123 silly audit   '@jridgewell/gen-mapping': [ '0.3.13' ],
3123 silly audit   '@jridgewell/trace-mapping': [ '0.3.31' ],
3123 silly audit   '@angular-devkit/core': [ '21.2.11' ],
3123 silly audit   ajv: [ '8.18.0' ],
3123 silly audit   'ajv-formats': [ '3.0.1' ],
3123 silly audit   'source-map': [ '0.7.6', '0.6.1' ],
3123 silly audit   '@angular-devkit/schematics': [ '21.2.11' ],
3123 silly audit   '@inquirer/prompts': [ '7.10.1' ],
3123 silly audit   '@listr2/prompt-adapter-inquirer': [ '3.0.5' ],
3123 silly audit   '@modelcontextprotocol/sdk': [ '1.26.0' ],
3123 silly audit   '@schematics/angular': [ '21.2.11' ],
3123 silly audit   '@yarnpkg/lockfile': [ '1.1.0' ],
3123 silly audit   algoliasearch: [ '5.48.1' ],
3123 silly audit   ini: [ '6.0.0' ],
3123 silly audit   'npm-package-arg': [ '13.0.2' ],
3123 silly audit   pacote: [ '21.3.1' ],
3123 silly audit   yargs: [ '18.0.0' ],
3123 silly audit   zod: [ '4.3.6' ],
3123 silly audit   ora: [ '9.3.0' ],
3123 silly audit   '@jridgewell/sourcemap-codec': [ '1.5.5' ],
3123 silly audit   chokidar: [ '5.0.0', '4.0.3' ],
3123 silly audit   'convert-source-map': [ '1.9.0', '2.0.0' ],
3123 silly audit   'reflect-metadata': [ '0.2.2' ],
3123 silly audit   '@standard-schema/spec': [ '1.1.0' ],
3123 silly audit   '@babel/code-frame': [ '7.29.0' ],
3123 silly audit   '@babel/generator': [ '7.29.1' ],
3123 silly audit   '@babel/helper-compilation-targets': [ '7.28.6' ],
3123 silly audit   '@babel/helper-module-transforms': [ '7.28.6' ],
3123 silly audit   '@babel/helpers': [ '7.29.2' ],
3123 silly audit   '@babel/parser': [ '7.29.3' ],
3123 silly audit   '@babel/template': [ '7.28.6' ],
3123 silly audit   '@babel/traverse': [ '7.29.0' ],
3123 silly audit   '@babel/types': [ '7.29.0' ],
3123 silly audit   '@jridgewell/remapping': [ '2.3.5' ],
3123 silly audit   debug: [ '4.4.3' ],
3123 silly audit   gensync: [ '1.0.0-beta.2' ],
3123 silly audit   json5: [ '2.2.3' ],
3123 silly audit   '@babel/helper-validator-identifier': [ '7.28.5' ],
3123 silly audit   'js-tokens': [ '4.0.0' ],
3123 silly audit   picocolors: [ '1.1.1' ],
3123 silly audit   jsesc: [ '3.1.0' ],
3123 silly audit   '@babel/compat-data': [ '7.29.3' ],
3123 silly audit   '@babel/helper-validator-option': [ '7.27.1' ],
3123 silly audit   'lru-cache': [ '5.1.1', '11.3.6' ],
3123 silly audit   '@babel/helper-module-imports': [ '7.28.6' ],
3123 silly audit   '@babel/helper-globals': [ '7.28.0' ],
3123 silly audit   '@babel/helper-string-parser': [ '7.27.1' ],
3123 silly audit   '@inquirer/core': [ '10.3.2' ],
3123 silly audit   '@inquirer/type': [ '3.0.10' ],
3123 silly audit   '@inquirer/ansi': [ '1.0.2' ],
3123 silly audit   '@inquirer/figures': [ '1.0.15' ],
3123 silly audit   'cli-width': [ '4.1.0' ],
3123 silly audit   'mute-stream': [ '2.0.0' ],
3123 silly audit   'signal-exit': [ '4.1.0' ],
3123 silly audit   'wrap-ansi': [ '6.2.0', '9.0.2' ],
3123 silly audit   'yoctocolors-cjs': [ '2.1.3' ],
3123 silly audit   '@inquirer/checkbox': [ '4.3.2' ],
3123 silly audit   '@inquirer/editor': [ '4.2.23' ],
3123 silly audit   '@inquirer/expand': [ '4.0.23' ],
3123 silly audit   '@inquirer/input': [ '4.3.1' ],
3123 silly audit   '@inquirer/number': [ '3.0.23' ],
3123 silly audit   '@inquirer/password': [ '4.0.23' ],
3123 silly audit   '@inquirer/rawlist': [ '4.1.11' ],
3123 silly audit   '@inquirer/search': [ '3.2.2' ],
3123 silly audit   '@inquirer/select': [ '4.4.2' ],
3123 silly audit   '@inquirer/external-editor': [ '1.0.3' ],
3123 silly audit   chardet: [ '2.1.1' ],
3123 silly audit   'iconv-lite': [ '0.7.2' ],
3123 silly audit   '@jridgewell/resolve-uri': [ '3.1.2' ],
3123 silly audit   '@hono/node-server': [ '1.19.14' ],
3123 silly audit   hono: [ '4.12.18' ],
3123 silly audit   'content-type': [ '1.0.5', '2.0.0' ],
3123 silly audit   cors: [ '2.8.6' ],
3123 silly audit   'cross-spawn': [ '7.0.6' ],
3123 silly audit   eventsource: [ '3.0.7' ],
3123 silly audit   'eventsource-parser': [ '3.0.8' ],
3123 silly audit   express: [ '5.2.1' ],
3123 silly audit   'express-rate-limit': [ '8.5.2' ],
3123 silly audit   jose: [ '6.2.3' ],
3123 silly audit   'json-schema-typed': [ '8.0.2' ],
3123 silly audit   'pkce-challenge': [ '5.0.1' ],
3123 silly audit   'raw-body': [ '3.0.2' ],
3123 silly audit   'zod-to-json-schema': [ '3.25.2' ],
3123 silly audit   'fast-deep-equal': [ '3.1.3' ],
3123 silly audit   'fast-uri': [ '3.1.2' ],
3123 silly audit   'json-schema-traverse': [ '1.0.0' ],
3123 silly audit   'require-from-string': [ '2.0.2' ],
3123 silly audit   '@algolia/abtesting': [ '1.14.1' ],
3123 silly audit   '@algolia/client-abtesting': [ '5.48.1' ],
3123 silly audit   '@algolia/client-analytics': [ '5.48.1' ],
3123 silly audit   '@algolia/client-common': [ '5.48.1' ],
3123 silly audit   '@algolia/client-insights': [ '5.48.1' ],
3123 silly audit   '@algolia/client-personalization': [ '5.48.1' ],
3123 silly audit   '@algolia/client-query-suggestions': [ '5.48.1' ],
3123 silly audit   '@algolia/client-search': [ '5.48.1' ],
3123 silly audit   '@algolia/ingestion': [ '1.48.1' ],
3123 silly audit   '@algolia/monitoring': [ '1.48.1' ],
3123 silly audit   '@algolia/recommend': [ '5.48.1' ],
3123 silly audit   '@algolia/requester-browser-xhr': [ '5.48.1' ],
3123 silly audit   '@algolia/requester-fetch': [ '5.48.1' ],
3123 silly audit   '@algolia/requester-node-http': [ '5.48.1' ],
3123 silly audit   'css-select': [ '6.0.0' ],
3123 silly audit   'css-what': [ '7.0.0' ],
3123 silly audit   'dom-serializer': [ '2.0.0' ],
3123 silly audit   domhandler: [ '5.0.3' ],
3123 silly audit   htmlparser2: [ '10.1.0' ],
3123 silly audit   postcss: [ '8.5.14' ],
3123 silly audit   'postcss-media-query-parser': [ '0.2.3' ],
3123 silly audit   'postcss-safe-parser': [ '7.0.1' ],
3123 silly audit   'baseline-browser-mapping': [ '2.10.29' ],
3123 silly audit   'caniuse-lite': [ '1.0.30001792' ],
3123 silly audit   'electron-to-chromium': [ '1.5.355' ],
3123 silly audit   'node-releases': [ '2.0.44' ],
3123 silly audit   'update-browserslist-db': [ '1.2.3' ],
3123 silly audit   readdirp: [ '5.0.0', '4.1.2' ],
3123 silly audit   'object-assign': [ '4.1.1' ],
3123 silly audit   vary: [ '1.1.2' ],
3123 silly audit   'path-key': [ '3.1.1' ],
3123 silly audit   'shebang-command': [ '2.0.0' ],
3123 silly audit   which: [ '2.0.2', '6.0.1' ],
3123 silly audit   boolbase: [ '1.0.0' ],
3123 silly audit   domutils: [ '3.2.2' ],
3123 silly audit   'nth-check': [ '2.1.1' ],
3123 silly audit   ms: [ '2.1.3' ],
3123 silly audit   domelementtype: [ '2.3.0' ],
3123 silly audit   entities: [ '4.5.0', '7.0.1', '8.0.0', '6.0.1' ],
3123 silly audit   '@esbuild/aix-ppc64': [ '0.27.3' ],
3123 silly audit   '@esbuild/android-arm': [ '0.27.3' ],
3123 silly audit   '@esbuild/android-arm64': [ '0.27.3' ],
3123 silly audit   '@esbuild/android-x64': [ '0.27.3' ],
3123 silly audit   '@esbuild/darwin-arm64': [ '0.27.3' ],
3123 silly audit   '@esbuild/darwin-x64': [ '0.27.3' ],
3123 silly audit   '@esbuild/freebsd-arm64': [ '0.27.3' ],
3123 silly audit   '@esbuild/freebsd-x64': [ '0.27.3' ],
3123 silly audit   '@esbuild/linux-arm': [ '0.27.3' ],
3123 silly audit   '@esbuild/linux-arm64': [ '0.27.3' ],
3123 silly audit   '@esbuild/linux-ia32': [ '0.27.3' ],
3123 silly audit   '@esbuild/linux-loong64': [ '0.27.3' ],
3123 silly audit   '@esbuild/linux-mips64el': [ '0.27.3' ],
3123 silly audit   '@esbuild/linux-ppc64': [ '0.27.3' ],
3123 silly audit   '@esbuild/linux-riscv64': [ '0.27.3' ],
3123 silly audit   '@esbuild/linux-s390x': [ '0.27.3' ],
3123 silly audit   '@esbuild/linux-x64': [ '0.27.3' ],
3123 silly audit   '@esbuild/netbsd-arm64': [ '0.27.3' ],
3123 silly audit   '@esbuild/netbsd-x64': [ '0.27.3' ],
3123 silly audit   '@esbuild/openbsd-arm64': [ '0.27.3' ],
3123 silly audit   '@esbuild/openbsd-x64': [ '0.27.3' ],
3123 silly audit   '@esbuild/openharmony-arm64': [ '0.27.3' ],
3123 silly audit   '@esbuild/sunos-x64': [ '0.27.3' ],
3123 silly audit   '@esbuild/win32-arm64': [ '0.27.3' ],
3123 silly audit   '@esbuild/win32-ia32': [ '0.27.3' ],
3123 silly audit   '@esbuild/win32-x64': [ '0.27.3' ],
3123 silly audit   accepts: [ '2.0.0' ],
3123 silly audit   'body-parser': [ '2.2.2' ],
3123 silly audit   'content-disposition': [ '1.1.0' ],
3123 silly audit   cookie: [ '0.7.2' ],
3123 silly audit   'cookie-signature': [ '1.2.2' ],
3123 silly audit   depd: [ '2.0.0' ],
3123 silly audit   encodeurl: [ '2.0.0' ],
3123 silly audit   'escape-html': [ '1.0.3' ],
3123 silly audit   etag: [ '1.8.1' ],
3123 silly audit   finalhandler: [ '2.1.1' ],
3123 silly audit   fresh: [ '2.0.0' ],
3123 silly audit   'http-errors': [ '2.0.1' ],
3123 silly audit   'merge-descriptors': [ '2.0.0' ],
3123 silly audit   'mime-types': [ '3.0.2' ],
3123 silly audit   'on-finished': [ '2.4.1' ],
3123 silly audit   once: [ '1.4.0' ],
3123 silly audit   parseurl: [ '1.3.3' ],
3123 silly audit   'proxy-addr': [ '2.0.7' ],
3123 silly audit   qs: [ '6.15.1' ],
3123 silly audit   'range-parser': [ '1.2.1' ],
3123 silly audit   router: [ '2.2.0' ],
3123 silly audit   send: [ '1.2.1' ],
3123 silly audit   'serve-static': [ '2.2.1' ],
3123 silly audit   statuses: [ '2.0.2' ],
3123 silly audit   'type-is': [ '2.1.0' ],
3123 silly audit   negotiator: [ '1.0.0' ],
3123 silly audit   bytes: [ '3.1.2' ],
3123 silly audit   'ip-address': [ '10.2.0' ],
3123 silly audit   inherits: [ '2.0.4' ],
3123 silly audit   setprototypeof: [ '1.2.0' ],
3123 silly audit   toidentifier: [ '1.0.1' ],
3123 silly audit   'agent-base': [ '7.1.4' ],
3123 silly audit   'safer-buffer': [ '2.1.2' ],
3123 silly audit   '@istanbuljs/schema': [ '0.1.6' ],
3123 silly audit   'istanbul-lib-coverage': [ '3.2.2' ],
3123 silly audit   '@acemir/cssom': [ '0.9.31' ],
3123 silly audit   '@asamuzakjp/dom-selector': [ '6.8.1' ],
3123 silly audit   '@bramus/specificity': [ '2.4.2' ],
3123 silly audit   '@exodus/bytes': [ '1.15.0' ],
3123 silly audit   cssstyle: [ '6.2.0' ],
3123 silly audit   'data-urls': [ '7.0.0' ],
3123 silly audit   'decimal.js': [ '10.6.0' ],
3123 silly audit   'html-encoding-sniffer': [ '6.0.0' ],
3123 silly audit   'http-proxy-agent': [ '7.0.2' ],
3123 silly audit   'is-potential-custom-element-name': [ '1.0.1' ],
3123 silly audit   parse5: [ '8.0.1' ],
3123 silly audit   saxes: [ '6.0.0' ],
3123 silly audit   'symbol-tree': [ '3.2.4' ],
3123 silly audit   'tough-cookie': [ '6.0.1' ],
3123 silly audit   'w3c-xmlserializer': [ '5.0.0' ],
3123 silly audit   'webidl-conversions': [ '8.0.1' ],
3123 silly audit   'whatwg-mimetype': [ '5.0.0' ],
3123 silly audit   'whatwg-url': [ '16.0.1' ],
3123 silly audit   'xml-name-validator': [ '5.0.0' ],
3123 silly audit   '@asamuzakjp/nwsapi': [ '2.3.9' ],
3123 silly audit   'bidi-js': [ '1.0.3' ],
3123 silly audit   'css-tree': [ '3.2.1' ],
3123 silly audit   'mdn-data': [ '2.27.1' ],
3123 silly audit   'source-map-js': [ '1.2.1' ],
3123 silly audit   '@asamuzakjp/css-color': [ '5.1.11' ],
3123 silly audit   '@csstools/css-syntax-patches-for-csstree': [ '1.1.4' ],
3123 silly audit   '@asamuzakjp/generational-cache': [ '1.0.1' ],
3123 silly audit   '@csstools/css-calc': [ '3.2.1' ],
3123 silly audit   '@csstools/css-parser-algorithms': [ '4.0.0' ],
3123 silly audit   '@csstools/css-tokenizer': [ '4.0.0' ],
3123 silly audit   '@csstools/css-color-parser': [ '4.1.1' ],
3123 silly audit   '@csstools/color-helpers': [ '6.0.2' ],
3123 silly audit   'cli-truncate': [ '5.2.0' ],
3123 silly audit   colorette: [ '2.0.20' ],
3123 silly audit   eventemitter3: [ '5.0.4' ],
3123 silly audit   'log-update': [ '6.1.0' ],
3123 silly audit   rfdc: [ '1.4.1' ],
3123 silly audit   'slice-ansi': [ '8.0.0', '7.1.2' ],
3123 silly audit   'string-width': [ '8.2.1', '4.2.3', '7.2.0' ],
3123 silly audit   '@harperfast/extended-iterable': [ '1.0.3' ],
3123 silly audit   '@lmdb/lmdb-darwin-arm64': [ '3.5.1' ],
3123 silly audit   '@lmdb/lmdb-darwin-x64': [ '3.5.1' ],
3123 silly audit   '@lmdb/lmdb-linux-arm': [ '3.5.1' ],
3123 silly audit   '@lmdb/lmdb-linux-arm64': [ '3.5.1' ],
3123 silly audit   '@lmdb/lmdb-linux-x64': [ '3.5.1' ],
3123 silly audit   '@lmdb/lmdb-win32-arm64': [ '3.5.1' ],
3123 silly audit   '@lmdb/lmdb-win32-x64': [ '3.5.1' ],
3123 silly audit   msgpackr: [ '1.11.12' ],
3123 silly audit   'node-addon-api': [ '6.1.0', '7.1.1' ],
3123 silly audit   'node-gyp-build-optional-packages': [ '5.2.2' ],
3123 silly audit   'ordered-binary': [ '1.6.1' ],
3123 silly audit   'weak-lru-cache': [ '1.2.2' ],
3123 silly audit   'ansi-escapes': [ '7.3.0' ],
3123 silly audit   'cli-cursor': [ '5.0.0' ],
3123 silly audit   'strip-ansi': [ '7.2.0', '6.0.1' ],
3123 silly audit   environment: [ '1.1.0' ],
3123 silly audit   'restore-cursor': [ '5.1.0' ],
3123 silly audit   yallist: [ '3.1.1', '5.0.0', '4.0.0' ],
3123 silly audit   'mime-db': [ '1.54.0' ],
3123 silly audit   'msgpackr-extract': [ '3.0.3' ],
3123 silly audit   '@msgpackr-extract/msgpackr-extract-darwin-arm64': [ '3.0.3' ],
3123 silly audit   '@msgpackr-extract/msgpackr-extract-darwin-x64': [ '3.0.3' ],
3123 silly audit   '@msgpackr-extract/msgpackr-extract-linux-arm': [ '3.0.3' ],
3123 silly audit   '@msgpackr-extract/msgpackr-extract-linux-arm64': [ '3.0.3' ],
3123 silly audit   '@msgpackr-extract/msgpackr-extract-linux-x64': [ '3.0.3' ],
3123 silly audit   '@msgpackr-extract/msgpackr-extract-win32-x64': [ '3.0.3' ],
3123 silly audit   'detect-libc': [ '2.1.2' ],
3123 silly audit   'hosted-git-info': [ '9.0.3' ],
3123 silly audit   'proc-log': [ '6.1.0' ],
3123 silly audit   'validate-npm-package-name': [ '7.0.2' ],
3123 silly audit   'ee-first': [ '1.1.1' ],
3123 silly audit   wrappy: [ '1.0.2' ],
3123 silly audit   chalk: [ '5.6.2' ],
3123 silly audit   'cli-spinners': [ '3.4.0' ],
3123 silly audit   'is-interactive': [ '2.0.0' ],
3123 silly audit   'is-unicode-supported': [ '2.1.0' ],
3123 silly audit   'log-symbols': [ '7.0.1' ],
3123 silly audit   'stdin-discarder': [ '0.3.2' ],
3123 silly audit   yoctocolors: [ '2.1.2' ],
3123 silly audit   '@npmcli/git': [ '7.0.2' ],
3123 silly audit   '@npmcli/installed-package-contents': [ '4.0.0' ],
3123 silly audit   '@npmcli/package-json': [ '7.0.5' ],
3123 silly audit   '@npmcli/promise-spawn': [ '9.0.1' ],
3123 silly audit   '@npmcli/run-script': [ '10.0.4' ],
3123 silly audit   cacache: [ '20.0.4' ],
3123 silly audit   'fs-minipass': [ '3.0.3' ],
3123 silly audit   minipass: [ '7.1.3', '3.3.6' ],
3123 silly audit   'npm-packlist': [ '10.0.4' ],
3123 silly audit   'npm-pick-manifest': [ '11.0.3' ],
3123 silly audit   'npm-registry-fetch': [ '19.1.1' ],
3123 silly audit   'promise-retry': [ '2.0.1' ],
3123 silly audit   sigstore: [ '4.1.0' ],
3123 silly audit   ssri: [ '13.0.1' ],
3123 silly audit   tar: [ '7.5.15' ],
3123 silly audit   '@gar/promise-retry': [ '1.0.3' ],
3123 silly audit   'npm-bundled': [ '5.0.0' ],
3123 silly audit   'npm-normalize-package-bin': [ '5.0.0' ],
3123 silly audit   glob: [ '13.0.6' ],
3123 silly audit   'json-parse-even-better-errors': [ '5.0.0' ],
3123 silly audit   'spdx-expression-parse': [ '4.0.0' ],
3123 silly audit   '@npmcli/node-gyp': [ '5.0.0' ],
3123 silly audit   'node-gyp': [ '12.3.0' ],
3123 silly audit   '@npmcli/fs': [ '5.0.0' ],
3123 silly audit   'minipass-collect': [ '2.0.1' ],
3123 silly audit   'minipass-flush': [ '1.0.7' ],
3123 silly audit   'minipass-pipeline': [ '1.2.4' ],
3123 silly audit   'p-map': [ '7.0.4' ],
3123 silly audit   minimatch: [ '10.2.5' ],
3123 silly audit   'path-scurry': [ '2.0.2' ],
3123 silly audit   'brace-expansion': [ '5.0.6' ],
3123 silly audit   'balanced-match': [ '4.0.4' ],
3123 silly audit   'env-paths': [ '2.2.1' ],
3123 silly audit   'exponential-backoff': [ '3.1.3' ],
3123 silly audit   'graceful-fs': [ '4.2.11' ],
3123 silly audit   nopt: [ '9.0.0' ],
3123 silly audit   abbrev: [ '4.0.0' ],
3123 silly audit   'ignore-walk': [ '8.0.0' ],
3123 silly audit   'npm-install-checks': [ '8.0.0' ],
3123 silly audit   '@npmcli/redact': [ '4.0.0' ],
3123 silly audit   jsonparse: [ '1.3.1' ],
3123 silly audit   'make-fetch-happen': [ '15.0.5' ],
3123 silly audit   'minipass-fetch': [ '5.0.2' ],
3123 silly audit   minizlib: [ '3.1.0' ],
3123 silly audit   '@npmcli/agent': [ '4.0.0' ],
3123 silly audit   'http-cache-semantics': [ '4.2.0' ],
3123 silly audit   'socks-proxy-agent': [ '8.0.5' ],
3123 silly audit   'minipass-sized': [ '2.0.0' ],
3123 silly audit   'parse5-sax-parser': [ '8.0.0' ],
3123 silly audit   '@napi-rs/nice': [ '1.1.1' ],
3123 silly audit   '@napi-rs/nice-android-arm-eabi': [ '1.1.1' ],
3123 silly audit   '@napi-rs/nice-android-arm64': [ '1.1.1' ],
3123 silly audit   '@napi-rs/nice-darwin-arm64': [ '1.1.1' ],
3123 silly audit   '@napi-rs/nice-darwin-x64': [ '1.1.1' ],
3123 silly audit   '@napi-rs/nice-freebsd-x64': [ '1.1.1' ],
3123 silly audit   '@napi-rs/nice-linux-arm-gnueabihf': [ '1.1.1' ],
3123 silly audit   '@napi-rs/nice-linux-arm64-gnu': [ '1.1.1' ],
3123 silly audit   '@napi-rs/nice-linux-arm64-musl': [ '1.1.1' ],
3123 silly audit   '@napi-rs/nice-linux-ppc64-gnu': [ '1.1.1' ],
3123 silly audit   '@napi-rs/nice-linux-riscv64-gnu': [ '1.1.1' ],
3123 silly audit   '@napi-rs/nice-linux-s390x-gnu': [ '1.1.1' ],
3123 silly audit   '@napi-rs/nice-linux-x64-gnu': [ '1.1.1' ],
3123 silly audit   '@napi-rs/nice-linux-x64-musl': [ '1.1.1' ],
3123 silly audit   '@napi-rs/nice-openharmony-arm64': [ '1.1.1' ],
3123 silly audit   '@napi-rs/nice-win32-arm64-msvc': [ '1.1.1' ],
3123 silly audit   '@napi-rs/nice-win32-ia32-msvc': [ '1.1.1' ],
3123 silly audit   '@napi-rs/nice-win32-x64-msvc': [ '1.1.1' ],
3123 silly audit   nanoid: [ '3.3.12' ],
3123 silly audit   'err-code': [ '2.0.3' ],
3123 silly audit   retry: [ '0.12.0' ],
3123 silly audit   forwarded: [ '0.2.0' ],
3123 silly audit   'ipaddr.js': [ '1.9.1' ],
3123 silly audit   'side-channel': [ '1.1.0' ],
3123 silly audit   unpipe: [ '1.0.0' ],
3123 silly audit   onetime: [ '7.0.0' ],
3123 silly audit   'mimic-function': [ '5.0.1' ],
3123 silly audit   '@oxc-project/types': [ '0.113.0' ],
3123 silly audit   '@rolldown/binding-android-arm64': [ '1.0.0-rc.4' ],
3123 silly audit   '@rolldown/binding-darwin-arm64': [ '1.0.0-rc.4' ],
3123 silly audit   '@rolldown/binding-darwin-x64': [ '1.0.0-rc.4' ],
3123 silly audit   '@rolldown/binding-freebsd-x64': [ '1.0.0-rc.4' ],
3123 silly audit   '@rolldown/binding-linux-arm-gnueabihf': [ '1.0.0-rc.4' ],
3123 silly audit   '@rolldown/binding-linux-arm64-gnu': [ '1.0.0-rc.4' ],
3123 silly audit   '@rolldown/binding-linux-arm64-musl': [ '1.0.0-rc.4' ],
3123 silly audit   '@rolldown/binding-linux-x64-gnu': [ '1.0.0-rc.4' ],
3123 silly audit   '@rolldown/binding-linux-x64-musl': [ '1.0.0-rc.4' ],
3123 silly audit   '@rolldown/binding-openharmony-arm64': [ '1.0.0-rc.4' ],
3123 silly audit   '@rolldown/binding-wasm32-wasi': [ '1.0.0-rc.4' ],
3123 silly audit   '@rolldown/binding-win32-arm64-msvc': [ '1.0.0-rc.4' ],
3123 silly audit   '@rolldown/binding-win32-x64-msvc': [ '1.0.0-rc.4' ],
3123 silly audit   '@rolldown/pluginutils': [ '1.0.0-rc.4' ],
3123 silly audit   '@napi-rs/wasm-runtime': [ '1.1.4' ],
3123 silly audit   '@emnapi/core': [ '1.10.0' ],
3123 silly audit   '@emnapi/runtime': [ '1.10.0' ],
3123 silly audit   '@emnapi/wasi-threads': [ '1.2.1' ],
3123 silly audit   '@tybys/wasm-util': [ '0.10.2' ],
3123 silly audit   'is-promise': [ '4.0.0' ],
3123 silly audit   'path-to-regexp': [ '8.4.2' ],
3123 silly audit   '@parcel/watcher': [ '2.5.6' ],
3123 silly audit   immutable: [ '5.1.5' ],
3123 silly audit   '@parcel/watcher-android-arm64': [ '2.5.6' ],
3123 silly audit   '@parcel/watcher-darwin-arm64': [ '2.5.6' ],
3123 silly audit   '@parcel/watcher-darwin-x64': [ '2.5.6' ],
3123 silly audit   '@parcel/watcher-freebsd-x64': [ '2.5.6' ],
3123 silly audit   '@parcel/watcher-linux-arm-glibc': [ '2.5.6' ],
3123 silly audit   '@parcel/watcher-linux-arm-musl': [ '2.5.6' ],
3123 silly audit   '@parcel/watcher-linux-arm64-glibc': [ '2.5.6' ],
3123 silly audit   '@parcel/watcher-linux-arm64-musl': [ '2.5.6' ],
3123 silly audit   '@parcel/watcher-linux-x64-glibc': [ '2.5.6' ],
3123 silly audit   '@parcel/watcher-linux-x64-musl': [ '2.5.6' ],
3123 silly audit   '@parcel/watcher-win32-arm64': [ '2.5.6' ],
3123 silly audit   '@parcel/watcher-win32-ia32': [ '2.5.6' ],
3123 silly audit   '@parcel/watcher-win32-x64': [ '2.5.6' ],
3123 silly audit   'is-glob': [ '4.0.3' ],
3123 silly audit   'is-extglob': [ '2.1.1' ],
3123 silly audit   xmlchars: [ '2.2.0' ],
3123 silly audit   'shebang-regex': [ '3.0.0' ],
3123 silly audit   'es-errors': [ '1.3.0' ],
3123 silly audit   'object-inspect': [ '1.13.4' ],
3123 silly audit   'side-channel-list': [ '1.0.1' ],
3123 silly audit   'side-channel-map': [ '1.0.1' ],
3123 silly audit   'side-channel-weakmap': [ '1.0.2' ],
3123 silly audit   'call-bound': [ '1.0.4' ],
3123 silly audit   'get-intrinsic': [ '1.3.0' ],
3123 silly audit   'call-bind-apply-helpers': [ '1.0.2' ],
3123 silly audit   'function-bind': [ '1.1.2' ],
3123 silly audit   'es-define-property': [ '1.0.1' ],
3123 silly audit   'es-object-atoms': [ '1.1.1' ],
3123 silly audit   'get-proto': [ '1.0.1' ],
3123 silly audit   gopd: [ '1.2.0' ],
3123 silly audit   'has-symbols': [ '1.1.0' ],
3123 silly audit   hasown: [ '2.0.3' ],
3123 silly audit   'math-intrinsics': [ '1.1.0' ],
3123 silly audit   'dunder-proto': [ '1.0.1' ],
3123 silly audit   '@sigstore/bundle': [ '4.0.0' ],
3123 silly audit   '@sigstore/core': [ '3.2.0' ],
3123 silly audit   '@sigstore/protobuf-specs': [ '0.5.1' ],
3123 silly audit   '@sigstore/sign': [ '4.1.1' ],
3123 silly audit   '@sigstore/tuf': [ '4.0.2' ],
3123 silly audit   '@sigstore/verify': [ '3.1.0' ],
3123 silly audit   'tuf-js': [ '4.1.0' ],
3123 silly audit   'ansi-styles': [ '6.2.3', '4.3.0' ],
3123 silly audit   'is-fullwidth-code-point': [ '5.1.0', '3.0.0' ],
3123 silly audit   'get-east-asian-width': [ '1.6.0' ],
3123 silly audit   socks: [ '2.8.9' ],
3123 silly audit   'smart-buffer': [ '4.2.0' ],
3123 silly audit   'buffer-from': [ '1.1.2' ],
3123 silly audit   'spdx-exceptions': [ '2.5.0' ],
3123 silly audit   'spdx-license-ids': [ '3.0.23' ],
3123 silly audit   'ansi-regex': [ '6.2.2', '5.0.1' ],
3123 silly audit   '@isaacs/fs-minipass': [ '4.0.1' ],
3123 silly audit   chownr: [ '3.0.0' ],
3123 silly audit   fdir: [ '6.5.0' ],
3123 silly audit   tldts: [ '7.0.30' ],
3123 silly audit   'tldts-core': [ '7.0.30' ],
3123 silly audit   '@tufjs/models': [ '4.1.0' ],
3123 silly audit   '@tufjs/canonical-json': [ '2.0.0' ],
3123 silly audit   'media-typer': [ '1.1.0' ],
3123 silly audit   escalade: [ '3.2.0' ],
3123 silly audit   fsevents: [ '2.3.3' ],
3123 silly audit   rollup: [ '4.60.3' ],
3123 silly audit   '@rollup/rollup-android-arm-eabi': [ '4.60.3' ],
3123 silly audit   '@rollup/rollup-android-arm64': [ '4.60.3' ],
3123 silly audit   '@rollup/rollup-darwin-arm64': [ '4.60.3' ],
3123 silly audit   '@rollup/rollup-darwin-x64': [ '4.60.3' ],
3123 silly audit   '@rollup/rollup-freebsd-arm64': [ '4.60.3' ],
3123 silly audit   '@rollup/rollup-freebsd-x64': [ '4.60.3' ],
3123 silly audit   '@rollup/rollup-linux-arm-gnueabihf': [ '4.60.3' ],
3123 silly audit   '@rollup/rollup-linux-arm-musleabihf': [ '4.60.3' ],
3123 silly audit   '@rollup/rollup-linux-arm64-gnu': [ '4.60.3' ],
3123 silly audit   '@rollup/rollup-linux-arm64-musl': [ '4.60.3' ],
3123 silly audit   '@rollup/rollup-linux-loong64-gnu': [ '4.60.3' ],
3123 silly audit   '@rollup/rollup-linux-loong64-musl': [ '4.60.3' ],
3123 silly audit   '@rollup/rollup-linux-ppc64-gnu': [ '4.60.3' ],
3123 silly audit   '@rollup/rollup-linux-ppc64-musl': [ '4.60.3' ],
3123 silly audit   '@rollup/rollup-linux-riscv64-gnu': [ '4.60.3' ],
3123 silly audit   '@rollup/rollup-linux-riscv64-musl': [ '4.60.3' ],
3123 silly audit   '@rollup/rollup-linux-s390x-gnu': [ '4.60.3' ],
3123 silly audit   '@rollup/rollup-linux-x64-gnu': [ '4.60.3' ],
3123 silly audit   '@rollup/rollup-linux-x64-musl': [ '4.60.3' ],
3123 silly audit   '@rollup/rollup-openbsd-x64': [ '4.60.3' ],
3123 silly audit   '@rollup/rollup-openharmony-arm64': [ '4.60.3' ],
3123 silly audit   '@rollup/rollup-win32-arm64-msvc': [ '4.60.3' ],
3123 silly audit   '@rollup/rollup-win32-ia32-msvc': [ '4.60.3' ],
3123 silly audit   '@rollup/rollup-win32-x64-gnu': [ '4.60.3' ],
3123 silly audit   '@rollup/rollup-win32-x64-msvc': [ '4.60.3' ],
3123 silly audit   '@types/estree': [ '1.0.8' ],
3123 silly audit   '@vitest/expect': [ '4.1.6' ],
3123 silly audit   '@vitest/mocker': [ '4.1.6' ],
3123 silly audit   '@vitest/pretty-format': [ '4.1.6' ],
3123 silly audit   '@vitest/runner': [ '4.1.6' ],
3123 silly audit   '@vitest/snapshot': [ '4.1.6' ],
3123 silly audit   '@vitest/spy': [ '4.1.6' ],
3123 silly audit   '@vitest/utils': [ '4.1.6' ],
3123 silly audit   'es-module-lexer': [ '2.1.0' ],
3123 silly audit   'expect-type': [ '1.3.0' ],
3123 silly audit   obug: [ '2.1.1' ],
3123 silly audit   pathe: [ '2.0.3' ],
3123 silly audit   'std-env': [ '4.1.0' ],
3123 silly audit   tinybench: [ '2.9.0' ],
3123 silly audit   tinyexec: [ '1.1.2' ],
3123 silly audit   tinyrainbow: [ '3.1.0' ],
3123 silly audit   'why-is-node-running': [ '2.3.0' ],
3123 silly audit   '@types/chai': [ '5.2.3' ],
3123 silly audit   chai: [ '6.2.2' ],
3123 silly audit   '@types/deep-eql': [ '4.0.2' ],
3123 silly audit   'assertion-error': [ '2.0.1' ],
3123 silly audit   'estree-walker': [ '3.0.3' ],
3123 silly audit   'glob-to-regexp': [ '0.4.1' ],
3123 silly audit   tr46: [ '6.0.0' ],
3123 silly audit   punycode: [ '2.3.1' ],
3123 silly audit   isexe: [ '2.0.0', '4.0.0' ],
3123 silly audit   siginfo: [ '2.0.0' ],
3123 silly audit   stackback: [ '0.0.2' ],
3123 silly audit   cliui: [ '9.0.1' ],
3123 silly audit   'get-caller-file': [ '2.0.5' ],
3123 silly audit   y18n: [ '5.0.8' ],
3123 silly audit   'yargs-parser': [ '22.0.0' ],
3123 silly audit   'emoji-regex': [ '10.6.0', '8.0.0' ],
3123 silly audit   'color-convert': [ '2.0.1' ],
3123 silly audit   'color-name': [ '1.1.4' ]
3123 silly audit }
3124 verbose reify failed optional dependency /Users/dam113/Desktop/myAngularApp/node_modules/@rollup/rollup-win32-x64-msvc
3125 silly reify mark deleted [
3125 silly reify   '/Users/dam113/Desktop/myAngularApp/node_modules/@rollup/rollup-win32-x64-msvc'
3125 silly reify ]
3126 verbose reify failed optional dependency /Users/dam113/Desktop/myAngularApp/node_modules/@rollup/rollup-win32-x64-gnu
3127 silly reify mark deleted [
3127 silly reify   '/Users/dam113/Desktop/myAngularApp/node_modules/@rollup/rollup-win32-x64-gnu'
3127 silly reify ]
3128 verbose reify failed optional dependency /Users/dam113/Desktop/myAngularApp/node_modules/@rollup/rollup-win32-ia32-msvc
3129 silly reify mark deleted [
3129 silly reify   '/Users/dam113/Desktop/myAngularApp/node_modules/@rollup/rollup-win32-ia32-msvc'
3129 silly reify ]
3130 verbose reify failed optional dependency /Users/dam113/Desktop/myAngularApp/node_modules/@rollup/rollup-win32-arm64-msvc
3131 silly reify mark deleted [
3131 silly reify   '/Users/dam113/Desktop/myAngularApp/node_modules/@rollup/rollup-win32-arm64-msvc'
3131 silly reify ]
3132 verbose reify failed optional dependency /Users/dam113/Desktop/myAngularApp/node_modules/@rollup/rollup-openharmony-arm64
3133 silly reify mark deleted [
3133 silly reify   '/Users/dam113/Desktop/myAngularApp/node_modules/@rollup/rollup-openharmony-arm64'
3133 silly reify ]
3134 verbose reify failed optional dependency /Users/dam113/Desktop/myAngularApp/node_modules/@rollup/rollup-openbsd-x64
3135 silly reify mark deleted [
3135 silly reify   '/Users/dam113/Desktop/myAngularApp/node_modules/@rollup/rollup-openbsd-x64'
3135 silly reify ]
3136 verbose reify failed optional dependency /Users/dam113/Desktop/myAngularApp/node_modules/@rollup/rollup-linux-x64-musl
3137 silly reify mark deleted [
3137 silly reify   '/Users/dam113/Desktop/myAngularApp/node_modules/@rollup/rollup-linux-x64-musl'
3137 silly reify ]
3138 verbose reify failed optional dependency /Users/dam113/Desktop/myAngularApp/node_modules/@rollup/rollup-linux-x64-gnu
3139 silly reify mark deleted [
3139 silly reify   '/Users/dam113/Desktop/myAngularApp/node_modules/@rollup/rollup-linux-x64-gnu'
3139 silly reify ]
3140 verbose reify failed optional dependency /Users/dam113/Desktop/myAngularApp/node_modules/@rollup/rollup-linux-s390x-gnu
3141 silly reify mark deleted [
3141 silly reify   '/Users/dam113/Desktop/myAngularApp/node_modules/@rollup/rollup-linux-s390x-gnu'
3141 silly reify ]
3142 verbose reify failed optional dependency /Users/dam113/Desktop/myAngularApp/node_modules/@rollup/rollup-linux-riscv64-musl
3143 silly reify mark deleted [
3143 silly reify   '/Users/dam113/Desktop/myAngularApp/node_modules/@rollup/rollup-linux-riscv64-musl'
3143 silly reify ]
3144 verbose reify failed optional dependency /Users/dam113/Desktop/myAngularApp/node_modules/@rollup/rollup-linux-riscv64-gnu
3145 silly reify mark deleted [
3145 silly reify   '/Users/dam113/Desktop/myAngularApp/node_modules/@rollup/rollup-linux-riscv64-gnu'
3145 silly reify ]
3146 verbose reify failed optional dependency /Users/dam113/Desktop/myAngularApp/node_modules/@rollup/rollup-linux-ppc64-musl
3147 silly reify mark deleted [
3147 silly reify   '/Users/dam113/Desktop/myAngularApp/node_modules/@rollup/rollup-linux-ppc64-musl'
3147 silly reify ]
3148 verbose reify failed optional dependency /Users/dam113/Desktop/myAngularApp/node_modules/@rollup/rollup-linux-ppc64-gnu
3149 silly reify mark deleted [
3149 silly reify   '/Users/dam113/Desktop/myAngularApp/node_modules/@rollup/rollup-linux-ppc64-gnu'
3149 silly reify ]
3150 verbose reify failed optional dependency /Users/dam113/Desktop/myAngularApp/node_modules/@rollup/rollup-linux-loong64-musl
3151 silly reify mark deleted [
3151 silly reify   '/Users/dam113/Desktop/myAngularApp/node_modules/@rollup/rollup-linux-loong64-musl'
3151 silly reify ]
3152 verbose reify failed optional dependency /Users/dam113/Desktop/myAngularApp/node_modules/@rollup/rollup-linux-loong64-gnu
3153 silly reify mark deleted [
3153 silly reify   '/Users/dam113/Desktop/myAngularApp/node_modules/@rollup/rollup-linux-loong64-gnu'
3153 silly reify ]
3154 verbose reify failed optional dependency /Users/dam113/Desktop/myAngularApp/node_modules/@rollup/rollup-linux-arm64-musl
3155 silly reify mark deleted [
3155 silly reify   '/Users/dam113/Desktop/myAngularApp/node_modules/@rollup/rollup-linux-arm64-musl'
3155 silly reify ]
3156 verbose reify failed optional dependency /Users/dam113/Desktop/myAngularApp/node_modules/@rollup/rollup-linux-arm64-gnu
3157 silly reify mark deleted [
3157 silly reify   '/Users/dam113/Desktop/myAngularApp/node_modules/@rollup/rollup-linux-arm64-gnu'
3157 silly reify ]
3158 verbose reify failed optional dependency /Users/dam113/Desktop/myAngularApp/node_modules/@rollup/rollup-linux-arm-musleabihf
3159 silly reify mark deleted [
3159 silly reify   '/Users/dam113/Desktop/myAngularApp/node_modules/@rollup/rollup-linux-arm-musleabihf'
3159 silly reify ]
3160 verbose reify failed optional dependency /Users/dam113/Desktop/myAngularApp/node_modules/@rollup/rollup-linux-arm-gnueabihf
3161 silly reify mark deleted [
3161 silly reify   '/Users/dam113/Desktop/myAngularApp/node_modules/@rollup/rollup-linux-arm-gnueabihf'
3161 silly reify ]
3162 verbose reify failed optional dependency /Users/dam113/Desktop/myAngularApp/node_modules/@rollup/rollup-freebsd-x64
3163 silly reify mark deleted [
3163 silly reify   '/Users/dam113/Desktop/myAngularApp/node_modules/@rollup/rollup-freebsd-x64'
3163 silly reify ]
3164 verbose reify failed optional dependency /Users/dam113/Desktop/myAngularApp/node_modules/@rollup/rollup-freebsd-arm64
3165 silly reify mark deleted [
3165 silly reify   '/Users/dam113/Desktop/myAngularApp/node_modules/@rollup/rollup-freebsd-arm64'
3165 silly reify ]
3166 verbose reify failed optional dependency /Users/dam113/Desktop/myAngularApp/node_modules/@rollup/rollup-darwin-x64
3167 silly reify mark deleted [
3167 silly reify   '/Users/dam113/Desktop/myAngularApp/node_modules/@rollup/rollup-darwin-x64'
3167 silly reify ]
3168 verbose reify failed optional dependency /Users/dam113/Desktop/myAngularApp/node_modules/@rollup/rollup-android-arm64
3169 silly reify mark deleted [
3169 silly reify   '/Users/dam113/Desktop/myAngularApp/node_modules/@rollup/rollup-android-arm64'
3169 silly reify ]
3170 verbose reify failed optional dependency /Users/dam113/Desktop/myAngularApp/node_modules/@rollup/rollup-android-arm-eabi
3171 silly reify mark deleted [
3171 silly reify   '/Users/dam113/Desktop/myAngularApp/node_modules/@rollup/rollup-android-arm-eabi'
3171 silly reify ]
3172 verbose reify failed optional dependency /Users/dam113/Desktop/myAngularApp/node_modules/@parcel/watcher-win32-x64
3173 silly reify mark deleted [
3173 silly reify   '/Users/dam113/Desktop/myAngularApp/node_modules/@parcel/watcher-win32-x64'
3173 silly reify ]
3174 verbose reify failed optional dependency /Users/dam113/Desktop/myAngularApp/node_modules/@parcel/watcher-win32-ia32
3175 silly reify mark deleted [
3175 silly reify   '/Users/dam113/Desktop/myAngularApp/node_modules/@parcel/watcher-win32-ia32'
3175 silly reify ]
3176 verbose reify failed optional dependency /Users/dam113/Desktop/myAngularApp/node_modules/@parcel/watcher-win32-arm64
3177 silly reify mark deleted [
3177 silly reify   '/Users/dam113/Desktop/myAngularApp/node_modules/@parcel/watcher-win32-arm64'
3177 silly reify ]
3178 verbose reify failed optional dependency /Users/dam113/Desktop/myAngularApp/node_modules/@parcel/watcher-linux-x64-musl
3179 silly reify mark deleted [
3179 silly reify   '/Users/dam113/Desktop/myAngularApp/node_modules/@parcel/watcher-linux-x64-musl'
3179 silly reify ]
3180 verbose reify failed optional dependency /Users/dam113/Desktop/myAngularApp/node_modules/@parcel/watcher-linux-x64-glibc
3181 silly reify mark deleted [
3181 silly reify   '/Users/dam113/Desktop/myAngularApp/node_modules/@parcel/watcher-linux-x64-glibc'
3181 silly reify ]
3182 verbose reify failed optional dependency /Users/dam113/Desktop/myAngularApp/node_modules/@parcel/watcher-linux-arm64-musl
3183 silly reify mark deleted [
3183 silly reify   '/Users/dam113/Desktop/myAngularApp/node_modules/@parcel/watcher-linux-arm64-musl'
3183 silly reify ]
3184 verbose reify failed optional dependency /Users/dam113/Desktop/myAngularApp/node_modules/@parcel/watcher-linux-arm64-glibc
3185 silly reify mark deleted [
3185 silly reify   '/Users/dam113/Desktop/myAngularApp/node_modules/@parcel/watcher-linux-arm64-glibc'
3185 silly reify ]
3186 verbose reify failed optional dependency /Users/dam113/Desktop/myAngularApp/node_modules/@parcel/watcher-linux-arm-musl
3187 silly reify mark deleted [
3187 silly reify   '/Users/dam113/Desktop/myAngularApp/node_modules/@parcel/watcher-linux-arm-musl'
3187 silly reify ]
3188 verbose reify failed optional dependency /Users/dam113/Desktop/myAngularApp/node_modules/@parcel/watcher-linux-arm-glibc
3189 silly reify mark deleted [
3189 silly reify   '/Users/dam113/Desktop/myAngularApp/node_modules/@parcel/watcher-linux-arm-glibc'
3189 silly reify ]
3190 verbose reify failed optional dependency /Users/dam113/Desktop/myAngularApp/node_modules/@parcel/watcher-freebsd-x64
3191 silly reify mark deleted [
3191 silly reify   '/Users/dam113/Desktop/myAngularApp/node_modules/@parcel/watcher-freebsd-x64'
3191 silly reify ]
3192 verbose reify failed optional dependency /Users/dam113/Desktop/myAngularApp/node_modules/@parcel/watcher-darwin-x64
3193 silly reify mark deleted [
3193 silly reify   '/Users/dam113/Desktop/myAngularApp/node_modules/@parcel/watcher-darwin-x64'
3193 silly reify ]
3194 verbose reify failed optional dependency /Users/dam113/Desktop/myAngularApp/node_modules/@parcel/watcher-android-arm64
3195 silly reify mark deleted [
3195 silly reify   '/Users/dam113/Desktop/myAngularApp/node_modules/@parcel/watcher-android-arm64'
3195 silly reify ]
3196 verbose reify failed optional dependency /Users/dam113/Desktop/myAngularApp/node_modules/@rolldown/binding-win32-x64-msvc
3197 silly reify mark deleted [
3197 silly reify   '/Users/dam113/Desktop/myAngularApp/node_modules/@rolldown/binding-win32-x64-msvc'
3197 silly reify ]
3198 verbose reify failed optional dependency /Users/dam113/Desktop/myAngularApp/node_modules/@rolldown/binding-win32-arm64-msvc
3199 silly reify mark deleted [
3199 silly reify   '/Users/dam113/Desktop/myAngularApp/node_modules/@rolldown/binding-win32-arm64-msvc'
3199 silly reify ]
3200 verbose reify failed optional dependency /Users/dam113/Desktop/myAngularApp/node_modules/@rolldown/binding-wasm32-wasi
3201 silly reify mark deleted [
3201 silly reify   '/Users/dam113/Desktop/myAngularApp/node_modules/@rolldown/binding-wasm32-wasi'
3201 silly reify ]
3202 verbose reify failed optional dependency /Users/dam113/Desktop/myAngularApp/node_modules/@napi-rs/wasm-runtime
3203 silly reify mark deleted [
3203 silly reify   '/Users/dam113/Desktop/myAngularApp/node_modules/@napi-rs/wasm-runtime'
3203 silly reify ]
3204 verbose reify failed optional dependency /Users/dam113/Desktop/myAngularApp/node_modules/@emnapi/core
3205 silly reify mark deleted [ '/Users/dam113/Desktop/myAngularApp/node_modules/@emnapi/core' ]
3206 verbose reify failed optional dependency /Users/dam113/Desktop/myAngularApp/node_modules/@emnapi/runtime
3207 silly reify mark deleted [ '/Users/dam113/Desktop/myAngularApp/node_modules/@emnapi/runtime' ]
3208 verbose reify failed optional dependency /Users/dam113/Desktop/myAngularApp/node_modules/@tybys/wasm-util
3209 silly reify mark deleted [ '/Users/dam113/Desktop/myAngularApp/node_modules/@tybys/wasm-util' ]
3210 verbose reify failed optional dependency /Users/dam113/Desktop/myAngularApp/node_modules/@emnapi/wasi-threads
3211 silly reify mark deleted [
3211 silly reify   '/Users/dam113/Desktop/myAngularApp/node_modules/@emnapi/wasi-threads'
3211 silly reify ]
3212 verbose reify failed optional dependency /Users/dam113/Desktop/myAngularApp/node_modules/@rolldown/binding-openharmony-arm64
3213 silly reify mark deleted [
3213 silly reify   '/Users/dam113/Desktop/myAngularApp/node_modules/@rolldown/binding-openharmony-arm64'
3213 silly reify ]
3214 verbose reify failed optional dependency /Users/dam113/Desktop/myAngularApp/node_modules/@rolldown/binding-linux-x64-musl
3215 silly reify mark deleted [
3215 silly reify   '/Users/dam113/Desktop/myAngularApp/node_modules/@rolldown/binding-linux-x64-musl'
3215 silly reify ]
3216 verbose reify failed optional dependency /Users/dam113/Desktop/myAngularApp/node_modules/@rolldown/binding-linux-x64-gnu
3217 silly reify mark deleted [
3217 silly reify   '/Users/dam113/Desktop/myAngularApp/node_modules/@rolldown/binding-linux-x64-gnu'
3217 silly reify ]
3218 verbose reify failed optional dependency /Users/dam113/Desktop/myAngularApp/node_modules/@rolldown/binding-linux-arm64-musl
3219 silly reify mark deleted [
3219 silly reify   '/Users/dam113/Desktop/myAngularApp/node_modules/@rolldown/binding-linux-arm64-musl'
3219 silly reify ]
3220 verbose reify failed optional dependency /Users/dam113/Desktop/myAngularApp/node_modules/@rolldown/binding-linux-arm64-gnu
3221 silly reify mark deleted [
3221 silly reify   '/Users/dam113/Desktop/myAngularApp/node_modules/@rolldown/binding-linux-arm64-gnu'
3221 silly reify ]
3222 verbose reify failed optional dependency /Users/dam113/Desktop/myAngularApp/node_modules/@rolldown/binding-linux-arm-gnueabihf
3223 silly reify mark deleted [
3223 silly reify   '/Users/dam113/Desktop/myAngularApp/node_modules/@rolldown/binding-linux-arm-gnueabihf'
3223 silly reify ]
3224 verbose reify failed optional dependency /Users/dam113/Desktop/myAngularApp/node_modules/@rolldown/binding-freebsd-x64
3225 silly reify mark deleted [
3225 silly reify   '/Users/dam113/Desktop/myAngularApp/node_modules/@rolldown/binding-freebsd-x64'
3225 silly reify ]
3226 verbose reify failed optional dependency /Users/dam113/Desktop/myAngularApp/node_modules/@rolldown/binding-darwin-x64
3227 silly reify mark deleted [
3227 silly reify   '/Users/dam113/Desktop/myAngularApp/node_modules/@rolldown/binding-darwin-x64'
3227 silly reify ]
3228 verbose reify failed optional dependency /Users/dam113/Desktop/myAngularApp/node_modules/@rolldown/binding-android-arm64
3229 silly reify mark deleted [
3229 silly reify   '/Users/dam113/Desktop/myAngularApp/node_modules/@rolldown/binding-android-arm64'
3229 silly reify ]
3230 verbose reify failed optional dependency /Users/dam113/Desktop/myAngularApp/node_modules/@napi-rs/nice-win32-x64-msvc
3231 silly reify mark deleted [
3231 silly reify   '/Users/dam113/Desktop/myAngularApp/node_modules/@napi-rs/nice-win32-x64-msvc'
3231 silly reify ]
3232 verbose reify failed optional dependency /Users/dam113/Desktop/myAngularApp/node_modules/@napi-rs/nice-win32-ia32-msvc
3233 silly reify mark deleted [
3233 silly reify   '/Users/dam113/Desktop/myAngularApp/node_modules/@napi-rs/nice-win32-ia32-msvc'
3233 silly reify ]
3234 verbose reify failed optional dependency /Users/dam113/Desktop/myAngularApp/node_modules/@napi-rs/nice-win32-arm64-msvc
3235 silly reify mark deleted [
3235 silly reify   '/Users/dam113/Desktop/myAngularApp/node_modules/@napi-rs/nice-win32-arm64-msvc'
3235 silly reify ]
3236 verbose reify failed optional dependency /Users/dam113/Desktop/myAngularApp/node_modules/@napi-rs/nice-openharmony-arm64
3237 silly reify mark deleted [
3237 silly reify   '/Users/dam113/Desktop/myAngularApp/node_modules/@napi-rs/nice-openharmony-arm64'
3237 silly reify ]
3238 verbose reify failed optional dependency /Users/dam113/Desktop/myAngularApp/node_modules/@napi-rs/nice-linux-x64-musl
3239 silly reify mark deleted [
3239 silly reify   '/Users/dam113/Desktop/myAngularApp/node_modules/@napi-rs/nice-linux-x64-musl'
3239 silly reify ]
3240 verbose reify failed optional dependency /Users/dam113/Desktop/myAngularApp/node_modules/@napi-rs/nice-linux-x64-gnu
3241 silly reify mark deleted [
3241 silly reify   '/Users/dam113/Desktop/myAngularApp/node_modules/@napi-rs/nice-linux-x64-gnu'
3241 silly reify ]
3242 verbose reify failed optional dependency /Users/dam113/Desktop/myAngularApp/node_modules/@napi-rs/nice-linux-s390x-gnu
3243 silly reify mark deleted [
3243 silly reify   '/Users/dam113/Desktop/myAngularApp/node_modules/@napi-rs/nice-linux-s390x-gnu'
3243 silly reify ]
3244 verbose reify failed optional dependency /Users/dam113/Desktop/myAngularApp/node_modules/@napi-rs/nice-linux-riscv64-gnu
3245 silly reify mark deleted [
3245 silly reify   '/Users/dam113/Desktop/myAngularApp/node_modules/@napi-rs/nice-linux-riscv64-gnu'
3245 silly reify ]
3246 verbose reify failed optional dependency /Users/dam113/Desktop/myAngularApp/node_modules/@napi-rs/nice-linux-ppc64-gnu
3247 silly reify mark deleted [
3247 silly reify   '/Users/dam113/Desktop/myAngularApp/node_modules/@napi-rs/nice-linux-ppc64-gnu'
3247 silly reify ]
3248 verbose reify failed optional dependency /Users/dam113/Desktop/myAngularApp/node_modules/@napi-rs/nice-linux-arm64-musl
3249 silly reify mark deleted [
3249 silly reify   '/Users/dam113/Desktop/myAngularApp/node_modules/@napi-rs/nice-linux-arm64-musl'
3249 silly reify ]
3250 verbose reify failed optional dependency /Users/dam113/Desktop/myAngularApp/node_modules/@napi-rs/nice-linux-arm64-gnu
3251 silly reify mark deleted [
3251 silly reify   '/Users/dam113/Desktop/myAngularApp/node_modules/@napi-rs/nice-linux-arm64-gnu'
3251 silly reify ]
3252 verbose reify failed optional dependency /Users/dam113/Desktop/myAngularApp/node_modules/@napi-rs/nice-linux-arm-gnueabihf
3253 silly reify mark deleted [
3253 silly reify   '/Users/dam113/Desktop/myAngularApp/node_modules/@napi-rs/nice-linux-arm-gnueabihf'
3253 silly reify ]
3254 verbose reify failed optional dependency /Users/dam113/Desktop/myAngularApp/node_modules/@napi-rs/nice-freebsd-x64
3255 silly reify mark deleted [
3255 silly reify   '/Users/dam113/Desktop/myAngularApp/node_modules/@napi-rs/nice-freebsd-x64'
3255 silly reify ]
3256 verbose reify failed optional dependency /Users/dam113/Desktop/myAngularApp/node_modules/@napi-rs/nice-darwin-x64
3257 silly reify mark deleted [
3257 silly reify   '/Users/dam113/Desktop/myAngularApp/node_modules/@napi-rs/nice-darwin-x64'
3257 silly reify ]
3258 verbose reify failed optional dependency /Users/dam113/Desktop/myAngularApp/node_modules/@napi-rs/nice-android-arm64
3259 silly reify mark deleted [
3259 silly reify   '/Users/dam113/Desktop/myAngularApp/node_modules/@napi-rs/nice-android-arm64'
3259 silly reify ]
3260 verbose reify failed optional dependency /Users/dam113/Desktop/myAngularApp/node_modules/@napi-rs/nice-android-arm-eabi
3261 silly reify mark deleted [
3261 silly reify   '/Users/dam113/Desktop/myAngularApp/node_modules/@napi-rs/nice-android-arm-eabi'
3261 silly reify ]
3262 verbose reify failed optional dependency /Users/dam113/Desktop/myAngularApp/node_modules/@msgpackr-extract/msgpackr-extract-win32-x64
3263 silly reify mark deleted [
3263 silly reify   '/Users/dam113/Desktop/myAngularApp/node_modules/@msgpackr-extract/msgpackr-extract-win32-x64'
3263 silly reify ]
3264 verbose reify failed optional dependency /Users/dam113/Desktop/myAngularApp/node_modules/@msgpackr-extract/msgpackr-extract-linux-x64
3265 silly reify mark deleted [
3265 silly reify   '/Users/dam113/Desktop/myAngularApp/node_modules/@msgpackr-extract/msgpackr-extract-linux-x64'
3265 silly reify ]
3266 verbose reify failed optional dependency /Users/dam113/Desktop/myAngularApp/node_modules/@msgpackr-extract/msgpackr-extract-linux-arm64
3267 silly reify mark deleted [
3267 silly reify   '/Users/dam113/Desktop/myAngularApp/node_modules/@msgpackr-extract/msgpackr-extract-linux-arm64'
3267 silly reify ]
3268 verbose reify failed optional dependency /Users/dam113/Desktop/myAngularApp/node_modules/@msgpackr-extract/msgpackr-extract-linux-arm
3269 silly reify mark deleted [
3269 silly reify   '/Users/dam113/Desktop/myAngularApp/node_modules/@msgpackr-extract/msgpackr-extract-linux-arm'
3269 silly reify ]
3270 verbose reify failed optional dependency /Users/dam113/Desktop/myAngularApp/node_modules/@msgpackr-extract/msgpackr-extract-darwin-x64
3271 silly reify mark deleted [
3271 silly reify   '/Users/dam113/Desktop/myAngularApp/node_modules/@msgpackr-extract/msgpackr-extract-darwin-x64'
3271 silly reify ]
3272 verbose reify failed optional dependency /Users/dam113/Desktop/myAngularApp/node_modules/@lmdb/lmdb-win32-x64
3273 silly reify mark deleted [
3273 silly reify   '/Users/dam113/Desktop/myAngularApp/node_modules/@lmdb/lmdb-win32-x64'
3273 silly reify ]
3274 verbose reify failed optional dependency /Users/dam113/Desktop/myAngularApp/node_modules/@lmdb/lmdb-win32-arm64
3275 silly reify mark deleted [
3275 silly reify   '/Users/dam113/Desktop/myAngularApp/node_modules/@lmdb/lmdb-win32-arm64'
3275 silly reify ]
3276 verbose reify failed optional dependency /Users/dam113/Desktop/myAngularApp/node_modules/@lmdb/lmdb-linux-x64
3277 silly reify mark deleted [
3277 silly reify   '/Users/dam113/Desktop/myAngularApp/node_modules/@lmdb/lmdb-linux-x64'
3277 silly reify ]
3278 verbose reify failed optional dependency /Users/dam113/Desktop/myAngularApp/node_modules/@lmdb/lmdb-linux-arm64
3279 silly reify mark deleted [
3279 silly reify   '/Users/dam113/Desktop/myAngularApp/node_modules/@lmdb/lmdb-linux-arm64'
3279 silly reify ]
3280 verbose reify failed optional dependency /Users/dam113/Desktop/myAngularApp/node_modules/@lmdb/lmdb-linux-arm
3281 silly reify mark deleted [
3281 silly reify   '/Users/dam113/Desktop/myAngularApp/node_modules/@lmdb/lmdb-linux-arm'
3281 silly reify ]
3282 verbose reify failed optional dependency /Users/dam113/Desktop/myAngularApp/node_modules/@lmdb/lmdb-darwin-x64
3283 silly reify mark deleted [
3283 silly reify   '/Users/dam113/Desktop/myAngularApp/node_modules/@lmdb/lmdb-darwin-x64'
3283 silly reify ]
3284 verbose reify failed optional dependency /Users/dam113/Desktop/myAngularApp/node_modules/@esbuild/win32-x64
3285 silly reify mark deleted [
3285 silly reify   '/Users/dam113/Desktop/myAngularApp/node_modules/@esbuild/win32-x64'
3285 silly reify ]
3286 verbose reify failed optional dependency /Users/dam113/Desktop/myAngularApp/node_modules/@esbuild/win32-ia32
3287 silly reify mark deleted [
3287 silly reify   '/Users/dam113/Desktop/myAngularApp/node_modules/@esbuild/win32-ia32'
3287 silly reify ]
3288 verbose reify failed optional dependency /Users/dam113/Desktop/myAngularApp/node_modules/@esbuild/win32-arm64
3289 silly reify mark deleted [
3289 silly reify   '/Users/dam113/Desktop/myAngularApp/node_modules/@esbuild/win32-arm64'
3289 silly reify ]
3290 verbose reify failed optional dependency /Users/dam113/Desktop/myAngularApp/node_modules/@esbuild/sunos-x64
3291 silly reify mark deleted [
3291 silly reify   '/Users/dam113/Desktop/myAngularApp/node_modules/@esbuild/sunos-x64'
3291 silly reify ]
3292 verbose reify failed optional dependency /Users/dam113/Desktop/myAngularApp/node_modules/@esbuild/openharmony-arm64
3293 silly reify mark deleted [
3293 silly reify   '/Users/dam113/Desktop/myAngularApp/node_modules/@esbuild/openharmony-arm64'
3293 silly reify ]
3294 verbose reify failed optional dependency /Users/dam113/Desktop/myAngularApp/node_modules/@esbuild/openbsd-x64
3295 silly reify mark deleted [
3295 silly reify   '/Users/dam113/Desktop/myAngularApp/node_modules/@esbuild/openbsd-x64'
3295 silly reify ]
3296 verbose reify failed optional dependency /Users/dam113/Desktop/myAngularApp/node_modules/@esbuild/openbsd-arm64
3297 silly reify mark deleted [
3297 silly reify   '/Users/dam113/Desktop/myAngularApp/node_modules/@esbuild/openbsd-arm64'
3297 silly reify ]
3298 verbose reify failed optional dependency /Users/dam113/Desktop/myAngularApp/node_modules/@esbuild/netbsd-x64
3299 silly reify mark deleted [
3299 silly reify   '/Users/dam113/Desktop/myAngularApp/node_modules/@esbuild/netbsd-x64'
3299 silly reify ]
3300 verbose reify failed optional dependency /Users/dam113/Desktop/myAngularApp/node_modules/@esbuild/netbsd-arm64
3301 silly reify mark deleted [
3301 silly reify   '/Users/dam113/Desktop/myAngularApp/node_modules/@esbuild/netbsd-arm64'
3301 silly reify ]
3302 verbose reify failed optional dependency /Users/dam113/Desktop/myAngularApp/node_modules/@esbuild/linux-x64
3303 silly reify mark deleted [
3303 silly reify   '/Users/dam113/Desktop/myAngularApp/node_modules/@esbuild/linux-x64'
3303 silly reify ]
3304 verbose reify failed optional dependency /Users/dam113/Desktop/myAngularApp/node_modules/@esbuild/linux-s390x
3305 silly reify mark deleted [
3305 silly reify   '/Users/dam113/Desktop/myAngularApp/node_modules/@esbuild/linux-s390x'
3305 silly reify ]
3306 verbose reify failed optional dependency /Users/dam113/Desktop/myAngularApp/node_modules/@esbuild/linux-riscv64
3307 silly reify mark deleted [
3307 silly reify   '/Users/dam113/Desktop/myAngularApp/node_modules/@esbuild/linux-riscv64'
3307 silly reify ]
3308 verbose reify failed optional dependency /Users/dam113/Desktop/myAngularApp/node_modules/@esbuild/linux-ppc64
3309 silly reify mark deleted [
3309 silly reify   '/Users/dam113/Desktop/myAngularApp/node_modules/@esbuild/linux-ppc64'
3309 silly reify ]
3310 verbose reify failed optional dependency /Users/dam113/Desktop/myAngularApp/node_modules/@esbuild/linux-mips64el
3311 silly reify mark deleted [
3311 silly reify   '/Users/dam113/Desktop/myAngularApp/node_modules/@esbuild/linux-mips64el'
3311 silly reify ]
3312 verbose reify failed optional dependency /Users/dam113/Desktop/myAngularApp/node_modules/@esbuild/linux-loong64
3313 silly reify mark deleted [
3313 silly reify   '/Users/dam113/Desktop/myAngularApp/node_modules/@esbuild/linux-loong64'
3313 silly reify ]
3314 verbose reify failed optional dependency /Users/dam113/Desktop/myAngularApp/node_modules/@esbuild/linux-ia32
3315 silly reify mark deleted [
3315 silly reify   '/Users/dam113/Desktop/myAngularApp/node_modules/@esbuild/linux-ia32'
3315 silly reify ]
3316 verbose reify failed optional dependency /Users/dam113/Desktop/myAngularApp/node_modules/@esbuild/linux-arm64
3317 silly reify mark deleted [
3317 silly reify   '/Users/dam113/Desktop/myAngularApp/node_modules/@esbuild/linux-arm64'
3317 silly reify ]
3318 verbose reify failed optional dependency /Users/dam113/Desktop/myAngularApp/node_modules/@esbuild/linux-arm
3319 silly reify mark deleted [
3319 silly reify   '/Users/dam113/Desktop/myAngularApp/node_modules/@esbuild/linux-arm'
3319 silly reify ]
3320 verbose reify failed optional dependency /Users/dam113/Desktop/myAngularApp/node_modules/@esbuild/freebsd-x64
3321 silly reify mark deleted [
3321 silly reify   '/Users/dam113/Desktop/myAngularApp/node_modules/@esbuild/freebsd-x64'
3321 silly reify ]
3322 verbose reify failed optional dependency /Users/dam113/Desktop/myAngularApp/node_modules/@esbuild/freebsd-arm64
3323 silly reify mark deleted [
3323 silly reify   '/Users/dam113/Desktop/myAngularApp/node_modules/@esbuild/freebsd-arm64'
3323 silly reify ]
3324 verbose reify failed optional dependency /Users/dam113/Desktop/myAngularApp/node_modules/@esbuild/darwin-x64
3325 silly reify mark deleted [
3325 silly reify   '/Users/dam113/Desktop/myAngularApp/node_modules/@esbuild/darwin-x64'
3325 silly reify ]
3326 verbose reify failed optional dependency /Users/dam113/Desktop/myAngularApp/node_modules/@esbuild/android-x64
3327 silly reify mark deleted [
3327 silly reify   '/Users/dam113/Desktop/myAngularApp/node_modules/@esbuild/android-x64'
3327 silly reify ]
3328 verbose reify failed optional dependency /Users/dam113/Desktop/myAngularApp/node_modules/@esbuild/android-arm64
3329 silly reify mark deleted [
3329 silly reify   '/Users/dam113/Desktop/myAngularApp/node_modules/@esbuild/android-arm64'
3329 silly reify ]
3330 verbose reify failed optional dependency /Users/dam113/Desktop/myAngularApp/node_modules/@esbuild/android-arm
3331 silly reify mark deleted [
3331 silly reify   '/Users/dam113/Desktop/myAngularApp/node_modules/@esbuild/android-arm'
3331 silly reify ]
3332 verbose reify failed optional dependency /Users/dam113/Desktop/myAngularApp/node_modules/@esbuild/aix-ppc64
3333 silly reify mark deleted [
3333 silly reify   '/Users/dam113/Desktop/myAngularApp/node_modules/@esbuild/aix-ppc64'
3333 silly reify ]
3334 http cache color-name@https://registry.npmjs.org/color-name/-/color-name-1.1.4.tgz 0ms (cache hit)
3335 http cache color-convert@https://registry.npmjs.org/color-convert/-/color-convert-2.0.1.tgz 0ms (cache hit)
3336 http cache yargs-parser@https://registry.npmjs.org/yargs-parser/-/yargs-parser-22.0.0.tgz 0ms (cache hit)
3337 http cache y18n@https://registry.npmjs.org/y18n/-/y18n-5.0.8.tgz 0ms (cache hit)
3338 http cache emoji-regex@https://registry.npmjs.org/emoji-regex/-/emoji-regex-10.6.0.tgz 0ms (cache hit)
3339 http cache get-caller-file@https://registry.npmjs.org/get-caller-file/-/get-caller-file-2.0.5.tgz 0ms (cache hit)
3340 http cache stackback@https://registry.npmjs.org/stackback/-/stackback-0.0.2.tgz 0ms (cache hit)
3341 http cache cliui@https://registry.npmjs.org/cliui/-/cliui-9.0.1.tgz 0ms (cache hit)
3342 http cache isexe@https://registry.npmjs.org/isexe/-/isexe-2.0.0.tgz 0ms (cache hit)
3343 http cache siginfo@https://registry.npmjs.org/siginfo/-/siginfo-2.0.0.tgz 0ms (cache hit)
3344 http cache punycode@https://registry.npmjs.org/punycode/-/punycode-2.3.1.tgz 0ms (cache hit)
3345 http cache tr46@https://registry.npmjs.org/tr46/-/tr46-6.0.0.tgz 0ms (cache hit)
3346 http cache assertion-error@https://registry.npmjs.org/assertion-error/-/assertion-error-2.0.1.tgz 0ms (cache hit)
3347 http cache estree-walker@https://registry.npmjs.org/estree-walker/-/estree-walker-3.0.3.tgz 0ms (cache hit)
3348 http cache glob-to-regexp@https://registry.npmjs.org/glob-to-regexp/-/glob-to-regexp-0.4.1.tgz 0ms (cache hit)
3349 http cache @types/deep-eql@https://registry.npmjs.org/@types/deep-eql/-/deep-eql-4.0.2.tgz 0ms (cache hit)
3350 http cache tinyrainbow@https://registry.npmjs.org/tinyrainbow/-/tinyrainbow-3.1.0.tgz 0ms (cache hit)
3351 http cache why-is-node-running@https://registry.npmjs.org/why-is-node-running/-/why-is-node-running-2.3.0.tgz 0ms (cache hit)
3352 http cache chai@https://registry.npmjs.org/chai/-/chai-6.2.2.tgz 0ms (cache hit)
3353 http cache tinyexec@https://registry.npmjs.org/tinyexec/-/tinyexec-1.1.2.tgz 0ms (cache hit)
3354 http cache @types/chai@https://registry.npmjs.org/@types/chai/-/chai-5.2.3.tgz 0ms (cache hit)
3355 http cache tinybench@https://registry.npmjs.org/tinybench/-/tinybench-2.9.0.tgz 0ms (cache hit)
3356 http cache std-env@https://registry.npmjs.org/std-env/-/std-env-4.1.0.tgz 0ms (cache hit)
3357 http cache pathe@https://registry.npmjs.org/pathe/-/pathe-2.0.3.tgz 0ms (cache hit)
3358 http cache expect-type@https://registry.npmjs.org/expect-type/-/expect-type-1.3.0.tgz 0ms (cache hit)
3359 http cache es-module-lexer@https://registry.npmjs.org/es-module-lexer/-/es-module-lexer-2.1.0.tgz 0ms (cache hit)
3360 http cache obug@https://registry.npmjs.org/obug/-/obug-2.1.1.tgz 0ms (cache hit)
3361 http cache @vitest/utils@https://registry.npmjs.org/@vitest/utils/-/utils-4.1.6.tgz 0ms (cache hit)
3362 http cache @vitest/spy@https://registry.npmjs.org/@vitest/spy/-/spy-4.1.6.tgz 0ms (cache hit)
3363 http cache @vitest/runner@https://registry.npmjs.org/@vitest/runner/-/runner-4.1.6.tgz 0ms (cache hit)
3364 http cache @vitest/snapshot@https://registry.npmjs.org/@vitest/snapshot/-/snapshot-4.1.6.tgz 0ms (cache hit)
3365 http cache @vitest/pretty-format@https://registry.npmjs.org/@vitest/pretty-format/-/pretty-format-4.1.6.tgz 0ms (cache hit)
3366 http cache @vitest/expect@https://registry.npmjs.org/@vitest/expect/-/expect-4.1.6.tgz 0ms (cache hit)
3367 http cache @vitest/mocker@https://registry.npmjs.org/@vitest/mocker/-/mocker-4.1.6.tgz 0ms (cache hit)
3368 http cache rollup@https://registry.npmjs.org/rollup/-/rollup-4.60.3.tgz 0ms (cache hit)
3369 http cache fsevents@https://registry.npmjs.org/fsevents/-/fsevents-2.3.3.tgz 0ms (cache hit)
3370 http cache @types/estree@https://registry.npmjs.org/@types/estree/-/estree-1.0.8.tgz 0ms (cache hit)
3371 http cache escalade@https://registry.npmjs.org/escalade/-/escalade-3.2.0.tgz 0ms (cache hit)
3372 http cache media-typer@https://registry.npmjs.org/media-typer/-/media-typer-1.1.0.tgz 0ms (cache hit)
3373 http cache @rollup/rollup-darwin-arm64@https://registry.npmjs.org/@rollup/rollup-darwin-arm64/-/rollup-darwin-arm64-4.60.3.tgz 0ms (cache hit)
3374 http cache @tufjs/models@https://registry.npmjs.org/@tufjs/models/-/models-4.1.0.tgz 0ms (cache hit)
3375 http cache fdir@https://registry.npmjs.org/fdir/-/fdir-6.5.0.tgz 0ms (cache hit)
3376 http cache chownr@https://registry.npmjs.org/chownr/-/chownr-3.0.0.tgz 0ms (cache hit)
3377 http cache @tufjs/canonical-json@https://registry.npmjs.org/@tufjs/canonical-json/-/canonical-json-2.0.0.tgz 0ms (cache hit)
3378 http cache tldts@https://registry.npmjs.org/tldts/-/tldts-7.0.30.tgz 0ms (cache hit)
3379 http cache ansi-regex@https://registry.npmjs.org/ansi-regex/-/ansi-regex-6.2.2.tgz 0ms (cache hit)
3380 http cache @isaacs/fs-minipass@https://registry.npmjs.org/@isaacs/fs-minipass/-/fs-minipass-4.0.1.tgz 0ms (cache hit)
3381 http cache tldts-core@https://registry.npmjs.org/tldts-core/-/tldts-core-7.0.30.tgz 0ms (cache hit)
3382 http cache spdx-exceptions@https://registry.npmjs.org/spdx-exceptions/-/spdx-exceptions-2.5.0.tgz 0ms (cache hit)
3383 http cache buffer-from@https://registry.npmjs.org/buffer-from/-/buffer-from-1.1.2.tgz 0ms (cache hit)
3384 http cache socks@https://registry.npmjs.org/socks/-/socks-2.8.9.tgz 0ms (cache hit)
3385 http cache smart-buffer@https://registry.npmjs.org/smart-buffer/-/smart-buffer-4.2.0.tgz 0ms (cache hit)
3386 http cache is-fullwidth-code-point@https://registry.npmjs.org/is-fullwidth-code-point/-/is-fullwidth-code-point-5.1.0.tgz 0ms (cache hit)
3387 http cache @sigstore/verify@https://registry.npmjs.org/@sigstore/verify/-/verify-3.1.0.tgz 0ms (cache hit)
3388 http cache ansi-styles@https://registry.npmjs.org/ansi-styles/-/ansi-styles-6.2.3.tgz 0ms (cache hit)
3389 http cache tuf-js@https://registry.npmjs.org/tuf-js/-/tuf-js-4.1.0.tgz 0ms (cache hit)
3390 http cache @sigstore/tuf@https://registry.npmjs.org/@sigstore/tuf/-/tuf-4.0.2.tgz 0ms (cache hit)
3391 http cache get-east-asian-width@https://registry.npmjs.org/get-east-asian-width/-/get-east-asian-width-1.6.0.tgz 0ms (cache hit)
3392 http cache spdx-license-ids@https://registry.npmjs.org/spdx-license-ids/-/spdx-license-ids-3.0.23.tgz 0ms (cache hit)
3393 http cache @sigstore/protobuf-specs@https://registry.npmjs.org/@sigstore/protobuf-specs/-/protobuf-specs-0.5.1.tgz 0ms (cache hit)
3394 http cache @sigstore/core@https://registry.npmjs.org/@sigstore/core/-/core-3.2.0.tgz 0ms (cache hit)
3395 http cache math-intrinsics@https://registry.npmjs.org/math-intrinsics/-/math-intrinsics-1.1.0.tgz 0ms (cache hit)
3396 http cache @sigstore/bundle@https://registry.npmjs.org/@sigstore/bundle/-/bundle-4.0.0.tgz 0ms (cache hit)
3397 http cache dunder-proto@https://registry.npmjs.org/dunder-proto/-/dunder-proto-1.0.1.tgz 0ms (cache hit)
3398 http cache @sigstore/sign@https://registry.npmjs.org/@sigstore/sign/-/sign-4.1.1.tgz 0ms (cache hit)
3399 http cache gopd@https://registry.npmjs.org/gopd/-/gopd-1.2.0.tgz 0ms (cache hit)
3400 http cache has-symbols@https://registry.npmjs.org/has-symbols/-/has-symbols-1.1.0.tgz 0ms (cache hit)
3401 http cache hasown@https://registry.npmjs.org/hasown/-/hasown-2.0.3.tgz 0ms (cache hit)
3402 http cache es-object-atoms@https://registry.npmjs.org/es-object-atoms/-/es-object-atoms-1.1.1.tgz 0ms (cache hit)
3403 http cache es-define-property@https://registry.npmjs.org/es-define-property/-/es-define-property-1.0.1.tgz 0ms (cache hit)
3404 http cache function-bind@https://registry.npmjs.org/function-bind/-/function-bind-1.1.2.tgz 0ms (cache hit)
3405 http cache get-intrinsic@https://registry.npmjs.org/get-intrinsic/-/get-intrinsic-1.3.0.tgz 0ms (cache hit)
3406 http cache get-proto@https://registry.npmjs.org/get-proto/-/get-proto-1.0.1.tgz 0ms (cache hit)
3407 http cache call-bind-apply-helpers@https://registry.npmjs.org/call-bind-apply-helpers/-/call-bind-apply-helpers-1.0.2.tgz 0ms (cache hit)
3408 http cache side-channel-map@https://registry.npmjs.org/side-channel-map/-/side-channel-map-1.0.1.tgz 0ms (cache hit)
3409 http cache call-bound@https://registry.npmjs.org/call-bound/-/call-bound-1.0.4.tgz 0ms (cache hit)
3410 http cache object-inspect@https://registry.npmjs.org/object-inspect/-/object-inspect-1.13.4.tgz 0ms (cache hit)
3411 http cache side-channel-weakmap@https://registry.npmjs.org/side-channel-weakmap/-/side-channel-weakmap-1.0.2.tgz 0ms (cache hit)
3412 http cache side-channel-list@https://registry.npmjs.org/side-channel-list/-/side-channel-list-1.0.1.tgz 0ms (cache hit)
3413 http cache es-errors@https://registry.npmjs.org/es-errors/-/es-errors-1.3.0.tgz 0ms (cache hit)
3414 http cache is-extglob@https://registry.npmjs.org/is-extglob/-/is-extglob-2.1.1.tgz 0ms (cache hit)
3415 http cache @parcel/watcher-darwin-arm64@https://registry.npmjs.org/@parcel/watcher-darwin-arm64/-/watcher-darwin-arm64-2.5.6.tgz 0ms (cache hit)
3416 http cache is-glob@https://registry.npmjs.org/is-glob/-/is-glob-4.0.3.tgz 0ms (cache hit)
3417 http cache immutable@https://registry.npmjs.org/immutable/-/immutable-5.1.5.tgz 0ms (cache hit)
3418 http cache xmlchars@https://registry.npmjs.org/xmlchars/-/xmlchars-2.2.0.tgz 0ms (cache hit)
3419 http cache @parcel/watcher@https://registry.npmjs.org/@parcel/watcher/-/watcher-2.5.6.tgz 0ms (cache hit)
3420 http cache path-to-regexp@https://registry.npmjs.org/path-to-regexp/-/path-to-regexp-8.4.2.tgz 0ms (cache hit)
3421 http cache @emnapi/wasi-threads@https://registry.npmjs.org/@emnapi/wasi-threads/-/wasi-threads-1.2.1.tgz 0ms (cache hit)
3422 http cache @emnapi/runtime@https://registry.npmjs.org/@emnapi/runtime/-/runtime-1.10.0.tgz 0ms (cache hit)
3423 http cache is-promise@https://registry.npmjs.org/is-promise/-/is-promise-4.0.0.tgz 0ms (cache hit)
3424 http cache @napi-rs/wasm-runtime@https://registry.npmjs.org/@napi-rs/wasm-runtime/-/wasm-runtime-1.1.4.tgz 0ms (cache hit)
3425 http cache @tybys/wasm-util@https://registry.npmjs.org/@tybys/wasm-util/-/wasm-util-0.10.2.tgz 0ms (cache hit)
3426 http cache @emnapi/core@https://registry.npmjs.org/@emnapi/core/-/core-1.10.0.tgz 0ms (cache hit)
3427 http cache @rolldown/pluginutils@https://registry.npmjs.org/@rolldown/pluginutils/-/pluginutils-1.0.0-rc.4.tgz 0ms (cache hit)
3428 http cache @rolldown/binding-darwin-arm64@https://registry.npmjs.org/@rolldown/binding-darwin-arm64/-/binding-darwin-arm64-1.0.0-rc.4.tgz 0ms (cache hit)
3429 http cache shebang-regex@https://registry.npmjs.org/shebang-regex/-/shebang-regex-3.0.0.tgz 0ms (cache hit)
3430 http cache @oxc-project/types@https://registry.npmjs.org/@oxc-project/types/-/types-0.113.0.tgz 0ms (cache hit)
3431 http cache unpipe@https://registry.npmjs.org/unpipe/-/unpipe-1.0.0.tgz 0ms (cache hit)
3432 http cache ipaddr.js@https://registry.npmjs.org/ipaddr.js/-/ipaddr.js-1.9.1.tgz 0ms (cache hit)
3433 http cache side-channel@https://registry.npmjs.org/side-channel/-/side-channel-1.1.0.tgz 0ms (cache hit)
3434 http cache mimic-function@https://registry.npmjs.org/mimic-function/-/mimic-function-5.0.1.tgz 0ms (cache hit)
3435 http cache forwarded@https://registry.npmjs.org/forwarded/-/forwarded-0.2.0.tgz 0ms (cache hit)
3436 http cache err-code@https://registry.npmjs.org/err-code/-/err-code-2.0.3.tgz 0ms (cache hit)
3437 http cache retry@https://registry.npmjs.org/retry/-/retry-0.12.0.tgz 0ms (cache hit)
3438 http cache nanoid@https://registry.npmjs.org/nanoid/-/nanoid-3.3.12.tgz 0ms (cache hit)
3439 http cache @napi-rs/nice@https://registry.npmjs.org/@napi-rs/nice/-/nice-1.1.1.tgz 0ms (cache hit)
3440 http cache socks-proxy-agent@https://registry.npmjs.org/socks-proxy-agent/-/socks-proxy-agent-8.0.5.tgz 0ms (cache hit)
3441 http cache http-cache-semantics@https://registry.npmjs.org/http-cache-semantics/-/http-cache-semantics-4.2.0.tgz 0ms (cache hit)
3442 http cache minizlib@https://registry.npmjs.org/minizlib/-/minizlib-3.1.0.tgz 0ms (cache hit)
3443 http cache @npmcli/agent@https://registry.npmjs.org/@npmcli/agent/-/agent-4.0.0.tgz 0ms (cache hit)
3444 http cache parse5-sax-parser@https://registry.npmjs.org/parse5-sax-parser/-/parse5-sax-parser-8.0.0.tgz 0ms (cache hit)
3445 http cache minipass-fetch@https://registry.npmjs.org/minipass-fetch/-/minipass-fetch-5.0.2.tgz 0ms (cache hit)
3446 http cache jsonparse@https://registry.npmjs.org/jsonparse/-/jsonparse-1.3.1.tgz 0ms (cache hit)
3447 http cache @npmcli/redact@https://registry.npmjs.org/@npmcli/redact/-/redact-4.0.0.tgz 0ms (cache hit)
3448 http cache @napi-rs/nice-darwin-arm64@https://registry.npmjs.org/@napi-rs/nice-darwin-arm64/-/nice-darwin-arm64-1.1.1.tgz 0ms (cache hit)
3449 http cache minipass-sized@https://registry.npmjs.org/minipass-sized/-/minipass-sized-2.0.0.tgz 0ms (cache hit)
3450 http cache make-fetch-happen@https://registry.npmjs.org/make-fetch-happen/-/make-fetch-happen-15.0.5.tgz 0ms (cache hit)
3451 http cache onetime@https://registry.npmjs.org/onetime/-/onetime-7.0.0.tgz 0ms (cache hit)
3452 http cache npm-install-checks@https://registry.npmjs.org/npm-install-checks/-/npm-install-checks-8.0.0.tgz 0ms (cache hit)
3453 http cache abbrev@https://registry.npmjs.org/abbrev/-/abbrev-4.0.0.tgz 0ms (cache hit)
3454 http cache ignore-walk@https://registry.npmjs.org/ignore-walk/-/ignore-walk-8.0.0.tgz 0ms (cache hit)
3455 http cache exponential-backoff@https://registry.npmjs.org/exponential-backoff/-/exponential-backoff-3.1.3.tgz 0ms (cache hit)
3456 http cache graceful-fs@https://registry.npmjs.org/graceful-fs/-/graceful-fs-4.2.11.tgz 0ms (cache hit)
3457 http cache balanced-match@https://registry.npmjs.org/balanced-match/-/balanced-match-4.0.4.tgz 0ms (cache hit)
3458 http cache env-paths@https://registry.npmjs.org/env-paths/-/env-paths-2.2.1.tgz 0ms (cache hit)
3459 http cache minimatch@https://registry.npmjs.org/minimatch/-/minimatch-10.2.5.tgz 0ms (cache hit)
3460 http cache path-scurry@https://registry.npmjs.org/path-scurry/-/path-scurry-2.0.2.tgz 0ms (cache hit)
3461 http cache minipass-pipeline@https://registry.npmjs.org/minipass-pipeline/-/minipass-pipeline-1.2.4.tgz 0ms (cache hit)
3462 http cache p-map@https://registry.npmjs.org/p-map/-/p-map-7.0.4.tgz 0ms (cache hit)
3463 http cache brace-expansion@https://registry.npmjs.org/brace-expansion/-/brace-expansion-5.0.6.tgz 0ms (cache hit)
3464 http cache @npmcli/fs@https://registry.npmjs.org/@npmcli/fs/-/fs-5.0.0.tgz 0ms (cache hit)
3465 http cache minipass-flush@https://registry.npmjs.org/minipass-flush/-/minipass-flush-1.0.7.tgz 0ms (cache hit)
3466 http cache minipass-collect@https://registry.npmjs.org/minipass-collect/-/minipass-collect-2.0.1.tgz 0ms (cache hit)
3467 http cache npm-normalize-package-bin@https://registry.npmjs.org/npm-normalize-package-bin/-/npm-normalize-package-bin-5.0.0.tgz 0ms (cache hit)
3468 http cache @npmcli/node-gyp@https://registry.npmjs.org/@npmcli/node-gyp/-/node-gyp-5.0.0.tgz 0ms (cache hit)
3469 http cache node-gyp@https://registry.npmjs.org/node-gyp/-/node-gyp-12.3.0.tgz 0ms (cache hit)
3470 http cache spdx-expression-parse@https://registry.npmjs.org/spdx-expression-parse/-/spdx-expression-parse-4.0.0.tgz 0ms (cache hit)
3471 http cache glob@https://registry.npmjs.org/glob/-/glob-13.0.6.tgz 0ms (cache hit)
3472 http cache nopt@https://registry.npmjs.org/nopt/-/nopt-9.0.0.tgz 0ms (cache hit)
3473 http cache json-parse-even-better-errors@https://registry.npmjs.org/json-parse-even-better-errors/-/json-parse-even-better-errors-5.0.0.tgz 0ms (cache hit)
3474 http cache @gar/promise-retry@https://registry.npmjs.org/@gar/promise-retry/-/promise-retry-1.0.3.tgz 0ms (cache hit)
3475 http cache promise-retry@https://registry.npmjs.org/promise-retry/-/promise-retry-2.0.1.tgz 0ms (cache hit)
3476 http cache ssri@https://registry.npmjs.org/ssri/-/ssri-13.0.1.tgz 0ms (cache hit)
3477 http cache tar@https://registry.npmjs.org/tar/-/tar-7.5.15.tgz 0ms (cache hit)
3478 http cache sigstore@https://registry.npmjs.org/sigstore/-/sigstore-4.1.0.tgz 0ms (cache hit)
3479 http cache npm-pick-manifest@https://registry.npmjs.org/npm-pick-manifest/-/npm-pick-manifest-11.0.3.tgz 0ms (cache hit)
3480 http cache fs-minipass@https://registry.npmjs.org/fs-minipass/-/fs-minipass-3.0.3.tgz 0ms (cache hit)
3481 http cache npm-packlist@https://registry.npmjs.org/npm-packlist/-/npm-packlist-10.0.4.tgz 0ms (cache hit)
3482 http cache @npmcli/run-script@https://registry.npmjs.org/@npmcli/run-script/-/run-script-10.0.4.tgz 0ms (cache hit)
3483 http cache npm-registry-fetch@https://registry.npmjs.org/npm-registry-fetch/-/npm-registry-fetch-19.1.1.tgz 0ms (cache hit)
3484 http cache cacache@https://registry.npmjs.org/cacache/-/cacache-20.0.4.tgz 0ms (cache hit)
3485 http cache npm-bundled@https://registry.npmjs.org/npm-bundled/-/npm-bundled-5.0.0.tgz 0ms (cache hit)
3486 http cache minipass@https://registry.npmjs.org/minipass/-/minipass-7.1.3.tgz 0ms (cache hit)
3487 http cache yoctocolors@https://registry.npmjs.org/yoctocolors/-/yoctocolors-2.1.2.tgz 0ms (cache hit)
3488 http cache @npmcli/package-json@https://registry.npmjs.org/@npmcli/package-json/-/package-json-7.0.5.tgz 0ms (cache hit)
3489 http cache log-symbols@https://registry.npmjs.org/log-symbols/-/log-symbols-7.0.1.tgz 0ms (cache hit)
3490 http cache stdin-discarder@https://registry.npmjs.org/stdin-discarder/-/stdin-discarder-0.3.2.tgz 0ms (cache hit)
3491 http cache @npmcli/promise-spawn@https://registry.npmjs.org/@npmcli/promise-spawn/-/promise-spawn-9.0.1.tgz 0ms (cache hit)
3492 http cache @npmcli/installed-package-contents@https://registry.npmjs.org/@npmcli/installed-package-contents/-/installed-package-contents-4.0.0.tgz 0ms (cache hit)
3493 http cache @npmcli/git@https://registry.npmjs.org/@npmcli/git/-/git-7.0.2.tgz 0ms (cache hit)
3494 http cache is-unicode-supported@https://registry.npmjs.org/is-unicode-supported/-/is-unicode-supported-2.1.0.tgz 0ms (cache hit)
3495 http cache ee-first@https://registry.npmjs.org/ee-first/-/ee-first-1.1.1.tgz 0ms (cache hit)
3496 http cache wrappy@https://registry.npmjs.org/wrappy/-/wrappy-1.0.2.tgz 0ms (cache hit)
3497 http cache cli-spinners@https://registry.npmjs.org/cli-spinners/-/cli-spinners-3.4.0.tgz 0ms (cache hit)
3498 http cache chalk@https://registry.npmjs.org/chalk/-/chalk-5.6.2.tgz 0ms (cache hit)
3499 http cache proc-log@https://registry.npmjs.org/proc-log/-/proc-log-6.1.0.tgz 0ms (cache hit)
3500 http cache validate-npm-package-name@https://registry.npmjs.org/validate-npm-package-name/-/validate-npm-package-name-7.0.2.tgz 0ms (cache hit)
3501 http cache mime-db@https://registry.npmjs.org/mime-db/-/mime-db-1.54.0.tgz 0ms (cache hit)
3502 http cache detect-libc@https://registry.npmjs.org/detect-libc/-/detect-libc-2.1.2.tgz 0ms (cache hit)
3503 http cache msgpackr-extract@https://registry.npmjs.org/msgpackr-extract/-/msgpackr-extract-3.0.3.tgz 0ms (cache hit)
3504 http cache hosted-git-info@https://registry.npmjs.org/hosted-git-info/-/hosted-git-info-9.0.3.tgz 0ms (cache hit)
3505 http cache restore-cursor@https://registry.npmjs.org/restore-cursor/-/restore-cursor-5.1.0.tgz 0ms (cache hit)
3506 http cache yallist@https://registry.npmjs.org/yallist/-/yallist-3.1.1.tgz 0ms (cache hit)
3507 http cache cli-cursor@https://registry.npmjs.org/cli-cursor/-/cli-cursor-5.0.0.tgz 0ms (cache hit)
3508 http cache ansi-escapes@https://registry.npmjs.org/ansi-escapes/-/ansi-escapes-7.3.0.tgz 0ms (cache hit)
3509 http cache weak-lru-cache@https://registry.npmjs.org/weak-lru-cache/-/weak-lru-cache-1.2.2.tgz 0ms (cache hit)
3510 http cache environment@https://registry.npmjs.org/environment/-/environment-1.1.0.tgz 0ms (cache hit)
3511 http cache ordered-binary@https://registry.npmjs.org/ordered-binary/-/ordered-binary-1.6.1.tgz 0ms (cache hit)
3512 http cache is-interactive@https://registry.npmjs.org/is-interactive/-/is-interactive-2.0.0.tgz 0ms (cache hit)
3513 http cache @msgpackr-extract/msgpackr-extract-darwin-arm64@https://registry.npmjs.org/@msgpackr-extract/msgpackr-extract-darwin-arm64/-/msgpackr-extract-darwin-arm64-3.0.3.tgz 0ms (cache hit)
3514 http cache msgpackr@https://registry.npmjs.org/msgpackr/-/msgpackr-1.11.12.tgz 0ms (cache hit)
3515 http cache node-gyp-build-optional-packages@https://registry.npmjs.org/node-gyp-build-optional-packages/-/node-gyp-build-optional-packages-5.2.2.tgz 0ms (cache hit)
3516 http cache @harperfast/extended-iterable@https://registry.npmjs.org/@harperfast/extended-iterable/-/extended-iterable-1.0.3.tgz 0ms (cache hit)
3517 http cache strip-ansi@https://registry.npmjs.org/strip-ansi/-/strip-ansi-7.2.0.tgz 0ms (cache hit)
3518 http cache @lmdb/lmdb-darwin-arm64@https://registry.npmjs.org/@lmdb/lmdb-darwin-arm64/-/lmdb-darwin-arm64-3.5.1.tgz 0ms (cache hit)
3519 http cache string-width@https://registry.npmjs.org/string-width/-/string-width-8.2.1.tgz 0ms (cache hit)
3520 http cache rfdc@https://registry.npmjs.org/rfdc/-/rfdc-1.4.1.tgz 0ms (cache hit)
3521 http cache slice-ansi@https://registry.npmjs.org/slice-ansi/-/slice-ansi-8.0.0.tgz 0ms (cache hit)
3522 http cache eventemitter3@https://registry.npmjs.org/eventemitter3/-/eventemitter3-5.0.4.tgz 0ms (cache hit)
3523 http cache colorette@https://registry.npmjs.org/colorette/-/colorette-2.0.20.tgz 0ms (cache hit)
3524 http cache log-update@https://registry.npmjs.org/log-update/-/log-update-6.1.0.tgz 0ms (cache hit)
3525 http cache @csstools/color-helpers@https://registry.npmjs.org/@csstools/color-helpers/-/color-helpers-6.0.2.tgz 0ms (cache hit)
3526 http cache @csstools/css-parser-algorithms@https://registry.npmjs.org/@csstools/css-parser-algorithms/-/css-parser-algorithms-4.0.0.tgz 0ms (cache hit)
3527 http cache @csstools/css-tokenizer@https://registry.npmjs.org/@csstools/css-tokenizer/-/css-tokenizer-4.0.0.tgz 0ms (cache hit)
3528 http cache @csstools/css-color-parser@https://registry.npmjs.org/@csstools/css-color-parser/-/css-color-parser-4.1.1.tgz 0ms (cache hit)
3529 http cache @csstools/css-calc@https://registry.npmjs.org/@csstools/css-calc/-/css-calc-3.2.1.tgz 0ms (cache hit)
3530 http cache @asamuzakjp/generational-cache@https://registry.npmjs.org/@asamuzakjp/generational-cache/-/generational-cache-1.0.1.tgz 0ms (cache hit)
3531 http cache @csstools/css-syntax-patches-for-csstree@https://registry.npmjs.org/@csstools/css-syntax-patches-for-csstree/-/css-syntax-patches-for-csstree-1.1.4.tgz 0ms (cache hit)
3532 http cache @asamuzakjp/css-color@https://registry.npmjs.org/@asamuzakjp/css-color/-/css-color-5.1.11.tgz 0ms (cache hit)
3533 http cache node-addon-api@https://registry.npmjs.org/node-addon-api/-/node-addon-api-6.1.0.tgz 0ms (cache hit)
3534 http cache cli-truncate@https://registry.npmjs.org/cli-truncate/-/cli-truncate-5.2.0.tgz 0ms (cache hit)
3535 http cache @asamuzakjp/nwsapi@https://registry.npmjs.org/@asamuzakjp/nwsapi/-/nwsapi-2.3.9.tgz 0ms (cache hit)
3536 http cache source-map-js@https://registry.npmjs.org/source-map-js/-/source-map-js-1.2.1.tgz 0ms (cache hit)
3537 http cache xml-name-validator@https://registry.npmjs.org/xml-name-validator/-/xml-name-validator-5.0.0.tgz 0ms (cache hit)
3538 http cache whatwg-url@https://registry.npmjs.org/whatwg-url/-/whatwg-url-16.0.1.tgz 0ms (cache hit)
3539 http cache bidi-js@https://registry.npmjs.org/bidi-js/-/bidi-js-1.0.3.tgz 0ms (cache hit)
3540 http cache whatwg-mimetype@https://registry.npmjs.org/whatwg-mimetype/-/whatwg-mimetype-5.0.0.tgz 0ms (cache hit)
3541 http cache webidl-conversions@https://registry.npmjs.org/webidl-conversions/-/webidl-conversions-8.0.1.tgz 0ms (cache hit)
3542 http cache w3c-xmlserializer@https://registry.npmjs.org/w3c-xmlserializer/-/w3c-xmlserializer-5.0.0.tgz 0ms (cache hit)
3543 http cache tough-cookie@https://registry.npmjs.org/tough-cookie/-/tough-cookie-6.0.1.tgz 0ms (cache hit)
3544 http cache mdn-data@https://registry.npmjs.org/mdn-data/-/mdn-data-2.27.1.tgz 0ms (cache hit)
3545 http cache symbol-tree@https://registry.npmjs.org/symbol-tree/-/symbol-tree-3.2.4.tgz 0ms (cache hit)
3546 http cache saxes@https://registry.npmjs.org/saxes/-/saxes-6.0.0.tgz 0ms (cache hit)
3547 http cache html-encoding-sniffer@https://registry.npmjs.org/html-encoding-sniffer/-/html-encoding-sniffer-6.0.0.tgz 0ms (cache hit)
3548 http cache http-proxy-agent@https://registry.npmjs.org/http-proxy-agent/-/http-proxy-agent-7.0.2.tgz 0ms (cache hit)
3549 http cache decimal.js@https://registry.npmjs.org/decimal.js/-/decimal.js-10.6.0.tgz 0ms (cache hit)
3550 http cache is-potential-custom-element-name@https://registry.npmjs.org/is-potential-custom-element-name/-/is-potential-custom-element-name-1.0.1.tgz 0ms (cache hit)
3551 http cache cssstyle@https://registry.npmjs.org/cssstyle/-/cssstyle-6.2.0.tgz 0ms (cache hit)
3552 http cache @bramus/specificity@https://registry.npmjs.org/@bramus/specificity/-/specificity-2.4.2.tgz 0ms (cache hit)
3553 http cache @exodus/bytes@https://registry.npmjs.org/@exodus/bytes/-/bytes-1.15.0.tgz 0ms (cache hit)
3554 http cache data-urls@https://registry.npmjs.org/data-urls/-/data-urls-7.0.0.tgz 0ms (cache hit)
3555 http cache css-tree@https://registry.npmjs.org/css-tree/-/css-tree-3.2.1.tgz 0ms (cache hit)
3556 http cache parse5@https://registry.npmjs.org/parse5/-/parse5-8.0.1.tgz 0ms (cache hit)
3557 http cache @asamuzakjp/dom-selector@https://registry.npmjs.org/@asamuzakjp/dom-selector/-/dom-selector-6.8.1.tgz 0ms (cache hit)
3558 http cache agent-base@https://registry.npmjs.org/agent-base/-/agent-base-7.1.4.tgz 0ms (cache hit)
3559 http cache safer-buffer@https://registry.npmjs.org/safer-buffer/-/safer-buffer-2.1.2.tgz 0ms (cache hit)
3560 http cache setprototypeof@https://registry.npmjs.org/setprototypeof/-/setprototypeof-1.2.0.tgz 0ms (cache hit)
3561 http cache toidentifier@https://registry.npmjs.org/toidentifier/-/toidentifier-1.0.1.tgz 0ms (cache hit)
3562 http cache @istanbuljs/schema@https://registry.npmjs.org/@istanbuljs/schema/-/schema-0.1.6.tgz 0ms (cache hit)
3563 http cache inherits@https://registry.npmjs.org/inherits/-/inherits-2.0.4.tgz 0ms (cache hit)
3564 http cache istanbul-lib-coverage@https://registry.npmjs.org/istanbul-lib-coverage/-/istanbul-lib-coverage-3.2.2.tgz 0ms (cache hit)
3565 http cache negotiator@https://registry.npmjs.org/negotiator/-/negotiator-1.0.0.tgz 0ms (cache hit)
3566 http cache ip-address@https://registry.npmjs.org/ip-address/-/ip-address-10.2.0.tgz 0ms (cache hit)
3567 http cache bytes@https://registry.npmjs.org/bytes/-/bytes-3.1.2.tgz 0ms (cache hit)
3568 http cache type-is@https://registry.npmjs.org/type-is/-/type-is-2.1.0.tgz 0ms (cache hit)
3569 http cache @acemir/cssom@https://registry.npmjs.org/@acemir/cssom/-/cssom-0.9.31.tgz 0ms (cache hit)
3570 http cache serve-static@https://registry.npmjs.org/serve-static/-/serve-static-2.2.1.tgz 0ms (cache hit)
3571 http cache statuses@https://registry.npmjs.org/statuses/-/statuses-2.0.2.tgz 0ms (cache hit)
3572 http cache router@https://registry.npmjs.org/router/-/router-2.2.0.tgz 0ms (cache hit)
3573 http cache proxy-addr@https://registry.npmjs.org/proxy-addr/-/proxy-addr-2.0.7.tgz 0ms (cache hit)
3574 http cache send@https://registry.npmjs.org/send/-/send-1.2.1.tgz 0ms (cache hit)
3575 http cache range-parser@https://registry.npmjs.org/range-parser/-/range-parser-1.2.1.tgz 0ms (cache hit)
3576 http cache on-finished@https://registry.npmjs.org/on-finished/-/on-finished-2.4.1.tgz 0ms (cache hit)
3577 http cache parseurl@https://registry.npmjs.org/parseurl/-/parseurl-1.3.3.tgz 0ms (cache hit)
3578 http cache once@https://registry.npmjs.org/once/-/once-1.4.0.tgz 0ms (cache hit)
3579 http cache merge-descriptors@https://registry.npmjs.org/merge-descriptors/-/merge-descriptors-2.0.0.tgz 0ms (cache hit)
3580 http cache http-errors@https://registry.npmjs.org/http-errors/-/http-errors-2.0.1.tgz 0ms (cache hit)
3581 http cache mime-types@https://registry.npmjs.org/mime-types/-/mime-types-3.0.2.tgz 0ms (cache hit)
3582 http cache finalhandler@https://registry.npmjs.org/finalhandler/-/finalhandler-2.1.1.tgz 0ms (cache hit)
3583 http cache qs@https://registry.npmjs.org/qs/-/qs-6.15.1.tgz 0ms (cache hit)
3584 http cache etag@https://registry.npmjs.org/etag/-/etag-1.8.1.tgz 0ms (cache hit)
3585 http cache fresh@https://registry.npmjs.org/fresh/-/fresh-2.0.0.tgz 0ms (cache hit)
3586 http cache depd@https://registry.npmjs.org/depd/-/depd-2.0.0.tgz 0ms (cache hit)
3587 http cache content-disposition@https://registry.npmjs.org/content-disposition/-/content-disposition-1.1.0.tgz 0ms (cache hit)
3588 http cache escape-html@https://registry.npmjs.org/escape-html/-/escape-html-1.0.3.tgz 0ms (cache hit)
3589 http cache cookie@https://registry.npmjs.org/cookie/-/cookie-0.7.2.tgz 0ms (cache hit)
3590 http cache @esbuild/darwin-arm64@https://registry.npmjs.org/@esbuild/darwin-arm64/-/darwin-arm64-0.27.3.tgz 0ms (cache hit)
3591 http cache cookie-signature@https://registry.npmjs.org/cookie-signature/-/cookie-signature-1.2.2.tgz 0ms (cache hit)
3592 http cache entities@https://registry.npmjs.org/entities/-/entities-4.5.0.tgz 0ms (cache hit)
3593 http cache body-parser@https://registry.npmjs.org/body-parser/-/body-parser-2.2.2.tgz 0ms (cache hit)
3594 http cache accepts@https://registry.npmjs.org/accepts/-/accepts-2.0.0.tgz 0ms (cache hit)
3595 http cache ms@https://registry.npmjs.org/ms/-/ms-2.1.3.tgz 0ms (cache hit)
3596 http cache domutils@https://registry.npmjs.org/domutils/-/domutils-3.2.2.tgz 0ms (cache hit)
3597 http cache domelementtype@https://registry.npmjs.org/domelementtype/-/domelementtype-2.3.0.tgz 0ms (cache hit)
3598 http cache boolbase@https://registry.npmjs.org/boolbase/-/boolbase-1.0.0.tgz 0ms (cache hit)
3599 http cache which@https://registry.npmjs.org/which/-/which-2.0.2.tgz 0ms (cache hit)
3600 http cache vary@https://registry.npmjs.org/vary/-/vary-1.1.2.tgz 0ms (cache hit)
3601 http cache object-assign@https://registry.npmjs.org/object-assign/-/object-assign-4.1.1.tgz 0ms (cache hit)
3602 http cache nth-check@https://registry.npmjs.org/nth-check/-/nth-check-2.1.1.tgz 0ms (cache hit)
3603 http cache update-browserslist-db@https://registry.npmjs.org/update-browserslist-db/-/update-browserslist-db-1.2.3.tgz 0ms (cache hit)
3604 http cache path-key@https://registry.npmjs.org/path-key/-/path-key-3.1.1.tgz 0ms (cache hit)
3605 http cache readdirp@https://registry.npmjs.org/readdirp/-/readdirp-5.0.0.tgz 0ms (cache hit)
3606 http cache encodeurl@https://registry.npmjs.org/encodeurl/-/encodeurl-2.0.0.tgz 0ms (cache hit)
3607 http cache shebang-command@https://registry.npmjs.org/shebang-command/-/shebang-command-2.0.0.tgz 0ms (cache hit)
3608 http cache node-releases@https://registry.npmjs.org/node-releases/-/node-releases-2.0.44.tgz 0ms (cache hit)
3609 http cache electron-to-chromium@https://registry.npmjs.org/electron-to-chromium/-/electron-to-chromium-1.5.355.tgz 0ms (cache hit)
3610 http cache postcss-safe-parser@https://registry.npmjs.org/postcss-safe-parser/-/postcss-safe-parser-7.0.1.tgz 0ms (cache hit)
3611 http cache postcss-media-query-parser@https://registry.npmjs.org/postcss-media-query-parser/-/postcss-media-query-parser-0.2.3.tgz 0ms (cache hit)
3612 http cache domhandler@https://registry.npmjs.org/domhandler/-/domhandler-5.0.3.tgz 0ms (cache hit)
3613 http cache baseline-browser-mapping@https://registry.npmjs.org/baseline-browser-mapping/-/baseline-browser-mapping-2.10.29.tgz 0ms (cache hit)
3614 http cache caniuse-lite@https://registry.npmjs.org/caniuse-lite/-/caniuse-lite-1.0.30001792.tgz 0ms (cache hit)
3615 http cache dom-serializer@https://registry.npmjs.org/dom-serializer/-/dom-serializer-2.0.0.tgz 0ms (cache hit)
3616 http cache postcss@https://registry.npmjs.org/postcss/-/postcss-8.5.14.tgz 0ms (cache hit)
3617 http cache htmlparser2@https://registry.npmjs.org/htmlparser2/-/htmlparser2-10.1.0.tgz 0ms (cache hit)
3618 http cache css-select@https://registry.npmjs.org/css-select/-/css-select-6.0.0.tgz 0ms (cache hit)
3619 http cache @algolia/requester-node-http@https://registry.npmjs.org/@algolia/requester-node-http/-/requester-node-http-5.48.1.tgz 0ms (cache hit)
3620 http cache css-what@https://registry.npmjs.org/css-what/-/css-what-7.0.0.tgz 0ms (cache hit)
3621 http cache @algolia/requester-browser-xhr@https://registry.npmjs.org/@algolia/requester-browser-xhr/-/requester-browser-xhr-5.48.1.tgz 0ms (cache hit)
3622 http cache @algolia/recommend@https://registry.npmjs.org/@algolia/recommend/-/recommend-5.48.1.tgz 0ms (cache hit)
3623 http cache @algolia/ingestion@https://registry.npmjs.org/@algolia/ingestion/-/ingestion-1.48.1.tgz 0ms (cache hit)
3624 http cache @algolia/requester-fetch@https://registry.npmjs.org/@algolia/requester-fetch/-/requester-fetch-5.48.1.tgz 0ms (cache hit)
3625 http cache @algolia/monitoring@https://registry.npmjs.org/@algolia/monitoring/-/monitoring-1.48.1.tgz 0ms (cache hit)
3626 http cache @algolia/client-query-suggestions@https://registry.npmjs.org/@algolia/client-query-suggestions/-/client-query-suggestions-5.48.1.tgz 0ms (cache hit)
3627 http cache @algolia/client-insights@https://registry.npmjs.org/@algolia/client-insights/-/client-insights-5.48.1.tgz 0ms (cache hit)
3628 http cache @algolia/client-abtesting@https://registry.npmjs.org/@algolia/client-abtesting/-/client-abtesting-5.48.1.tgz 0ms (cache hit)
3629 http cache @algolia/abtesting@https://registry.npmjs.org/@algolia/abtesting/-/abtesting-1.14.1.tgz 0ms (cache hit)
3630 http cache @algolia/client-common@https://registry.npmjs.org/@algolia/client-common/-/client-common-5.48.1.tgz 0ms (cache hit)
3631 http cache require-from-string@https://registry.npmjs.org/require-from-string/-/require-from-string-2.0.2.tgz 0ms (cache hit)
3632 http cache @algolia/client-analytics@https://registry.npmjs.org/@algolia/client-analytics/-/client-analytics-5.48.1.tgz 0ms (cache hit)
3633 http cache json-schema-traverse@https://registry.npmjs.org/json-schema-traverse/-/json-schema-traverse-1.0.0.tgz 0ms (cache hit)
3634 http cache @algolia/client-personalization@https://registry.npmjs.org/@algolia/client-personalization/-/client-personalization-5.48.1.tgz 0ms (cache hit)
3635 http cache zod-to-json-schema@https://registry.npmjs.org/zod-to-json-schema/-/zod-to-json-schema-3.25.2.tgz 0ms (cache hit)
3636 http cache fast-uri@https://registry.npmjs.org/fast-uri/-/fast-uri-3.1.2.tgz 0ms (cache hit)
3637 http cache raw-body@https://registry.npmjs.org/raw-body/-/raw-body-3.0.2.tgz 0ms (cache hit)
3638 http cache fast-deep-equal@https://registry.npmjs.org/fast-deep-equal/-/fast-deep-equal-3.1.3.tgz 0ms (cache hit)
3639 http cache pkce-challenge@https://registry.npmjs.org/pkce-challenge/-/pkce-challenge-5.0.1.tgz 0ms (cache hit)
3640 http cache express-rate-limit@https://registry.npmjs.org/express-rate-limit/-/express-rate-limit-8.5.2.tgz 0ms (cache hit)
3641 http cache express@https://registry.npmjs.org/express/-/express-5.2.1.tgz 0ms (cache hit)
3642 http cache json-schema-typed@https://registry.npmjs.org/json-schema-typed/-/json-schema-typed-8.0.2.tgz 0ms (cache hit)
3643 http cache eventsource-parser@https://registry.npmjs.org/eventsource-parser/-/eventsource-parser-3.0.8.tgz 0ms (cache hit)
3644 http cache jose@https://registry.npmjs.org/jose/-/jose-6.2.3.tgz 0ms (cache hit)
3645 http cache content-type@https://registry.npmjs.org/content-type/-/content-type-1.0.5.tgz 0ms (cache hit)
3646 http cache eventsource@https://registry.npmjs.org/eventsource/-/eventsource-3.0.7.tgz 0ms (cache hit)
3647 http cache cross-spawn@https://registry.npmjs.org/cross-spawn/-/cross-spawn-7.0.6.tgz 0ms (cache hit)
3648 http cache @hono/node-server@https://registry.npmjs.org/@hono/node-server/-/node-server-1.19.14.tgz 0ms (cache hit)
3649 http cache @jridgewell/resolve-uri@https://registry.npmjs.org/@jridgewell/resolve-uri/-/resolve-uri-3.1.2.tgz 0ms (cache hit)
3650 http cache @inquirer/external-editor@https://registry.npmjs.org/@inquirer/external-editor/-/external-editor-1.0.3.tgz 0ms (cache hit)
3651 http cache hono@https://registry.npmjs.org/hono/-/hono-4.12.18.tgz 0ms (cache hit)
3652 http cache @inquirer/select@https://registry.npmjs.org/@inquirer/select/-/select-4.4.2.tgz 0ms (cache hit)
3653 http cache iconv-lite@https://registry.npmjs.org/iconv-lite/-/iconv-lite-0.7.2.tgz 0ms (cache hit)
3654 http cache cors@https://registry.npmjs.org/cors/-/cors-2.8.6.tgz 0ms (cache hit)
3655 http cache chardet@https://registry.npmjs.org/chardet/-/chardet-2.1.1.tgz 0ms (cache hit)
3656 http cache @inquirer/search@https://registry.npmjs.org/@inquirer/search/-/search-3.2.2.tgz 0ms (cache hit)
3657 http cache @inquirer/number@https://registry.npmjs.org/@inquirer/number/-/number-3.0.23.tgz 0ms (cache hit)
3658 http cache @algolia/client-search@https://registry.npmjs.org/@algolia/client-search/-/client-search-5.48.1.tgz 0ms (cache hit)
3659 http cache @inquirer/input@https://registry.npmjs.org/@inquirer/input/-/input-4.3.1.tgz 0ms (cache hit)
3660 http cache @inquirer/expand@https://registry.npmjs.org/@inquirer/expand/-/expand-4.0.23.tgz 0ms (cache hit)
3661 http cache @inquirer/editor@https://registry.npmjs.org/@inquirer/editor/-/editor-4.2.23.tgz 0ms (cache hit)
3662 http cache yoctocolors-cjs@https://registry.npmjs.org/yoctocolors-cjs/-/yoctocolors-cjs-2.1.3.tgz 0ms (cache hit)
3663 http cache @inquirer/rawlist@https://registry.npmjs.org/@inquirer/rawlist/-/rawlist-4.1.11.tgz 0ms (cache hit)
3664 http cache wrap-ansi@https://registry.npmjs.org/wrap-ansi/-/wrap-ansi-6.2.0.tgz 0ms (cache hit)
3665 http cache @inquirer/figures@https://registry.npmjs.org/@inquirer/figures/-/figures-1.0.15.tgz 0ms (cache hit)
3666 http cache @inquirer/checkbox@https://registry.npmjs.org/@inquirer/checkbox/-/checkbox-4.3.2.tgz 0ms (cache hit)
3667 http cache @inquirer/ansi@https://registry.npmjs.org/@inquirer/ansi/-/ansi-1.0.2.tgz 0ms (cache hit)
3668 http cache cli-width@https://registry.npmjs.org/cli-width/-/cli-width-4.1.0.tgz 0ms (cache hit)
3669 http cache @inquirer/type@https://registry.npmjs.org/@inquirer/type/-/type-3.0.10.tgz 0ms (cache hit)
3670 http cache @inquirer/core@https://registry.npmjs.org/@inquirer/core/-/core-10.3.2.tgz 0ms (cache hit)
3671 http cache mute-stream@https://registry.npmjs.org/mute-stream/-/mute-stream-2.0.0.tgz 0ms (cache hit)
3672 http cache @babel/helper-string-parser@https://registry.npmjs.org/@babel/helper-string-parser/-/helper-string-parser-7.27.1.tgz 0ms (cache hit)
3673 http cache @inquirer/password@https://registry.npmjs.org/@inquirer/password/-/password-4.0.23.tgz 0ms (cache hit)
3674 http cache @babel/helper-globals@https://registry.npmjs.org/@babel/helper-globals/-/helper-globals-7.28.0.tgz 0ms (cache hit)
3675 http cache @babel/compat-data@https://registry.npmjs.org/@babel/compat-data/-/compat-data-7.29.3.tgz 0ms (cache hit)
3676 http cache @babel/helper-module-imports@https://registry.npmjs.org/@babel/helper-module-imports/-/helper-module-imports-7.28.6.tgz 0ms (cache hit)
3677 http cache js-tokens@https://registry.npmjs.org/js-tokens/-/js-tokens-4.0.0.tgz 0ms (cache hit)
3678 http cache picocolors@https://registry.npmjs.org/picocolors/-/picocolors-1.1.1.tgz 0ms (cache hit)
3679 http cache jsesc@https://registry.npmjs.org/jsesc/-/jsesc-3.1.0.tgz 0ms (cache hit)
3680 http cache gensync@https://registry.npmjs.org/gensync/-/gensync-1.0.0-beta.2.tgz 0ms (cache hit)
3681 http cache @babel/helper-validator-identifier@https://registry.npmjs.org/@babel/helper-validator-identifier/-/helper-validator-identifier-7.28.5.tgz 0ms (cache hit)
3682 http cache json5@https://registry.npmjs.org/json5/-/json5-2.2.3.tgz 0ms (cache hit)
3683 http cache lru-cache@https://registry.npmjs.org/lru-cache/-/lru-cache-5.1.1.tgz 0ms (cache hit)
3684 http cache debug@https://registry.npmjs.org/debug/-/debug-4.4.3.tgz 0ms (cache hit)
3685 http cache @jridgewell/remapping@https://registry.npmjs.org/@jridgewell/remapping/-/remapping-2.3.5.tgz 0ms (cache hit)
3686 http cache @babel/template@https://registry.npmjs.org/@babel/template/-/template-7.28.6.tgz 0ms (cache hit)
3687 http cache @babel/types@https://registry.npmjs.org/@babel/types/-/types-7.29.0.tgz 0ms (cache hit)
3688 http cache @babel/helper-validator-option@https://registry.npmjs.org/@babel/helper-validator-option/-/helper-validator-option-7.27.1.tgz 0ms (cache hit)
3689 http cache @babel/traverse@https://registry.npmjs.org/@babel/traverse/-/traverse-7.29.0.tgz 0ms (cache hit)
3690 http cache @babel/parser@https://registry.npmjs.org/@babel/parser/-/parser-7.29.3.tgz 0ms (cache hit)
3691 http cache @babel/helpers@https://registry.npmjs.org/@babel/helpers/-/helpers-7.29.2.tgz 0ms (cache hit)
3692 http cache @babel/helper-compilation-targets@https://registry.npmjs.org/@babel/helper-compilation-targets/-/helper-compilation-targets-7.28.6.tgz 0ms (cache hit)
3693 http cache @babel/helper-module-transforms@https://registry.npmjs.org/@babel/helper-module-transforms/-/helper-module-transforms-7.28.6.tgz 0ms (cache hit)
3694 http cache @babel/code-frame@https://registry.npmjs.org/@babel/code-frame/-/code-frame-7.29.0.tgz 0ms (cache hit)
3695 http cache convert-source-map@https://registry.npmjs.org/convert-source-map/-/convert-source-map-1.9.0.tgz 0ms (cache hit)
3696 http cache @standard-schema/spec@https://registry.npmjs.org/@standard-schema/spec/-/spec-1.1.0.tgz 0ms (cache hit)
3697 http cache @babel/generator@https://registry.npmjs.org/@babel/generator/-/generator-7.29.1.tgz 0ms (cache hit)
3698 http cache chokidar@https://registry.npmjs.org/chokidar/-/chokidar-5.0.0.tgz 0ms (cache hit)
3699 http cache @jridgewell/sourcemap-codec@https://registry.npmjs.org/@jridgewell/sourcemap-codec/-/sourcemap-codec-1.5.5.tgz 0ms (cache hit)
3700 http cache zod@https://registry.npmjs.org/zod/-/zod-4.3.6.tgz 0ms (cache hit)
3701 http cache ora@https://registry.npmjs.org/ora/-/ora-9.3.0.tgz 0ms (cache hit)
3702 http cache pacote@https://registry.npmjs.org/pacote/-/pacote-21.3.1.tgz 0ms (cache hit)
3703 http cache npm-package-arg@https://registry.npmjs.org/npm-package-arg/-/npm-package-arg-13.0.2.tgz 0ms (cache hit)
3704 http cache ini@https://registry.npmjs.org/ini/-/ini-6.0.0.tgz 0ms (cache hit)
3705 http cache signal-exit@https://registry.npmjs.org/signal-exit/-/signal-exit-4.1.0.tgz 0ms (cache hit)
3706 http cache @yarnpkg/lockfile@https://registry.npmjs.org/@yarnpkg/lockfile/-/lockfile-1.1.0.tgz 0ms (cache hit)
3707 http cache yargs@https://registry.npmjs.org/yargs/-/yargs-18.0.0.tgz 0ms (cache hit)
3708 http cache algoliasearch@https://registry.npmjs.org/algoliasearch/-/algoliasearch-5.48.1.tgz 0ms (cache hit)
3709 http cache @angular-devkit/schematics@https://registry.npmjs.org/@angular-devkit/schematics/-/schematics-21.2.11.tgz 0ms (cache hit)
3710 http cache @listr2/prompt-adapter-inquirer@https://registry.npmjs.org/@listr2/prompt-adapter-inquirer/-/prompt-adapter-inquirer-3.0.5.tgz 0ms (cache hit)
3711 http cache source-map@https://registry.npmjs.org/source-map/-/source-map-0.7.6.tgz 0ms (cache hit)
3712 http cache ajv-formats@https://registry.npmjs.org/ajv-formats/-/ajv-formats-3.0.1.tgz 0ms (cache hit)
3713 http cache @schematics/angular@https://registry.npmjs.org/@schematics/angular/-/angular-21.2.11.tgz 0ms (cache hit)
3714 http cache @modelcontextprotocol/sdk@https://registry.npmjs.org/@modelcontextprotocol/sdk/-/sdk-1.26.0.tgz 0ms (cache hit)
3715 http cache ajv@https://registry.npmjs.org/ajv/-/ajv-8.18.0.tgz 0ms (cache hit)
3716 http cache @angular-devkit/core@https://registry.npmjs.org/@angular-devkit/core/-/core-21.2.11.tgz 0ms (cache hit)
3717 http cache watchpack@https://registry.npmjs.org/watchpack/-/watchpack-2.5.1.tgz 0ms (cache hit)
3718 http cache @jridgewell/gen-mapping@https://registry.npmjs.org/@jridgewell/gen-mapping/-/gen-mapping-0.3.13.tgz 0ms (cache hit)
3719 http cache @inquirer/prompts@https://registry.npmjs.org/@inquirer/prompts/-/prompts-7.10.1.tgz 0ms (cache hit)
3720 http cache undici@https://registry.npmjs.org/undici/-/undici-7.24.4.tgz 0ms (cache hit)
3721 http cache tinyglobby@https://registry.npmjs.org/tinyglobby/-/tinyglobby-0.2.15.tgz 0ms (cache hit)
3722 http cache @jridgewell/trace-mapping@https://registry.npmjs.org/@jridgewell/trace-mapping/-/trace-mapping-0.3.31.tgz 0ms (cache hit)
3723 http cache source-map-support@https://registry.npmjs.org/source-map-support/-/source-map-support-0.5.21.tgz 0ms (cache hit)
3724 http cache reflect-metadata@https://registry.npmjs.org/reflect-metadata/-/reflect-metadata-0.2.2.tgz 0ms (cache hit)
3725 http cache sass@https://registry.npmjs.org/sass/-/sass-1.97.3.tgz 0ms (cache hit)
3726 http cache rolldown@https://registry.npmjs.org/rolldown/-/rolldown-1.0.0-rc.4.tgz 0ms (cache hit)
3727 http cache piscina@https://registry.npmjs.org/piscina/-/piscina-5.1.4.tgz 0ms (cache hit)
3728 http cache picomatch@https://registry.npmjs.org/picomatch/-/picomatch-4.0.4.tgz 0ms (cache hit)
3729 http cache mrmime@https://registry.npmjs.org/mrmime/-/mrmime-2.0.1.tgz 0ms (cache hit)
3730 http cache magic-string@https://registry.npmjs.org/magic-string/-/magic-string-0.30.21.tgz 0ms (cache hit)
3731 http cache semver@https://registry.npmjs.org/semver/-/semver-7.7.4.tgz 0ms (cache hit)
3732 http cache lmdb@https://registry.npmjs.org/lmdb/-/lmdb-3.5.1.tgz 0ms (cache hit)
3733 http cache istanbul-lib-instrument@https://registry.npmjs.org/istanbul-lib-instrument/-/istanbul-lib-instrument-6.0.3.tgz 0ms (cache hit)
3734 http cache jsonc-parser@https://registry.npmjs.org/jsonc-parser/-/jsonc-parser-3.3.1.tgz 0ms (cache hit)
3735 http cache browserslist@https://registry.npmjs.org/browserslist/-/browserslist-4.28.2.tgz 0ms (cache hit)
3736 http cache listr2@https://registry.npmjs.org/listr2/-/listr2-9.0.5.tgz 0ms (cache hit)
3737 http cache esbuild@https://registry.npmjs.org/esbuild/-/esbuild-0.27.3.tgz 0ms (cache hit)
3738 http cache vite@https://registry.npmjs.org/vite/-/vite-7.3.2.tgz 0ms (cache hit)
3739 http cache https-proxy-agent@https://registry.npmjs.org/https-proxy-agent/-/https-proxy-agent-7.0.6.tgz 0ms (cache hit)
3740 http cache beasties@https://registry.npmjs.org/beasties/-/beasties-0.4.1.tgz 0ms (cache hit)
3741 http cache @babel/helper-split-export-declaration@https://registry.npmjs.org/@babel/helper-split-export-declaration/-/helper-split-export-declaration-7.24.7.tgz 0ms (cache hit)
3742 http cache @babel/core@https://registry.npmjs.org/@babel/core/-/core-7.29.0.tgz 0ms (cache hit)
3743 http cache parse5-html-rewriting-stream@https://registry.npmjs.org/parse5-html-rewriting-stream/-/parse5-html-rewriting-stream-8.0.0.tgz 0ms (cache hit)
3744 http cache @vitejs/plugin-basic-ssl@https://registry.npmjs.org/@vitejs/plugin-basic-ssl/-/plugin-basic-ssl-2.1.4.tgz 0ms (cache hit)
3745 http cache @inquirer/confirm@https://registry.npmjs.org/@inquirer/confirm/-/confirm-5.1.21.tgz 0ms (cache hit)
3746 http cache jsdom@https://registry.npmjs.org/jsdom/-/jsdom-28.1.0.tgz 0ms (cache hit)
3747 http cache @ampproject/remapping@https://registry.npmjs.org/@ampproject/remapping/-/remapping-2.3.0.tgz 0ms (cache hit)
3748 http cache @angular/platform-browser@https://registry.npmjs.org/@angular/platform-browser/-/platform-browser-21.2.13.tgz 0ms (cache hit)
3749 http cache @angular/router@https://registry.npmjs.org/@angular/router/-/router-21.2.13.tgz 0ms (cache hit)
3750 http cache prettier@https://registry.npmjs.org/prettier/-/prettier-3.8.3.tgz 0ms (cache hit)
3751 http cache @angular/core@https://registry.npmjs.org/@angular/core/-/core-21.2.13.tgz 0ms (cache hit)
3752 http cache @angular-devkit/architect@https://registry.npmjs.org/@angular-devkit/architect/-/architect-0.2102.11.tgz 0ms (cache hit)
3753 http cache vitest@https://registry.npmjs.org/vitest/-/vitest-4.1.6.tgz 0ms (cache hit)
3754 http cache @angular/common@https://registry.npmjs.org/@angular/common/-/common-21.2.13.tgz 0ms (cache hit)
3755 http cache rxjs@https://registry.npmjs.org/rxjs/-/rxjs-7.8.2.tgz 0ms (cache hit)
3756 http cache @angular/compiler-cli@https://registry.npmjs.org/@angular/compiler-cli/-/compiler-cli-21.2.13.tgz 0ms (cache hit)
3757 http cache @angular/forms@https://registry.npmjs.org/@angular/forms/-/forms-21.2.13.tgz 0ms (cache hit)
3758 http cache @angular/compiler@https://registry.npmjs.org/@angular/compiler/-/compiler-21.2.13.tgz 0ms (cache hit)
3759 http cache @angular/build@https://registry.npmjs.org/@angular/build/-/build-21.2.11.tgz 0ms (cache hit)
3760 http cache @angular/cli@https://registry.npmjs.org/@angular/cli/-/cli-21.2.11.tgz 0ms (cache hit)
3761 http cache typescript@https://registry.npmjs.org/typescript/-/typescript-5.9.3.tgz 0ms (cache hit)
3762 http cache tslib@https://registry.npmjs.org/tslib/-/tslib-2.8.1.tgz 0ms (cache hit)
3763 http cache wrap-ansi@https://registry.npmjs.org/wrap-ansi/-/wrap-ansi-9.0.2.tgz 0ms (cache hit)
3764 http cache convert-source-map@https://registry.npmjs.org/convert-source-map/-/convert-source-map-2.0.0.tgz 0ms (cache hit)
3765 http cache node-addon-api@https://registry.npmjs.org/node-addon-api/-/node-addon-api-7.1.1.tgz 0ms (cache hit)
3766 http cache string-width@https://registry.npmjs.org/string-width/-/string-width-7.2.0.tgz 0ms (cache hit)
3767 http cache @babel/helper-annotate-as-pure@https://registry.npmjs.org/@babel/helper-annotate-as-pure/-/helper-annotate-as-pure-7.27.3.tgz 0ms (cache hit)
3768 http cache yallist@https://registry.npmjs.org/yallist/-/yallist-4.0.0.tgz 0ms (cache hit)
3769 http cache lru-cache@https://registry.npmjs.org/lru-cache/-/lru-cache-11.3.6.tgz 0ms (cache hit)
3770 http cache minipass@https://registry.npmjs.org/minipass/-/minipass-3.3.6.tgz 0ms (cache hit)
3771 http cache lru-cache@https://registry.npmjs.org/lru-cache/-/lru-cache-11.3.6.tgz 0ms (cache hit)
3772 http cache which@https://registry.npmjs.org/which/-/which-6.0.1.tgz 0ms (cache hit)
3773 http cache yallist@https://registry.npmjs.org/yallist/-/yallist-4.0.0.tgz 0ms (cache hit)
3774 http cache isexe@https://registry.npmjs.org/isexe/-/isexe-4.0.0.tgz 0ms (cache hit)
3775 http cache yallist@https://registry.npmjs.org/yallist/-/yallist-5.0.0.tgz 0ms (cache hit)
3776 http cache isexe@https://registry.npmjs.org/isexe/-/isexe-4.0.0.tgz 0ms (cache hit)
3777 http cache which@https://registry.npmjs.org/which/-/which-6.0.1.tgz 0ms (cache hit)
3778 http cache which@https://registry.npmjs.org/which/-/which-6.0.1.tgz 0ms (cache hit)
3779 http cache undici@https://registry.npmjs.org/undici/-/undici-6.25.0.tgz 0ms (cache hit)
3780 http cache isexe@https://registry.npmjs.org/isexe/-/isexe-4.0.0.tgz 0ms (cache hit)
3781 http cache lru-cache@https://registry.npmjs.org/lru-cache/-/lru-cache-11.3.6.tgz 0ms (cache hit)
3782 http cache minipass@https://registry.npmjs.org/minipass/-/minipass-3.3.6.tgz 0ms (cache hit)
3783 http cache lru-cache@https://registry.npmjs.org/lru-cache/-/lru-cache-11.3.6.tgz 0ms (cache hit)
3784 http cache slice-ansi@https://registry.npmjs.org/slice-ansi/-/slice-ansi-7.1.2.tgz 0ms (cache hit)
3785 http cache string-width@https://registry.npmjs.org/string-width/-/string-width-7.2.0.tgz 0ms (cache hit)
3786 http cache wrap-ansi@https://registry.npmjs.org/wrap-ansi/-/wrap-ansi-9.0.2.tgz 0ms (cache hit)
3787 http cache lru-cache@https://registry.npmjs.org/lru-cache/-/lru-cache-11.3.6.tgz 0ms (cache hit)
3788 http cache lru-cache@https://registry.npmjs.org/lru-cache/-/lru-cache-11.3.6.tgz 0ms (cache hit)
3789 http cache entities@https://registry.npmjs.org/entities/-/entities-8.0.0.tgz 0ms (cache hit)
3790 http cache content-type@https://registry.npmjs.org/content-type/-/content-type-2.0.0.tgz 0ms (cache hit)
3791 http cache lru-cache@https://registry.npmjs.org/lru-cache/-/lru-cache-11.3.6.tgz 0ms (cache hit)
3792 http cache string-width@https://registry.npmjs.org/string-width/-/string-width-4.2.3.tgz 0ms (cache hit)
3793 http cache is-fullwidth-code-point@https://registry.npmjs.org/is-fullwidth-code-point/-/is-fullwidth-code-point-3.0.0.tgz 0ms (cache hit)
3794 http cache emoji-regex@https://registry.npmjs.org/emoji-regex/-/emoji-regex-8.0.0.tgz 0ms (cache hit)
3795 http cache ansi-regex@https://registry.npmjs.org/ansi-regex/-/ansi-regex-5.0.1.tgz 0ms (cache hit)
3796 http cache entities@https://registry.npmjs.org/entities/-/entities-7.0.1.tgz 0ms (cache hit)
3797 http cache strip-ansi@https://registry.npmjs.org/strip-ansi/-/strip-ansi-6.0.1.tgz 0ms (cache hit)
3798 http cache ansi-styles@https://registry.npmjs.org/ansi-styles/-/ansi-styles-4.3.0.tgz 0ms (cache hit)
3799 http cache semver@https://registry.npmjs.org/semver/-/semver-6.3.1.tgz 0ms (cache hit)
3800 http cache readdirp@https://registry.npmjs.org/readdirp/-/readdirp-4.1.2.tgz 0ms (cache hit)
3801 http cache chokidar@https://registry.npmjs.org/chokidar/-/chokidar-4.0.3.tgz 0ms (cache hit)
3802 http cache string-width@https://registry.npmjs.org/string-width/-/string-width-7.2.0.tgz 0ms (cache hit)
3803 http cache source-map@https://registry.npmjs.org/source-map/-/source-map-0.6.1.tgz 0ms (cache hit)
3804 http cache semver@https://registry.npmjs.org/semver/-/semver-6.3.1.tgz 0ms (cache hit)
3805 http cache string-width@https://registry.npmjs.org/string-width/-/string-width-7.2.0.tgz 0ms (cache hit)
3806 http cache convert-source-map@https://registry.npmjs.org/convert-source-map/-/convert-source-map-2.0.0.tgz 0ms (cache hit)
3807 http cache wrap-ansi@https://registry.npmjs.org/wrap-ansi/-/wrap-ansi-9.0.2.tgz 0ms (cache hit)
3808 http cache entities@https://registry.npmjs.org/entities/-/entities-6.0.1.tgz 0ms (cache hit)
3809 silly tarball no local data for stackback@https://registry.npmjs.org/stackback/-/stackback-0.0.2.tgz. Extracting by manifest.
3810 silly tarball no local data for tr46@https://registry.npmjs.org/tr46/-/tr46-6.0.0.tgz. Extracting by manifest.
3811 silly tarball no local data for assertion-error@https://registry.npmjs.org/assertion-error/-/assertion-error-2.0.1.tgz. Extracting by manifest.
3812 silly tarball no local data for estree-walker@https://registry.npmjs.org/estree-walker/-/estree-walker-3.0.3.tgz. Extracting by manifest.
3813 silly tarball no local data for siginfo@https://registry.npmjs.org/siginfo/-/siginfo-2.0.0.tgz. Extracting by manifest.
3814 silly tarball no local data for @types/deep-eql@https://registry.npmjs.org/@types/deep-eql/-/deep-eql-4.0.2.tgz. Extracting by manifest.
3815 silly tarball no local data for tinyrainbow@https://registry.npmjs.org/tinyrainbow/-/tinyrainbow-3.1.0.tgz. Extracting by manifest.
3816 silly tarball no local data for why-is-node-running@https://registry.npmjs.org/why-is-node-running/-/why-is-node-running-2.3.0.tgz. Extracting by manifest.
3817 silly tarball no local data for tinyexec@https://registry.npmjs.org/tinyexec/-/tinyexec-1.1.2.tgz. Extracting by manifest.
3818 silly tarball no local data for @types/chai@https://registry.npmjs.org/@types/chai/-/chai-5.2.3.tgz. Extracting by manifest.
3819 silly tarball no local data for tinybench@https://registry.npmjs.org/tinybench/-/tinybench-2.9.0.tgz. Extracting by manifest.
3820 silly tarball no local data for std-env@https://registry.npmjs.org/std-env/-/std-env-4.1.0.tgz. Extracting by manifest.
3821 silly tarball no local data for chai@https://registry.npmjs.org/chai/-/chai-6.2.2.tgz. Extracting by manifest.
3822 silly tarball no local data for es-module-lexer@https://registry.npmjs.org/es-module-lexer/-/es-module-lexer-2.1.0.tgz. Extracting by manifest.
3823 silly tarball no local data for obug@https://registry.npmjs.org/obug/-/obug-2.1.1.tgz. Extracting by manifest.
3824 silly tarball no local data for @vitest/utils@https://registry.npmjs.org/@vitest/utils/-/utils-4.1.6.tgz. Extracting by manifest.
3825 silly tarball no local data for @vitest/spy@https://registry.npmjs.org/@vitest/spy/-/spy-4.1.6.tgz. Extracting by manifest.
3826 silly tarball no local data for expect-type@https://registry.npmjs.org/expect-type/-/expect-type-1.3.0.tgz. Extracting by manifest.
3827 silly tarball no local data for @vitest/runner@https://registry.npmjs.org/@vitest/runner/-/runner-4.1.6.tgz. Extracting by manifest.
3828 silly tarball no local data for @vitest/snapshot@https://registry.npmjs.org/@vitest/snapshot/-/snapshot-4.1.6.tgz. Extracting by manifest.
3829 silly tarball no local data for @vitest/pretty-format@https://registry.npmjs.org/@vitest/pretty-format/-/pretty-format-4.1.6.tgz. Extracting by manifest.
3830 silly tarball no local data for @vitest/mocker@https://registry.npmjs.org/@vitest/mocker/-/mocker-4.1.6.tgz. Extracting by manifest.
3831 silly tarball no local data for rollup@https://registry.npmjs.org/rollup/-/rollup-4.60.3.tgz. Extracting by manifest.
3832 silly tarball no local data for @rollup/rollup-darwin-arm64@https://registry.npmjs.org/@rollup/rollup-darwin-arm64/-/rollup-darwin-arm64-4.60.3.tgz. Extracting by manifest.
3833 silly tarball no local data for tldts@https://registry.npmjs.org/tldts/-/tldts-7.0.30.tgz. Extracting by manifest.
3834 silly tarball no local data for tldts-core@https://registry.npmjs.org/tldts-core/-/tldts-core-7.0.30.tgz. Extracting by manifest.
3835 silly tarball no local data for @vitest/expect@https://registry.npmjs.org/@vitest/expect/-/expect-4.1.6.tgz. Extracting by manifest.
3836 silly tarball no local data for @parcel/watcher-darwin-arm64@https://registry.npmjs.org/@parcel/watcher-darwin-arm64/-/watcher-darwin-arm64-2.5.6.tgz. Extracting by manifest.
3837 silly tarball no local data for immutable@https://registry.npmjs.org/immutable/-/immutable-5.1.5.tgz. Extracting by manifest.
3838 silly tarball no local data for @parcel/watcher@https://registry.npmjs.org/@parcel/watcher/-/watcher-2.5.6.tgz. Extracting by manifest.
3839 silly tarball no local data for @emnapi/wasi-threads@https://registry.npmjs.org/@emnapi/wasi-threads/-/wasi-threads-1.2.1.tgz. Extracting by manifest.
3840 silly tarball no local data for @emnapi/runtime@https://registry.npmjs.org/@emnapi/runtime/-/runtime-1.10.0.tgz. Extracting by manifest.
3841 silly tarball no local data for @napi-rs/wasm-runtime@https://registry.npmjs.org/@napi-rs/wasm-runtime/-/wasm-runtime-1.1.4.tgz. Extracting by manifest.
3842 silly tarball no local data for @tybys/wasm-util@https://registry.npmjs.org/@tybys/wasm-util/-/wasm-util-0.10.2.tgz. Extracting by manifest.
3843 silly tarball no local data for @emnapi/core@https://registry.npmjs.org/@emnapi/core/-/core-1.10.0.tgz. Extracting by manifest.
3844 silly tarball no local data for @rolldown/pluginutils@https://registry.npmjs.org/@rolldown/pluginutils/-/pluginutils-1.0.0-rc.4.tgz. Extracting by manifest.
3845 silly tarball no local data for @rolldown/binding-darwin-arm64@https://registry.npmjs.org/@rolldown/binding-darwin-arm64/-/binding-darwin-arm64-1.0.0-rc.4.tgz. Extracting by manifest.
3846 silly tarball no local data for @oxc-project/types@https://registry.npmjs.org/@oxc-project/types/-/types-0.113.0.tgz. Extracting by manifest.
3847 silly tarball no local data for nanoid@https://registry.npmjs.org/nanoid/-/nanoid-3.3.12.tgz. Extracting by manifest.
3848 silly tarball no local data for @napi-rs/nice@https://registry.npmjs.org/@napi-rs/nice/-/nice-1.1.1.tgz. Extracting by manifest.
3849 silly tarball no local data for @napi-rs/nice-darwin-arm64@https://registry.npmjs.org/@napi-rs/nice-darwin-arm64/-/nice-darwin-arm64-1.1.1.tgz. Extracting by manifest.
3850 silly tarball no local data for detect-libc@https://registry.npmjs.org/detect-libc/-/detect-libc-2.1.2.tgz. Extracting by manifest.
3851 silly tarball no local data for msgpackr-extract@https://registry.npmjs.org/msgpackr-extract/-/msgpackr-extract-3.0.3.tgz. Extracting by manifest.
3852 silly tarball no local data for weak-lru-cache@https://registry.npmjs.org/weak-lru-cache/-/weak-lru-cache-1.2.2.tgz. Extracting by manifest.
3853 silly tarball no local data for msgpackr@https://registry.npmjs.org/msgpackr/-/msgpackr-1.11.12.tgz. Extracting by manifest.
3854 silly tarball no local data for node-gyp-build-optional-packages@https://registry.npmjs.org/node-gyp-build-optional-packages/-/node-gyp-build-optional-packages-5.2.2.tgz. Extracting by manifest.
3855 silly tarball no local data for @msgpackr-extract/msgpackr-extract-darwin-arm64@https://registry.npmjs.org/@msgpackr-extract/msgpackr-extract-darwin-arm64/-/msgpackr-extract-darwin-arm64-3.0.3.tgz. Extracting by manifest.
3856 silly tarball no local data for @harperfast/extended-iterable@https://registry.npmjs.org/@harperfast/extended-iterable/-/extended-iterable-1.0.3.tgz. Extracting by manifest.
3857 silly tarball no local data for @lmdb/lmdb-darwin-arm64@https://registry.npmjs.org/@lmdb/lmdb-darwin-arm64/-/lmdb-darwin-arm64-3.5.1.tgz. Extracting by manifest.
3858 silly tarball no local data for ordered-binary@https://registry.npmjs.org/ordered-binary/-/ordered-binary-1.6.1.tgz. Extracting by manifest.
3859 silly tarball no local data for @csstools/color-helpers@https://registry.npmjs.org/@csstools/color-helpers/-/color-helpers-6.0.2.tgz. Extracting by manifest.
3860 silly tarball no local data for @csstools/css-color-parser@https://registry.npmjs.org/@csstools/css-color-parser/-/css-color-parser-4.1.1.tgz. Extracting by manifest.
3861 silly tarball no local data for @csstools/css-calc@https://registry.npmjs.org/@csstools/css-calc/-/css-calc-3.2.1.tgz. Extracting by manifest.
3862 silly tarball no local data for @csstools/css-syntax-patches-for-csstree@https://registry.npmjs.org/@csstools/css-syntax-patches-for-csstree/-/css-syntax-patches-for-csstree-1.1.4.tgz. Extracting by manifest.
3863 silly tarball no local data for @asamuzakjp/css-color@https://registry.npmjs.org/@asamuzakjp/css-color/-/css-color-5.1.11.tgz. Extracting by manifest.
3864 silly tarball no local data for node-addon-api@https://registry.npmjs.org/node-addon-api/-/node-addon-api-6.1.0.tgz. Extracting by manifest.
3865 silly tarball no local data for @asamuzakjp/generational-cache@https://registry.npmjs.org/@asamuzakjp/generational-cache/-/generational-cache-1.0.1.tgz. Extracting by manifest.
3866 silly tarball no local data for @asamuzakjp/nwsapi@https://registry.npmjs.org/@asamuzakjp/nwsapi/-/nwsapi-2.3.9.tgz. Extracting by manifest.
3867 silly tarball no local data for xml-name-validator@https://registry.npmjs.org/xml-name-validator/-/xml-name-validator-5.0.0.tgz. Extracting by manifest.
3868 silly tarball no local data for whatwg-url@https://registry.npmjs.org/whatwg-url/-/whatwg-url-16.0.1.tgz. Extracting by manifest.
3869 silly tarball no local data for webidl-conversions@https://registry.npmjs.org/webidl-conversions/-/webidl-conversions-8.0.1.tgz. Extracting by manifest.
3870 silly tarball no local data for w3c-xmlserializer@https://registry.npmjs.org/w3c-xmlserializer/-/w3c-xmlserializer-5.0.0.tgz. Extracting by manifest.
3871 silly tarball no local data for whatwg-mimetype@https://registry.npmjs.org/whatwg-mimetype/-/whatwg-mimetype-5.0.0.tgz. Extracting by manifest.
3872 silly tarball no local data for tough-cookie@https://registry.npmjs.org/tough-cookie/-/tough-cookie-6.0.1.tgz. Extracting by manifest.
3873 silly tarball no local data for mdn-data@https://registry.npmjs.org/mdn-data/-/mdn-data-2.27.1.tgz. Extracting by manifest.
3874 silly tarball no local data for bidi-js@https://registry.npmjs.org/bidi-js/-/bidi-js-1.0.3.tgz. Extracting by manifest.
3875 silly tarball no local data for saxes@https://registry.npmjs.org/saxes/-/saxes-6.0.0.tgz. Extracting by manifest.
3876 silly tarball no local data for html-encoding-sniffer@https://registry.npmjs.org/html-encoding-sniffer/-/html-encoding-sniffer-6.0.0.tgz. Extracting by manifest.
3877 silly tarball no local data for cssstyle@https://registry.npmjs.org/cssstyle/-/cssstyle-6.2.0.tgz. Extracting by manifest.
3878 silly tarball no local data for @bramus/specificity@https://registry.npmjs.org/@bramus/specificity/-/specificity-2.4.2.tgz. Extracting by manifest.
3879 silly tarball no local data for @exodus/bytes@https://registry.npmjs.org/@exodus/bytes/-/bytes-1.15.0.tgz. Extracting by manifest.
3880 silly tarball no local data for css-tree@https://registry.npmjs.org/css-tree/-/css-tree-3.2.1.tgz. Extracting by manifest.
3881 silly tarball no local data for data-urls@https://registry.npmjs.org/data-urls/-/data-urls-7.0.0.tgz. Extracting by manifest.
3882 silly tarball no local data for @asamuzakjp/dom-selector@https://registry.npmjs.org/@asamuzakjp/dom-selector/-/dom-selector-6.8.1.tgz. Extracting by manifest.
3883 silly tarball no local data for @istanbuljs/schema@https://registry.npmjs.org/@istanbuljs/schema/-/schema-0.1.6.tgz. Extracting by manifest.
3884 silly tarball no local data for @acemir/cssom@https://registry.npmjs.org/@acemir/cssom/-/cssom-0.9.31.tgz. Extracting by manifest.
3885 silly tarball no local data for entities@https://registry.npmjs.org/entities/-/entities-4.5.0.tgz. Extracting by manifest.
3886 silly tarball no local data for domutils@https://registry.npmjs.org/domutils/-/domutils-3.2.2.tgz. Extracting by manifest.
3887 silly tarball no local data for node-releases@https://registry.npmjs.org/node-releases/-/node-releases-2.0.44.tgz. Extracting by manifest.
3888 silly tarball no local data for electron-to-chromium@https://registry.npmjs.org/electron-to-chromium/-/electron-to-chromium-1.5.355.tgz. Extracting by manifest.
3889 silly tarball no local data for postcss-safe-parser@https://registry.npmjs.org/postcss-safe-parser/-/postcss-safe-parser-7.0.1.tgz. Extracting by manifest.
3890 silly tarball no local data for postcss-media-query-parser@https://registry.npmjs.org/postcss-media-query-parser/-/postcss-media-query-parser-0.2.3.tgz. Extracting by manifest.
3891 silly tarball no local data for baseline-browser-mapping@https://registry.npmjs.org/baseline-browser-mapping/-/baseline-browser-mapping-2.10.29.tgz. Extracting by manifest.
3892 silly tarball no local data for readdirp@https://registry.npmjs.org/readdirp/-/readdirp-5.0.0.tgz. Extracting by manifest.
3893 silly tarball no local data for caniuse-lite@https://registry.npmjs.org/caniuse-lite/-/caniuse-lite-1.0.30001792.tgz. Extracting by manifest.
3894 silly tarball no local data for domhandler@https://registry.npmjs.org/domhandler/-/domhandler-5.0.3.tgz. Extracting by manifest.
3895 silly tarball no local data for css-select@https://registry.npmjs.org/css-select/-/css-select-6.0.0.tgz. Extracting by manifest.
3896 silly tarball no local data for postcss@https://registry.npmjs.org/postcss/-/postcss-8.5.14.tgz. Extracting by manifest.
3897 silly tarball no local data for dom-serializer@https://registry.npmjs.org/dom-serializer/-/dom-serializer-2.0.0.tgz. Extracting by manifest.
3898 silly tarball no local data for htmlparser2@https://registry.npmjs.org/htmlparser2/-/htmlparser2-10.1.0.tgz. Extracting by manifest.
3899 silly tarball no local data for css-what@https://registry.npmjs.org/css-what/-/css-what-7.0.0.tgz. Extracting by manifest.
3900 silly tarball no local data for @babel/compat-data@https://registry.npmjs.org/@babel/compat-data/-/compat-data-7.29.3.tgz. Extracting by manifest.
3901 silly tarball no local data for @babel/helpers@https://registry.npmjs.org/@babel/helpers/-/helpers-7.29.2.tgz. Extracting by manifest.
3902 silly tarball no local data for @babel/parser@https://registry.npmjs.org/@babel/parser/-/parser-7.29.3.tgz. Extracting by manifest.
3903 silly tarball no local data for chokidar@https://registry.npmjs.org/chokidar/-/chokidar-5.0.0.tgz. Extracting by manifest.
3904 silly tarball no local data for watchpack@https://registry.npmjs.org/watchpack/-/watchpack-2.5.1.tgz. Extracting by manifest.
3905 silly tarball no local data for undici@https://registry.npmjs.org/undici/-/undici-7.24.4.tgz. Extracting by manifest.
3906 silly tarball no local data for reflect-metadata@https://registry.npmjs.org/reflect-metadata/-/reflect-metadata-0.2.2.tgz. Extracting by manifest.
3907 silly tarball no local data for sass@https://registry.npmjs.org/sass/-/sass-1.97.3.tgz. Extracting by manifest.
3908 silly tarball no local data for rolldown@https://registry.npmjs.org/rolldown/-/rolldown-1.0.0-rc.4.tgz. Extracting by manifest.
3909 silly tarball no local data for piscina@https://registry.npmjs.org/piscina/-/piscina-5.1.4.tgz. Extracting by manifest.
3910 silly tarball no local data for mrmime@https://registry.npmjs.org/mrmime/-/mrmime-2.0.1.tgz. Extracting by manifest.
3911 silly tarball no local data for lmdb@https://registry.npmjs.org/lmdb/-/lmdb-3.5.1.tgz. Extracting by manifest.
3912 silly tarball no local data for istanbul-lib-instrument@https://registry.npmjs.org/istanbul-lib-instrument/-/istanbul-lib-instrument-6.0.3.tgz. Extracting by manifest.
3913 silly tarball no local data for browserslist@https://registry.npmjs.org/browserslist/-/browserslist-4.28.2.tgz. Extracting by manifest.
3914 silly tarball no local data for vite@https://registry.npmjs.org/vite/-/vite-7.3.2.tgz. Extracting by manifest.
3915 silly tarball no local data for @babel/helper-split-export-declaration@https://registry.npmjs.org/@babel/helper-split-export-declaration/-/helper-split-export-declaration-7.24.7.tgz. Extracting by manifest.
3916 silly tarball no local data for beasties@https://registry.npmjs.org/beasties/-/beasties-0.4.1.tgz. Extracting by manifest.
3917 silly tarball no local data for @vitejs/plugin-basic-ssl@https://registry.npmjs.org/@vitejs/plugin-basic-ssl/-/plugin-basic-ssl-2.1.4.tgz. Extracting by manifest.
3918 silly tarball no local data for jsdom@https://registry.npmjs.org/jsdom/-/jsdom-28.1.0.tgz. Extracting by manifest.
3919 silly tarball no local data for @angular/platform-browser@https://registry.npmjs.org/@angular/platform-browser/-/platform-browser-21.2.13.tgz. Extracting by manifest.
3920 silly tarball no local data for @angular/router@https://registry.npmjs.org/@angular/router/-/router-21.2.13.tgz. Extracting by manifest.
3921 silly tarball no local data for prettier@https://registry.npmjs.org/prettier/-/prettier-3.8.3.tgz. Extracting by manifest.
3922 silly tarball no local data for @angular/core@https://registry.npmjs.org/@angular/core/-/core-21.2.13.tgz. Extracting by manifest.
3923 silly tarball no local data for vitest@https://registry.npmjs.org/vitest/-/vitest-4.1.6.tgz. Extracting by manifest.
3924 silly tarball no local data for @angular/common@https://registry.npmjs.org/@angular/common/-/common-21.2.13.tgz. Extracting by manifest.
3925 silly tarball no local data for @angular/compiler-cli@https://registry.npmjs.org/@angular/compiler-cli/-/compiler-cli-21.2.13.tgz. Extracting by manifest.
3926 silly tarball no local data for @angular/forms@https://registry.npmjs.org/@angular/forms/-/forms-21.2.13.tgz. Extracting by manifest.
3927 silly tarball no local data for @angular/compiler@https://registry.npmjs.org/@angular/compiler/-/compiler-21.2.13.tgz. Extracting by manifest.
3928 silly tarball no local data for @angular/build@https://registry.npmjs.org/@angular/build/-/build-21.2.11.tgz. Extracting by manifest.
3929 silly tarball no local data for @ampproject/remapping@https://registry.npmjs.org/@ampproject/remapping/-/remapping-2.3.0.tgz. Extracting by manifest.
3930 silly tarball no local data for entities@https://registry.npmjs.org/entities/-/entities-7.0.1.tgz. Extracting by manifest.
3931 http fetch POST 200 https://registry.npmjs.org/-/npm/v1/security/advisories/bulk 382ms
3932 silly audit report {}
3933 http fetch GET 200 https://registry.npmjs.org/stackback/-/stackback-0.0.2.tgz 460ms (cache miss)
3934 http fetch GET 200 https://registry.npmjs.org/siginfo/-/siginfo-2.0.0.tgz 461ms (cache miss)
3935 http fetch GET 200 https://registry.npmjs.org/assertion-error/-/assertion-error-2.0.1.tgz 461ms (cache miss)
3936 http fetch GET 200 https://registry.npmjs.org/estree-walker/-/estree-walker-3.0.3.tgz 461ms (cache miss)
3937 http fetch GET 200 https://registry.npmjs.org/tinyrainbow/-/tinyrainbow-3.1.0.tgz 468ms (cache miss)
3938 http fetch GET 200 https://registry.npmjs.org/obug/-/obug-2.1.1.tgz 478ms (cache miss)
3939 http fetch GET 200 https://registry.npmjs.org/@vitest/spy/-/spy-4.1.6.tgz 491ms (cache miss)
3940 http fetch GET 200 https://registry.npmjs.org/@types/deep-eql/-/deep-eql-4.0.2.tgz 523ms (cache miss)
3941 http fetch GET 200 https://registry.npmjs.org/@vitest/snapshot/-/snapshot-4.1.6.tgz 523ms (cache miss)
3942 http fetch GET 200 https://registry.npmjs.org/why-is-node-running/-/why-is-node-running-2.3.0.tgz 530ms (cache miss)
3943 http fetch GET 200 https://registry.npmjs.org/@vitest/pretty-format/-/pretty-format-4.1.6.tgz 542ms (cache miss)
3944 http fetch GET 200 https://registry.npmjs.org/tr46/-/tr46-6.0.0.tgz 549ms (cache miss)
3945 http fetch GET 200 https://registry.npmjs.org/expect-type/-/expect-type-1.3.0.tgz 552ms (cache miss)
3946 http fetch GET 200 https://registry.npmjs.org/std-env/-/std-env-4.1.0.tgz 578ms (cache miss)
3947 http fetch GET 200 https://registry.npmjs.org/@vitest/utils/-/utils-4.1.6.tgz 631ms (cache miss)
3948 http fetch GET 200 https://registry.npmjs.org/tinybench/-/tinybench-2.9.0.tgz 673ms (cache miss)
3949 http fetch GET 200 https://registry.npmjs.org/tinyexec/-/tinyexec-1.1.2.tgz 692ms (cache miss)
3950 http fetch GET 200 https://registry.npmjs.org/@vitest/runner/-/runner-4.1.6.tgz 734ms (cache miss)
3951 http fetch GET 200 https://registry.npmjs.org/@vitest/expect/-/expect-4.1.6.tgz 771ms (cache miss)
3952 http fetch GET 200 https://registry.npmjs.org/chai/-/chai-6.2.2.tgz 773ms (cache miss)
3953 http fetch GET 200 https://registry.npmjs.org/@types/chai/-/chai-5.2.3.tgz 777ms (cache miss)
3954 http fetch GET 200 https://registry.npmjs.org/es-module-lexer/-/es-module-lexer-2.1.0.tgz 818ms (cache miss)
3955 http fetch GET 200 https://registry.npmjs.org/@rolldown/pluginutils/-/pluginutils-1.0.0-rc.4.tgz 920ms (cache miss)
3956 http fetch GET 200 https://registry.npmjs.org/@parcel/watcher/-/watcher-2.5.6.tgz 975ms (cache miss)
3957 http fetch GET 200 https://registry.npmjs.org/@vitest/mocker/-/mocker-4.1.6.tgz 1055ms (cache miss)
3958 http fetch GET 200 https://registry.npmjs.org/tldts-core/-/tldts-core-7.0.30.tgz 1061ms (cache miss)
3959 http fetch GET 200 https://registry.npmjs.org/nanoid/-/nanoid-3.3.12.tgz 1159ms (cache miss)
3960 http fetch GET 200 https://registry.npmjs.org/@emnapi/wasi-threads/-/wasi-threads-1.2.1.tgz 1182ms (cache miss)
3961 http fetch GET 200 https://registry.npmjs.org/msgpackr-extract/-/msgpackr-extract-3.0.3.tgz 1271ms (cache miss)
3962 http fetch GET 200 https://registry.npmjs.org/detect-libc/-/detect-libc-2.1.2.tgz 1287ms (cache miss)
3963 http fetch GET 200 https://registry.npmjs.org/@oxc-project/types/-/types-0.113.0.tgz 1321ms (cache miss)
3964 http fetch GET 200 https://registry.npmjs.org/@napi-rs/nice/-/nice-1.1.1.tgz 1326ms (cache miss)
3965 http fetch GET 200 https://registry.npmjs.org/node-gyp-build-optional-packages/-/node-gyp-build-optional-packages-5.2.2.tgz 1384ms (cache miss)
3966 http fetch GET 200 https://registry.npmjs.org/@msgpackr-extract/msgpackr-extract-darwin-arm64/-/msgpackr-extract-darwin-arm64-3.0.3.tgz 1418ms (cache miss)
3967 http fetch GET 200 https://registry.npmjs.org/weak-lru-cache/-/weak-lru-cache-1.2.2.tgz 1439ms (cache miss)
3968 http fetch GET 200 https://registry.npmjs.org/@harperfast/extended-iterable/-/extended-iterable-1.0.3.tgz 1688ms (cache miss)
3969 http fetch GET 200 https://registry.npmjs.org/@csstools/color-helpers/-/color-helpers-6.0.2.tgz 1693ms (cache miss)
3970 http fetch GET 200 https://registry.npmjs.org/@emnapi/runtime/-/runtime-1.10.0.tgz 1711ms (cache miss)
3971 http fetch GET 200 https://registry.npmjs.org/ordered-binary/-/ordered-binary-1.6.1.tgz 1843ms (cache miss)
3972 http fetch GET 200 https://registry.npmjs.org/@csstools/css-calc/-/css-calc-3.2.1.tgz 1873ms (cache miss)
3973 http fetch GET 200 https://registry.npmjs.org/@parcel/watcher-darwin-arm64/-/watcher-darwin-arm64-2.5.6.tgz 2567ms (cache miss)
3974 http fetch GET 200 https://registry.npmjs.org/@tybys/wasm-util/-/wasm-util-0.10.2.tgz 2597ms (cache miss)
3975 http fetch GET 200 https://registry.npmjs.org/node-addon-api/-/node-addon-api-6.1.0.tgz 2598ms (cache miss)
3976 http fetch GET 200 https://registry.npmjs.org/immutable/-/immutable-5.1.5.tgz 2632ms (cache miss)
3977 http fetch GET 200 https://registry.npmjs.org/@asamuzakjp/generational-cache/-/generational-cache-1.0.1.tgz 2734ms (cache miss)
3978 http fetch GET 200 https://registry.npmjs.org/xml-name-validator/-/xml-name-validator-5.0.0.tgz 2736ms (cache miss)
3979 http fetch GET 200 https://registry.npmjs.org/webidl-conversions/-/webidl-conversions-8.0.1.tgz 2780ms (cache miss)
3980 http fetch GET 200 https://registry.npmjs.org/w3c-xmlserializer/-/w3c-xmlserializer-5.0.0.tgz 2810ms (cache miss)
3981 http fetch GET 200 https://registry.npmjs.org/@csstools/css-syntax-patches-for-csstree/-/css-syntax-patches-for-csstree-1.1.4.tgz 2845ms (cache miss)
3982 http fetch GET 200 https://registry.npmjs.org/whatwg-mimetype/-/whatwg-mimetype-5.0.0.tgz 2846ms (cache miss)
3983 http fetch GET 200 https://registry.npmjs.org/@csstools/css-color-parser/-/css-color-parser-4.1.1.tgz 2964ms (cache miss)
3984 http fetch GET 200 https://registry.npmjs.org/@asamuzakjp/nwsapi/-/nwsapi-2.3.9.tgz 2980ms (cache miss)
3985 http fetch GET 200 https://registry.npmjs.org/whatwg-url/-/whatwg-url-16.0.1.tgz 3259ms (cache miss)
3986 http fetch GET 200 https://registry.npmjs.org/html-encoding-sniffer/-/html-encoding-sniffer-6.0.0.tgz 3343ms (cache miss)
3987 http fetch GET 200 https://registry.npmjs.org/@napi-rs/nice-darwin-arm64/-/nice-darwin-arm64-1.1.1.tgz 3381ms (cache miss)
3988 http fetch GET 200 https://registry.npmjs.org/@asamuzakjp/css-color/-/css-color-5.1.11.tgz 3643ms (cache miss)
3989 http fetch GET 200 https://registry.npmjs.org/bidi-js/-/bidi-js-1.0.3.tgz 3650ms (cache miss)
3990 http fetch GET 200 https://registry.npmjs.org/saxes/-/saxes-6.0.0.tgz 3809ms (cache miss)
3991 http fetch GET 200 https://registry.npmjs.org/data-urls/-/data-urls-7.0.0.tgz 3880ms (cache miss)
3992 http fetch GET 200 https://registry.npmjs.org/@emnapi/core/-/core-1.10.0.tgz 4084ms (cache miss)
3993 http fetch GET 200 https://registry.npmjs.org/@istanbuljs/schema/-/schema-0.1.6.tgz 4174ms (cache miss)
3994 http fetch GET 200 https://registry.npmjs.org/cssstyle/-/cssstyle-6.2.0.tgz 4538ms (cache miss)
3995 http fetch GET 200 https://registry.npmjs.org/mdn-data/-/mdn-data-2.27.1.tgz 4831ms (cache miss)
3996 http fetch GET 200 https://registry.npmjs.org/tough-cookie/-/tough-cookie-6.0.1.tgz 4873ms (cache miss)
3997 http fetch GET 200 https://registry.npmjs.org/node-releases/-/node-releases-2.0.44.tgz 4977ms (cache miss)
3998 http fetch GET 200 https://registry.npmjs.org/domutils/-/domutils-3.2.2.tgz 5197ms (cache miss)
3999 http fetch GET 200 https://registry.npmjs.org/postcss-safe-parser/-/postcss-safe-parser-7.0.1.tgz 5356ms (cache miss)
4000 http fetch GET 200 https://registry.npmjs.org/entities/-/entities-4.5.0.tgz 5385ms (cache miss)
4001 http fetch GET 200 https://registry.npmjs.org/@asamuzakjp/dom-selector/-/dom-selector-6.8.1.tgz 5472ms (cache miss)
4002 http fetch GET 200 https://registry.npmjs.org/postcss-media-query-parser/-/postcss-media-query-parser-0.2.3.tgz 5512ms (cache miss)
4003 http fetch GET 200 https://registry.npmjs.org/@acemir/cssom/-/cssom-0.9.31.tgz 5513ms (cache miss)
4004 http fetch GET 200 https://registry.npmjs.org/readdirp/-/readdirp-5.0.0.tgz 5587ms (cache miss)
4005 http fetch GET 200 https://registry.npmjs.org/domhandler/-/domhandler-5.0.3.tgz 5694ms (cache miss)
4006 http fetch GET 200 https://registry.npmjs.org/@bramus/specificity/-/specificity-2.4.2.tgz 5778ms (cache miss)
4007 http fetch GET 200 https://registry.npmjs.org/dom-serializer/-/dom-serializer-2.0.0.tgz 5892ms (cache miss)
4008 http fetch GET 200 https://registry.npmjs.org/electron-to-chromium/-/electron-to-chromium-1.5.355.tgz 5911ms (cache miss)
4009 http fetch GET 200 https://registry.npmjs.org/@exodus/bytes/-/bytes-1.15.0.tgz 5957ms (cache miss)
4010 http fetch GET 200 https://registry.npmjs.org/@babel/compat-data/-/compat-data-7.29.3.tgz 6066ms (cache miss)
4011 http fetch GET 200 https://registry.npmjs.org/baseline-browser-mapping/-/baseline-browser-mapping-2.10.29.tgz 6089ms (cache miss)
4012 http fetch GET 200 https://registry.npmjs.org/css-select/-/css-select-6.0.0.tgz 6260ms (cache miss)
4013 http fetch GET 200 https://registry.npmjs.org/postcss/-/postcss-8.5.14.tgz 6415ms (cache miss)
4014 http fetch GET 200 https://registry.npmjs.org/css-what/-/css-what-7.0.0.tgz 6416ms (cache miss)
4015 http fetch GET 200 https://registry.npmjs.org/htmlparser2/-/htmlparser2-10.1.0.tgz 6490ms (cache miss)
4016 http fetch GET 200 https://registry.npmjs.org/chokidar/-/chokidar-5.0.0.tgz 6586ms (cache miss)
4017 http fetch GET 200 https://registry.npmjs.org/@lmdb/lmdb-darwin-arm64/-/lmdb-darwin-arm64-3.5.1.tgz 6687ms (cache miss)
4018 http fetch GET 200 https://registry.npmjs.org/reflect-metadata/-/reflect-metadata-0.2.2.tgz 6949ms (cache miss)
4019 http fetch GET 200 https://registry.npmjs.org/mrmime/-/mrmime-2.0.1.tgz 7046ms (cache miss)
4020 http fetch GET 200 https://registry.npmjs.org/watchpack/-/watchpack-2.5.1.tgz 7076ms (cache miss)
4021 http fetch GET 200 https://registry.npmjs.org/css-tree/-/css-tree-3.2.1.tgz 8141ms (cache miss)
4022 http fetch GET 200 https://registry.npmjs.org/istanbul-lib-instrument/-/istanbul-lib-instrument-6.0.3.tgz 8498ms (cache miss)
4023 http fetch GET 200 https://registry.npmjs.org/piscina/-/piscina-5.1.4.tgz 8507ms (cache miss)
4024 http fetch GET 200 https://registry.npmjs.org/@babel/helper-split-export-declaration/-/helper-split-export-declaration-7.24.7.tgz 8589ms (cache miss)
4025 http fetch GET 200 https://registry.npmjs.org/browserslist/-/browserslist-4.28.2.tgz 8774ms (cache miss)
4026 http fetch GET 200 https://registry.npmjs.org/rolldown/-/rolldown-1.0.0-rc.4.tgz 8812ms (cache miss)
4027 http fetch GET 200 https://registry.npmjs.org/@babel/helpers/-/helpers-7.29.2.tgz 9020ms (cache miss)
4028 http fetch GET 200 https://registry.npmjs.org/beasties/-/beasties-0.4.1.tgz 9178ms (cache miss)
4029 http fetch GET 200 https://registry.npmjs.org/@napi-rs/wasm-runtime/-/wasm-runtime-1.1.4.tgz 10278ms (cache miss)
4030 http fetch GET 200 https://registry.npmjs.org/caniuse-lite/-/caniuse-lite-1.0.30001792.tgz 10445ms (cache miss)
4031 http fetch GET 200 https://registry.npmjs.org/@angular/platform-browser/-/platform-browser-21.2.13.tgz 10648ms (cache miss)
4032 http fetch GET 200 https://registry.npmjs.org/tldts/-/tldts-7.0.30.tgz 11124ms (cache miss)
4033 http fetch GET 200 https://registry.npmjs.org/@vitejs/plugin-basic-ssl/-/plugin-basic-ssl-2.1.4.tgz 11307ms (cache miss)
4034 http fetch GET 200 https://registry.npmjs.org/msgpackr/-/msgpackr-1.11.12.tgz 11534ms (cache miss)
4035 http fetch GET 200 https://registry.npmjs.org/@rollup/rollup-darwin-arm64/-/rollup-darwin-arm64-4.60.3.tgz 11657ms (cache miss)
4036 http fetch GET 200 https://registry.npmjs.org/undici/-/undici-7.24.4.tgz 11981ms (cache miss)
4037 http fetch GET 200 https://registry.npmjs.org/@babel/parser/-/parser-7.29.3.tgz 12783ms (cache miss)
4038 http fetch GET 200 https://registry.npmjs.org/jsdom/-/jsdom-28.1.0.tgz 14448ms (cache miss)
4039 http fetch GET 200 https://registry.npmjs.org/@angular/router/-/router-21.2.13.tgz 14539ms (cache miss)
4040 http fetch GET 200 https://registry.npmjs.org/@ampproject/remapping/-/remapping-2.3.0.tgz 14688ms (cache miss)
4041 http fetch GET 200 https://registry.npmjs.org/entities/-/entities-7.0.1.tgz 16081ms (cache miss)
4042 http fetch GET 200 https://registry.npmjs.org/@angular/forms/-/forms-21.2.13.tgz 16106ms (cache miss)
4043 http fetch GET 200 https://registry.npmjs.org/lmdb/-/lmdb-3.5.1.tgz 16250ms (cache miss)
4044 http fetch GET 200 https://registry.npmjs.org/vite/-/vite-7.3.2.tgz 16380ms (cache miss)
4045 http fetch GET 200 https://registry.npmjs.org/rollup/-/rollup-4.60.3.tgz 18181ms (cache miss)
4046 http fetch GET 200 https://registry.npmjs.org/vitest/-/vitest-4.1.6.tgz 18180ms (cache miss)
4047 http fetch GET 200 https://registry.npmjs.org/sass/-/sass-1.97.3.tgz 18253ms (cache miss)
4048 http fetch GET 200 https://registry.npmjs.org/@angular/build/-/build-21.2.11.tgz 18469ms (cache miss)
4049 http fetch GET 200 https://registry.npmjs.org/@angular/compiler/-/compiler-21.2.13.tgz 19606ms (cache miss)
4050 http fetch GET 200 https://registry.npmjs.org/@angular/common/-/common-21.2.13.tgz 19639ms (cache miss)
4051 http fetch GET 200 https://registry.npmjs.org/@angular/compiler-cli/-/compiler-cli-21.2.13.tgz 22134ms (cache miss)
4052 http fetch GET 200 https://registry.npmjs.org/@angular/core/-/core-21.2.13.tgz 22653ms (cache miss)
4053 http fetch GET 200 https://registry.npmjs.org/prettier/-/prettier-3.8.3.tgz 24749ms (cache miss)
4054 http fetch GET 200 https://registry.npmjs.org/@rolldown/binding-darwin-arm64/-/binding-darwin-arm64-1.0.0-rc.4.tgz 29242ms (cache miss)
4055 silly ADD node_modules/color-name
4056 silly ADD node_modules/color-convert
4057 silly ADD node_modules/emoji-regex
4058 silly ADD node_modules/yargs-parser
4059 silly ADD node_modules/y18n
4060 silly ADD node_modules/get-caller-file
4061 silly ADD node_modules/cliui
4062 silly ADD node_modules/cliui/node_modules/wrap-ansi
4063 silly ADD node_modules/cliui/node_modules/string-width
4064 silly ADD node_modules/stackback
4065 silly ADD node_modules/siginfo
4066 silly ADD node_modules/isexe
4067 silly ADD node_modules/punycode
4068 silly ADD node_modules/tr46
4069 silly ADD node_modules/glob-to-regexp
4070 silly ADD node_modules/estree-walker
4071 silly ADD node_modules/assertion-error
4072 silly ADD node_modules/@types/deep-eql
4073 silly ADD node_modules/chai
4074 silly ADD node_modules/@types/chai
4075 silly ADD node_modules/why-is-node-running
4076 silly ADD node_modules/tinyrainbow
4077 silly ADD node_modules/tinyexec
4078 silly ADD node_modules/tinybench
4079 silly ADD node_modules/std-env
4080 silly ADD node_modules/pathe
4081 silly ADD node_modules/obug
4082 silly ADD node_modules/expect-type
4083 silly ADD node_modules/es-module-lexer
4084 silly ADD node_modules/@vitest/utils
4085 silly ADD node_modules/@vitest/utils/node_modules/convert-source-map
4086 silly ADD node_modules/@vitest/spy
4087 silly ADD node_modules/@vitest/snapshot
4088 silly ADD node_modules/@vitest/runner
4089 silly ADD node_modules/@vitest/pretty-format
4090 silly ADD node_modules/@vitest/mocker
4091 silly ADD node_modules/@vitest/expect
4092 silly ADD node_modules/@types/estree
4093 silly ADD
4094 silly ADD
4095 silly ADD
4096 silly ADD
4097 silly ADD
4098 silly ADD
4099 silly ADD
4100 silly ADD
4101 silly ADD
4102 silly ADD
4103 silly ADD
4104 silly ADD
4105 silly ADD
4106 silly ADD
4107 silly ADD
4108 silly ADD
4109 silly ADD
4110 silly ADD
4111 silly ADD
4112 silly ADD
4113 silly ADD
4114 silly ADD
4115 silly ADD node_modules/@rollup/rollup-darwin-arm64
4116 silly ADD
4117 silly ADD
4118 silly ADD node_modules/rollup
4119 silly ADD node_modules/fsevents
4120 silly ADD node_modules/escalade
4121 silly ADD node_modules/media-typer
4122 silly ADD node_modules/@tufjs/canonical-json
4123 silly ADD node_modules/@tufjs/models
4124 silly ADD node_modules/tldts-core
4125 silly ADD node_modules/tldts
4126 silly ADD node_modules/fdir
4127 silly ADD node_modules/chownr
4128 silly ADD node_modules/@isaacs/fs-minipass
4129 silly ADD node_modules/ansi-regex
4130 silly ADD node_modules/spdx-license-ids
4131 silly ADD node_modules/spdx-exceptions
4132 silly ADD node_modules/buffer-from
4133 silly ADD node_modules/smart-buffer
4134 silly ADD node_modules/socks
4135 silly ADD node_modules/get-east-asian-width
4136 silly ADD node_modules/is-fullwidth-code-point
4137 silly ADD node_modules/ansi-styles
4138 silly ADD node_modules/tuf-js
4139 silly ADD node_modules/@sigstore/verify
4140 silly ADD node_modules/@sigstore/tuf
4141 silly ADD node_modules/@sigstore/sign
4142 silly ADD node_modules/@sigstore/protobuf-specs
4143 silly ADD node_modules/@sigstore/core
4144 silly ADD node_modules/@sigstore/bundle
4145 silly ADD node_modules/dunder-proto
4146 silly ADD node_modules/math-intrinsics
4147 silly ADD node_modules/hasown
4148 silly ADD node_modules/has-symbols
4149 silly ADD node_modules/gopd
4150 silly ADD node_modules/get-proto
4151 silly ADD node_modules/es-object-atoms
4152 silly ADD node_modules/es-define-property
4153 silly ADD node_modules/function-bind
4154 silly ADD node_modules/call-bind-apply-helpers
4155 silly ADD node_modules/get-intrinsic
4156 silly ADD node_modules/call-bound
4157 silly ADD node_modules/side-channel-weakmap
4158 silly ADD node_modules/side-channel-map
4159 silly ADD node_modules/side-channel-list
4160 silly ADD node_modules/object-inspect
4161 silly ADD node_modules/es-errors
4162 silly ADD node_modules/shebang-regex
4163 silly ADD node_modules/xmlchars
4164 silly ADD node_modules/is-extglob
4165 silly ADD node_modules/is-glob
4166 silly ADD
4167 silly ADD
4168 silly ADD
4169 silly ADD
4170 silly ADD
4171 silly ADD
4172 silly ADD
4173 silly ADD
4174 silly ADD
4175 silly ADD
4176 silly ADD
4177 silly ADD node_modules/@parcel/watcher-darwin-arm64
4178 silly ADD
4179 silly ADD node_modules/immutable
4180 silly ADD node_modules/@parcel/watcher
4181 silly ADD node_modules/@parcel/watcher/node_modules/node-addon-api
4182 silly ADD node_modules/path-to-regexp
4183 silly ADD node_modules/is-promise
4184 silly ADD
4185 silly ADD
4186 silly ADD
4187 silly ADD
4188 silly ADD
4189 silly ADD node_modules/@rolldown/pluginutils
4190 silly ADD
4191 silly ADD
4192 silly ADD
4193 silly ADD
4194 silly ADD
4195 silly ADD
4196 silly ADD
4197 silly ADD
4198 silly ADD
4199 silly ADD
4200 silly ADD
4201 silly ADD node_modules/@rolldown/binding-darwin-arm64
4202 silly ADD
4203 silly ADD node_modules/@oxc-project/types
4204 silly ADD node_modules/mimic-function
4205 silly ADD node_modules/onetime
4206 silly ADD node_modules/unpipe
4207 silly ADD node_modules/side-channel
4208 silly ADD node_modules/ipaddr.js
4209 silly ADD node_modules/forwarded
4210 silly ADD node_modules/retry
4211 silly ADD node_modules/err-code
4212 silly ADD node_modules/nanoid
4213 silly ADD
4214 silly ADD
4215 silly ADD
4216 silly ADD
4217 silly ADD
4218 silly ADD
4219 silly ADD
4220 silly ADD
4221 silly ADD
4222 silly ADD
4223 silly ADD
4224 silly ADD
4225 silly ADD
4226 silly ADD
4227 silly ADD node_modules/@napi-rs/nice-darwin-arm64
4228 silly ADD
4229 silly ADD
4230 silly ADD node_modules/@napi-rs/nice
4231 silly ADD node_modules/parse5-sax-parser
4232 silly ADD node_modules/minipass-sized
4233 silly ADD node_modules/socks-proxy-agent
4234 silly ADD node_modules/http-cache-semantics
4235 silly ADD node_modules/@npmcli/agent
4236 silly ADD node_modules/@npmcli/agent/node_modules/lru-cache
4237 silly ADD node_modules/minizlib
4238 silly ADD node_modules/minipass-fetch
4239 silly ADD node_modules/make-fetch-happen
4240 silly ADD node_modules/jsonparse
4241 silly ADD node_modules/@npmcli/redact
4242 silly ADD node_modules/npm-install-checks
4243 silly ADD node_modules/ignore-walk
4244 silly ADD node_modules/abbrev
4245 silly ADD node_modules/nopt
4246 silly ADD node_modules/graceful-fs
4247 silly ADD node_modules/exponential-backoff
4248 silly ADD node_modules/env-paths
4249 silly ADD node_modules/balanced-match
4250 silly ADD node_modules/brace-expansion
4251 silly ADD node_modules/path-scurry
4252 silly ADD node_modules/path-scurry/node_modules/lru-cache
4253 silly ADD node_modules/minimatch
4254 silly ADD node_modules/p-map
4255 silly ADD node_modules/minipass-pipeline
4256 silly ADD node_modules/minipass-pipeline/node_modules/yallist
4257 silly ADD node_modules/minipass-pipeline/node_modules/minipass
4258 silly ADD node_modules/minipass-flush
4259 silly ADD node_modules/minipass-flush/node_modules/yallist
4260 silly ADD node_modules/minipass-flush/node_modules/minipass
4261 silly ADD node_modules/minipass-collect
4262 silly ADD node_modules/@npmcli/fs
4263 silly ADD node_modules/node-gyp
4264 silly ADD node_modules/node-gyp/node_modules/isexe
4265 silly ADD node_modules/node-gyp/node_modules/which
4266 silly ADD node_modules/node-gyp/node_modules/undici
4267 silly ADD node_modules/@npmcli/node-gyp
4268 silly ADD node_modules/spdx-expression-parse
4269 silly ADD node_modules/json-parse-even-better-errors
4270 silly ADD node_modules/glob
4271 silly ADD node_modules/npm-normalize-package-bin
4272 silly ADD node_modules/npm-bundled
4273 silly ADD node_modules/@gar/promise-retry
4274 silly ADD node_modules/tar
4275 silly ADD node_modules/tar/node_modules/yallist
4276 silly ADD node_modules/ssri
4277 silly ADD node_modules/sigstore
4278 silly ADD node_modules/promise-retry
4279 silly ADD node_modules/npm-registry-fetch
4280 silly ADD node_modules/npm-pick-manifest
4281 silly ADD node_modules/npm-packlist
4282 silly ADD node_modules/minipass
4283 silly ADD node_modules/fs-minipass
4284 silly ADD node_modules/cacache
4285 silly ADD node_modules/cacache/node_modules/lru-cache
4286 silly ADD node_modules/@npmcli/run-script
4287 silly ADD node_modules/@npmcli/promise-spawn
4288 silly ADD node_modules/@npmcli/promise-spawn/node_modules/isexe
4289 silly ADD node_modules/@npmcli/promise-spawn/node_modules/which
4290 silly ADD node_modules/@npmcli/package-json
4291 silly ADD node_modules/@npmcli/installed-package-contents
4292 silly ADD node_modules/@npmcli/git
4293 silly ADD node_modules/@npmcli/git/node_modules/isexe
4294 silly ADD node_modules/@npmcli/git/node_modules/which
4295 silly ADD node_modules/@npmcli/git/node_modules/lru-cache
4296 silly ADD node_modules/yoctocolors
4297 silly ADD node_modules/stdin-discarder
4298 silly ADD node_modules/log-symbols
4299 silly ADD node_modules/is-unicode-supported
4300 silly ADD node_modules/is-interactive
4301 silly ADD node_modules/cli-spinners
4302 silly ADD node_modules/chalk
4303 silly ADD node_modules/wrappy
4304 silly ADD node_modules/ee-first
4305 silly ADD node_modules/validate-npm-package-name
4306 silly ADD node_modules/proc-log
4307 silly ADD node_modules/hosted-git-info
4308 silly ADD node_modules/hosted-git-info/node_modules/lru-cache
4309 silly ADD node_modules/detect-libc
4310 silly ADD
4311 silly ADD
4312 silly ADD
4313 silly ADD
4314 silly ADD
4315 silly ADD node_modules/@msgpackr-extract/msgpackr-extract-darwin-arm64
4316 silly ADD node_modules/msgpackr-extract
4317 silly ADD node_modules/mime-db
4318 silly ADD node_modules/yallist
4319 silly ADD node_modules/restore-cursor
4320 silly ADD node_modules/environment
4321 silly ADD node_modules/strip-ansi
4322 silly ADD node_modules/cli-cursor
4323 silly ADD node_modules/ansi-escapes
4324 silly ADD node_modules/weak-lru-cache
4325 silly ADD node_modules/ordered-binary
4326 silly ADD node_modules/node-gyp-build-optional-packages
4327 silly ADD node_modules/node-addon-api
4328 silly ADD node_modules/msgpackr
4329 silly ADD
4330 silly ADD
4331 silly ADD
4332 silly ADD
4333 silly ADD
4334 silly ADD
4335 silly ADD node_modules/@lmdb/lmdb-darwin-arm64
4336 silly ADD node_modules/@harperfast/extended-iterable
4337 silly ADD node_modules/string-width
4338 silly ADD node_modules/slice-ansi
4339 silly ADD node_modules/rfdc
4340 silly ADD node_modules/log-update
4341 silly ADD node_modules/log-update/node_modules/string-width
4342 silly ADD node_modules/log-update/node_modules/wrap-ansi
4343 silly ADD node_modules/log-update/node_modules/slice-ansi
4344 silly ADD node_modules/eventemitter3
4345 silly ADD node_modules/colorette
4346 silly ADD node_modules/cli-truncate
4347 silly ADD node_modules/@csstools/color-helpers
4348 silly ADD node_modules/@csstools/css-color-parser
4349 silly ADD node_modules/@csstools/css-tokenizer
4350 silly ADD node_modules/@csstools/css-parser-algorithms
4351 silly ADD node_modules/@csstools/css-calc
4352 silly ADD node_modules/@asamuzakjp/generational-cache
4353 silly ADD node_modules/@csstools/css-syntax-patches-for-csstree
4354 silly ADD node_modules/@asamuzakjp/css-color
4355 silly ADD node_modules/source-map-js
4356 silly ADD node_modules/mdn-data
4357 silly ADD node_modules/css-tree
4358 silly ADD node_modules/bidi-js
4359 silly ADD node_modules/@asamuzakjp/nwsapi
4360 silly ADD node_modules/xml-name-validator
4361 silly ADD node_modules/whatwg-url
4362 silly ADD node_modules/whatwg-mimetype
4363 silly ADD node_modules/webidl-conversions
4364 silly ADD node_modules/w3c-xmlserializer
4365 silly ADD node_modules/tough-cookie
4366 silly ADD node_modules/symbol-tree
4367 silly ADD node_modules/saxes
4368 silly ADD node_modules/parse5
4369 silly ADD node_modules/parse5/node_modules/entities
4370 silly ADD node_modules/is-potential-custom-element-name
4371 silly ADD node_modules/http-proxy-agent
4372 silly ADD node_modules/html-encoding-sniffer
4373 silly ADD node_modules/decimal.js
4374 silly ADD node_modules/data-urls
4375 silly ADD node_modules/cssstyle
4376 silly ADD node_modules/cssstyle/node_modules/lru-cache
4377 silly ADD node_modules/@exodus/bytes
4378 silly ADD node_modules/@bramus/specificity
4379 silly ADD node_modules/@asamuzakjp/dom-selector
4380 silly ADD node_modules/@asamuzakjp/dom-selector/node_modules/lru-cache
4381 silly ADD node_modules/@acemir/cssom
4382 silly ADD node_modules/istanbul-lib-coverage
4383 silly ADD node_modules/@istanbuljs/schema
4384 silly ADD node_modules/safer-buffer
4385 silly ADD node_modules/agent-base
4386 silly ADD node_modules/toidentifier
4387 silly ADD node_modules/setprototypeof
4388 silly ADD node_modules/inherits
4389 silly ADD node_modules/ip-address
4390 silly ADD node_modules/bytes
4391 silly ADD node_modules/negotiator
4392 silly ADD node_modules/type-is
4393 silly ADD node_modules/type-is/node_modules/content-type
4394 silly ADD node_modules/statuses
4395 silly ADD node_modules/serve-static
4396 silly ADD node_modules/send
4397 silly ADD node_modules/router
4398 silly ADD node_modules/range-parser
4399 silly ADD node_modules/qs
4400 silly ADD node_modules/proxy-addr
4401 silly ADD node_modules/parseurl
4402 silly ADD node_modules/once
4403 silly ADD node_modules/on-finished
4404 silly ADD node_modules/mime-types
4405 silly ADD node_modules/merge-descriptors
4406 silly ADD node_modules/http-errors
4407 silly ADD node_modules/fresh
4408 silly ADD node_modules/finalhandler
4409 silly ADD node_modules/etag
4410 silly ADD node_modules/escape-html
4411 silly ADD node_modules/encodeurl
4412 silly ADD node_modules/depd
4413 silly ADD node_modules/cookie-signature
4414 silly ADD node_modules/cookie
4415 silly ADD node_modules/content-disposition
4416 silly ADD node_modules/body-parser
4417 silly ADD node_modules/accepts
4418 silly ADD
4419 silly ADD
4420 silly ADD
4421 silly ADD
4422 silly ADD
4423 silly ADD
4424 silly ADD
4425 silly ADD
4426 silly ADD
4427 silly ADD
4428 silly ADD
4429 silly ADD
4430 silly ADD
4431 silly ADD
4432 silly ADD
4433 silly ADD
4434 silly ADD
4435 silly ADD
4436 silly ADD
4437 silly ADD
4438 silly ADD
4439 silly ADD node_modules/@esbuild/darwin-arm64
4440 silly ADD
4441 silly ADD
4442 silly ADD
4443 silly ADD
4444 silly ADD node_modules/entities
4445 silly ADD node_modules/domelementtype
4446 silly ADD node_modules/ms
4447 silly ADD node_modules/nth-check
4448 silly ADD node_modules/domutils
4449 silly ADD node_modules/boolbase
4450 silly ADD node_modules/which
4451 silly ADD node_modules/shebang-command
4452 silly ADD node_modules/path-key
4453 silly ADD node_modules/vary
4454 silly ADD node_modules/object-assign
4455 silly ADD node_modules/readdirp
4456 silly ADD node_modules/update-browserslist-db
4457 silly ADD node_modules/node-releases
4458 silly ADD node_modules/electron-to-chromium
4459 silly ADD node_modules/caniuse-lite
4460 silly ADD node_modules/baseline-browser-mapping
4461 silly ADD node_modules/postcss-safe-parser
4462 silly ADD node_modules/postcss-media-query-parser
4463 silly ADD node_modules/postcss
4464 silly ADD node_modules/htmlparser2
4465 silly ADD node_modules/htmlparser2/node_modules/entities
4466 silly ADD node_modules/domhandler
4467 silly ADD node_modules/dom-serializer
4468 silly ADD node_modules/css-what
4469 silly ADD node_modules/css-select
4470 silly ADD node_modules/@algolia/requester-node-http
4471 silly ADD node_modules/@algolia/requester-fetch
4472 silly ADD node_modules/@algolia/requester-browser-xhr
4473 silly ADD node_modules/@algolia/recommend
4474 silly ADD node_modules/@algolia/monitoring
4475 silly ADD node_modules/@algolia/ingestion
4476 silly ADD node_modules/@algolia/client-search
4477 silly ADD node_modules/@algolia/client-query-suggestions
4478 silly ADD node_modules/@algolia/client-personalization
4479 silly ADD node_modules/@algolia/client-insights
4480 silly ADD node_modules/@algolia/client-common
4481 silly ADD node_modules/@algolia/client-analytics
4482 silly ADD node_modules/@algolia/client-abtesting
4483 silly ADD node_modules/@algolia/abtesting
4484 silly ADD node_modules/require-from-string
4485 silly ADD node_modules/json-schema-traverse
4486 silly ADD node_modules/fast-uri
4487 silly ADD node_modules/fast-deep-equal
4488 silly ADD node_modules/zod-to-json-schema
4489 silly ADD node_modules/raw-body
4490 silly ADD node_modules/pkce-challenge
4491 silly ADD node_modules/json-schema-typed
4492 silly ADD node_modules/jose
4493 silly ADD node_modules/express-rate-limit
4494 silly ADD node_modules/express
4495 silly ADD node_modules/eventsource-parser
4496 silly ADD node_modules/eventsource
4497 silly ADD node_modules/cross-spawn
4498 silly ADD node_modules/cors
4499 silly ADD node_modules/content-type
4500 silly ADD node_modules/hono
4501 silly ADD node_modules/@hono/node-server
4502 silly ADD node_modules/@jridgewell/resolve-uri
4503 silly ADD node_modules/iconv-lite
4504 silly ADD node_modules/chardet
4505 silly ADD node_modules/@inquirer/external-editor
4506 silly ADD node_modules/@inquirer/select
4507 silly ADD node_modules/@inquirer/search
4508 silly ADD node_modules/@inquirer/rawlist
4509 silly ADD node_modules/@inquirer/password
4510 silly ADD node_modules/@inquirer/number
4511 silly ADD node_modules/@inquirer/input
4512 silly ADD node_modules/@inquirer/expand
4513 silly ADD node_modules/@inquirer/editor
4514 silly ADD node_modules/@inquirer/checkbox
4515 silly ADD node_modules/yoctocolors-cjs
4516 silly ADD node_modules/wrap-ansi
4517 silly ADD node_modules/wrap-ansi/node_modules/ansi-regex
4518 silly ADD node_modules/wrap-ansi/node_modules/is-fullwidth-code-point
4519 silly ADD node_modules/wrap-ansi/node_modules/emoji-regex
4520 silly ADD node_modules/wrap-ansi/node_modules/strip-ansi
4521 silly ADD node_modules/wrap-ansi/node_modules/string-width
4522 silly ADD node_modules/wrap-ansi/node_modules/ansi-styles
4523 silly ADD node_modules/signal-exit
4524 silly ADD node_modules/mute-stream
4525 silly ADD node_modules/cli-width
4526 silly ADD node_modules/@inquirer/figures
4527 silly ADD node_modules/@inquirer/ansi
4528 silly ADD node_modules/@inquirer/type
4529 silly ADD node_modules/@inquirer/core
4530 silly ADD node_modules/@babel/helper-string-parser
4531 silly ADD node_modules/@babel/helper-globals
4532 silly ADD node_modules/@babel/helper-module-imports
4533 silly ADD node_modules/lru-cache
4534 silly ADD node_modules/@babel/helper-validator-option
4535 silly ADD node_modules/@babel/compat-data
4536 silly ADD node_modules/jsesc
4537 silly ADD node_modules/picocolors
4538 silly ADD node_modules/js-tokens
4539 silly ADD node_modules/@babel/helper-validator-identifier
4540 silly ADD node_modules/json5
4541 silly ADD node_modules/gensync
4542 silly ADD node_modules/debug
4543 silly ADD node_modules/@jridgewell/remapping
4544 silly ADD node_modules/@babel/types
4545 silly ADD node_modules/@babel/traverse
4546 silly ADD node_modules/@babel/template
4547 silly ADD node_modules/@babel/parser
4548 silly ADD node_modules/@babel/helpers
4549 silly ADD node_modules/@babel/helper-module-transforms
4550 silly ADD node_modules/@babel/helper-compilation-targets
4551 silly ADD node_modules/@babel/helper-compilation-targets/node_modules/semver
4552 silly ADD node_modules/@babel/generator
4553 silly ADD node_modules/@babel/code-frame
4554 silly ADD node_modules/@standard-schema/spec
4555 silly ADD node_modules/reflect-metadata
4556 silly ADD node_modules/convert-source-map
4557 silly ADD node_modules/chokidar
4558 silly ADD node_modules/@jridgewell/sourcemap-codec
4559 silly ADD node_modules/ora
4560 silly ADD node_modules/zod
4561 silly ADD node_modules/yargs
4562 silly ADD node_modules/yargs/node_modules/string-width
4563 silly ADD node_modules/pacote
4564 silly ADD node_modules/npm-package-arg
4565 silly ADD node_modules/ini
4566 silly ADD node_modules/algoliasearch
4567 silly ADD node_modules/@yarnpkg/lockfile
4568 silly ADD node_modules/@schematics/angular
4569 silly ADD node_modules/@modelcontextprotocol/sdk
4570 silly ADD node_modules/@listr2/prompt-adapter-inquirer
4571 silly ADD node_modules/@inquirer/prompts
4572 silly ADD node_modules/@angular-devkit/schematics
4573 silly ADD node_modules/source-map
4574 silly ADD node_modules/ajv-formats
4575 silly ADD node_modules/ajv
4576 silly ADD node_modules/@angular-devkit/core
4577 silly ADD node_modules/@jridgewell/trace-mapping
4578 silly ADD node_modules/@jridgewell/gen-mapping
4579 silly ADD node_modules/watchpack
4580 silly ADD node_modules/undici
4581 silly ADD node_modules/tinyglobby
4582 silly ADD node_modules/source-map-support
4583 silly ADD node_modules/source-map-support/node_modules/source-map
4584 silly ADD node_modules/semver
4585 silly ADD node_modules/sass
4586 silly ADD node_modules/sass/node_modules/readdirp
4587 silly ADD node_modules/sass/node_modules/chokidar
4588 silly ADD node_modules/rolldown
4589 silly ADD node_modules/piscina
4590 silly ADD node_modules/picomatch
4591 silly ADD node_modules/parse5-html-rewriting-stream
4592 silly ADD node_modules/parse5-html-rewriting-stream/node_modules/entities
4593 silly ADD node_modules/mrmime
4594 silly ADD node_modules/magic-string
4595 silly ADD node_modules/lmdb
4596 silly ADD node_modules/listr2
4597 silly ADD node_modules/listr2/node_modules/string-width
4598 silly ADD node_modules/listr2/node_modules/wrap-ansi
4599 silly ADD node_modules/jsonc-parser
4600 silly ADD node_modules/istanbul-lib-instrument
4601 silly ADD node_modules/https-proxy-agent
4602 silly ADD node_modules/esbuild
4603 silly ADD node_modules/browserslist
4604 silly ADD node_modules/beasties
4605 silly ADD node_modules/vite
4606 silly ADD node_modules/@vitejs/plugin-basic-ssl
4607 silly ADD node_modules/@inquirer/confirm
4608 silly ADD node_modules/@babel/helper-split-export-declaration
4609 silly ADD node_modules/@babel/helper-annotate-as-pure
4610 silly ADD node_modules/@babel/core
4611 silly ADD node_modules/@babel/core/node_modules/semver
4612 silly ADD node_modules/@babel/core/node_modules/convert-source-map
4613 silly ADD node_modules/@angular-devkit/architect
4614 silly ADD node_modules/@ampproject/remapping
4615 silly ADD node_modules/vitest
4616 silly ADD node_modules/prettier
4617 silly ADD node_modules/jsdom
4618 silly ADD node_modules/@angular/router
4619 silly ADD node_modules/@angular/platform-browser
4620 silly ADD node_modules/@angular/forms
4621 silly ADD node_modules/@angular/core
4622 silly ADD node_modules/rxjs
4623 silly ADD node_modules/@angular/common
4624 silly ADD node_modules/@angular/cli
4625 silly ADD node_modules/@angular/compiler-cli
4626 silly ADD node_modules/@angular/compiler
4627 silly ADD node_modules/typescript
4628 silly ADD node_modules/tslib
4629 silly ADD node_modules/@angular/build
4630 verbose cwd /Users/dam113/Desktop/myAngularApp
4631 verbose os Darwin 25.3.0
4632 verbose node v22.15.0
4633 verbose npm  v10.9.2
4634 verbose exit 0
4635 info ok
