0 verbose cli /opt/homebrew/Cellar/node@22/22.15.0/bin/node /opt/homebrew/opt/node@22/bin/npm
1 info using npm@10.9.2
2 info using node@v22.15.0
3 silly config load:file:/opt/homebrew/Cellar/node@22/22.15.0/lib/node_modules/npm/npmrc
4 silly config load:file:/Users/dam113/Desktop/my-app/.npmrc
5 silly config load:file:/Users/dam113/.npmrc
6 silly config load:file:/opt/homebrew/etc/npmrc
7 verbose title npm install
8 verbose argv "install" "--ignore-scripts"
9 verbose logfile logs-max:10 dir:/Users/dam113/.npm/_logs/2026-05-15T06_41_26_708Z-
10 verbose logfile /Users/dam113/.npm/_logs/2026-05-15T06_41_26_708Z-debug-0.log
11 silly logfile start cleaning logs, removing 1 files
12 silly packumentCache heap:2197815296 maxSize:549453824 maxEntrySize:274726912
13 silly logfile done cleaning log files
14 silly idealTree buildDeps
15 silly fetch manifest @angular/common@^21.2.0
16 silly packumentCache full:https://registry.npmjs.org/@angular%2fcommon cache-miss
17 http fetch GET 200 https://registry.npmjs.org/@angular%2fcommon 237ms (cache revalidated)
18 silly packumentCache full:https://registry.npmjs.org/@angular%2fcommon set size:3103587 disposed:false
19 silly fetch manifest @angular/core@^21.2.0
20 silly packumentCache full:https://registry.npmjs.org/@angular%2fcore cache-miss
21 http fetch GET 200 https://registry.npmjs.org/@angular%2fcore 36ms (cache revalidated)
22 silly packumentCache full:https://registry.npmjs.org/@angular%2fcore set size:2987727 disposed:false
23 silly fetch manifest @angular/compiler@^21.2.0
24 silly packumentCache full:https://registry.npmjs.org/@angular%2fcompiler cache-miss
25 http fetch GET 200 https://registry.npmjs.org/@angular%2fcompiler 33ms (cache revalidated)
26 silly packumentCache full:https://registry.npmjs.org/@angular%2fcompiler set size:2702544 disposed:false
27 silly fetch manifest rxjs@~7.8.0
28 silly packumentCache full:https://registry.npmjs.org/rxjs cache-miss
29 http fetch GET 200 https://registry.npmjs.org/rxjs 26ms (cache revalidated)
30 silly packumentCache full:https://registry.npmjs.org/rxjs set size:980097 disposed:false
31 silly fetch manifest zone.js@~0.15.0 || ~0.16.0
32 silly packumentCache full:https://registry.npmjs.org/zone.js cache-miss
33 http fetch GET 200 https://registry.npmjs.org/zone.js 24ms (cache revalidated)
34 silly packumentCache full:https://registry.npmjs.org/zone.js set size:378576 disposed:false
35 silly fetch manifest @angular/forms@^21.2.0
36 silly packumentCache full:https://registry.npmjs.org/@angular%2fforms cache-miss
37 http fetch GET 200 https://registry.npmjs.org/@angular%2fforms 31ms (cache revalidated)
38 silly packumentCache full:https://registry.npmjs.org/@angular%2fforms set size:2751764 disposed:false
39 silly fetch manifest @angular/platform-browser@^21.2.0
40 silly packumentCache full:https://registry.npmjs.org/@angular%2fplatform-browser cache-miss
41 http fetch GET 200 https://registry.npmjs.org/@angular%2fplatform-browser 355ms (cache revalidated)
42 silly packumentCache full:https://registry.npmjs.org/@angular%2fplatform-browser set size:3097726 disposed:false
43 silly fetch manifest @angular/animations@21.2.13
44 silly packumentCache full:https://registry.npmjs.org/@angular%2fanimations cache-miss
45 http fetch GET 200 https://registry.npmjs.org/@angular%2fanimations 522ms (cache revalidated)
46 silly packumentCache full:https://registry.npmjs.org/@angular%2fanimations set size:2808327 disposed:false
47 silly fetch manifest @angular/router@^21.2.0
48 silly packumentCache full:https://registry.npmjs.org/@angular%2frouter cache-miss
49 http fetch GET 200 https://registry.npmjs.org/@angular%2frouter 39ms (cache revalidated)
50 silly packumentCache full:https://registry.npmjs.org/@angular%2frouter set size:2990479 disposed:false
51 silly fetch manifest tslib@^2.3.0
52 silly packumentCache full:https://registry.npmjs.org/tslib cache-miss
53 http fetch GET 200 https://registry.npmjs.org/tslib 25ms (cache revalidated)
54 silly packumentCache full:https://registry.npmjs.org/tslib set size:108760 disposed:false
55 silly fetch manifest @angular/build@^21.2.11
56 silly packumentCache full:https://registry.npmjs.org/@angular%2fbuild cache-miss
57 http fetch GET 200 https://registry.npmjs.org/@angular%2fbuild 32ms (cache revalidated)
58 silly packumentCache full:https://registry.npmjs.org/@angular%2fbuild set size:866872 disposed:false
59 silly fetch manifest @angular/compiler-cli@^21.2.0
60 silly packumentCache full:https://registry.npmjs.org/@angular%2fcompiler-cli cache-miss
61 http fetch GET 200 https://registry.npmjs.org/@angular%2fcompiler-cli 35ms (cache revalidated)
62 silly packumentCache full:https://registry.npmjs.org/@angular%2fcompiler-cli set size:3271295 disposed:false
63 silly fetch manifest typescript@~5.9.2
64 silly packumentCache full:https://registry.npmjs.org/typescript cache-miss
65 http fetch GET 200 https://registry.npmjs.org/typescript 44ms (cache revalidated)
66 silly packumentCache full:https://registry.npmjs.org/typescript set size:15409943 disposed:false
67 silly fetch manifest @angular/localize@^21.0.0
68 silly packumentCache full:https://registry.npmjs.org/@angular%2flocalize cache-miss
69 http fetch GET 200 https://registry.npmjs.org/@angular%2flocalize 99ms (cache revalidated)
70 silly packumentCache full:https://registry.npmjs.org/@angular%2flocalize set size:2386171 disposed:false
71 silly fetch manifest @angular/platform-server@^21.0.0
72 silly packumentCache full:https://registry.npmjs.org/@angular%2fplatform-server cache-miss
73 http fetch GET 200 https://registry.npmjs.org/@angular%2fplatform-server 393ms (cache revalidated)
74 silly packumentCache full:https://registry.npmjs.org/@angular%2fplatform-server set size:3156353 disposed:false
75 silly fetch manifest @angular/service-worker@^21.0.0
76 silly packumentCache full:https://registry.npmjs.org/@angular%2fservice-worker cache-miss
77 http fetch GET 200 https://registry.npmjs.org/@angular%2fservice-worker 697ms (cache revalidated)
78 silly packumentCache full:https://registry.npmjs.org/@angular%2fservice-worker set size:2910081 disposed:false
79 silly fetch manifest @angular/ssr@^21.2.11
80 silly packumentCache full:https://registry.npmjs.org/@angular%2fssr cache-miss
81 http fetch GET 200 https://registry.npmjs.org/@angular%2fssr 273ms (cache revalidated)
82 silly packumentCache full:https://registry.npmjs.org/@angular%2fssr set size:699215 disposed:false
83 silly fetch manifest karma@^6.4.0
84 silly packumentCache full:https://registry.npmjs.org/karma cache-miss
85 http fetch GET 200 https://registry.npmjs.org/karma 747ms (cache revalidated)
86 silly packumentCache full:https://registry.npmjs.org/karma set size:3361521 disposed:false
87 silly fetch manifest less@^4.2.0
88 silly packumentCache full:https://registry.npmjs.org/less cache-miss
89 http fetch GET 200 https://registry.npmjs.org/less 21ms (cache revalidated)
90 silly packumentCache full:https://registry.npmjs.org/less set size:461684 disposed:false
91 silly fetch manifest ng-packagr@^21.0.0
92 silly packumentCache full:https://registry.npmjs.org/ng-packagr cache-miss
93 http fetch GET 200 https://registry.npmjs.org/ng-packagr 22ms (cache revalidated)
94 silly packumentCache full:https://registry.npmjs.org/ng-packagr set size:1096821 disposed:false
95 silly fetch manifest tailwindcss@^2.0.0 || ^3.0.0 || ^4.0.0
96 silly packumentCache full:https://registry.npmjs.org/tailwindcss cache-miss
97 http fetch GET 200 https://registry.npmjs.org/tailwindcss 1528ms (cache updated)
98 silly packumentCache full:https://registry.npmjs.org/tailwindcss set size:undefined disposed:false
99 silly fetch manifest postcss@^8.4.0
100 silly packumentCache full:https://registry.npmjs.org/postcss cache-miss
101 http fetch GET 200 https://registry.npmjs.org/postcss 27ms (cache revalidated)
102 silly packumentCache full:https://registry.npmjs.org/postcss set size:720302 disposed:false
103 silly fetch manifest vitest@^4.0.8
104 silly packumentCache full:https://registry.npmjs.org/vitest cache-miss
105 http fetch GET 200 https://registry.npmjs.org/vitest 23ms (cache revalidated)
106 silly packumentCache full:https://registry.npmjs.org/vitest set size:2156872 disposed:false
107 silly fetch manifest @edge-runtime/vm@*
108 silly packumentCache full:https://registry.npmjs.org/@edge-runtime%2fvm cache-miss
109 http fetch GET 200 https://registry.npmjs.org/@edge-runtime%2fvm 30ms (cache revalidated)
110 silly packumentCache full:https://registry.npmjs.org/@edge-runtime%2fvm set size:269934 disposed:false
111 silly fetch manifest @opentelemetry/api@^1.9.0
112 silly packumentCache full:https://registry.npmjs.org/@opentelemetry%2fapi cache-miss
113 http fetch GET 200 https://registry.npmjs.org/@opentelemetry%2fapi 29ms (cache revalidated)
114 silly packumentCache full:https://registry.npmjs.org/@opentelemetry%2fapi set size:272967 disposed:false
115 silly fetch manifest @types/node@^20.0.0 || ^22.0.0 || >=24.0.0
116 silly packumentCache full:https://registry.npmjs.org/@types%2fnode cache-miss
117 http fetch GET 200 https://registry.npmjs.org/@types%2fnode 1620ms (cache updated)
118 silly packumentCache full:https://registry.npmjs.org/@types%2fnode set size:undefined disposed:false
119 silly fetch manifest @vitest/browser-playwright@4.1.6
120 silly packumentCache full:https://registry.npmjs.org/@vitest%2fbrowser-playwright cache-miss
121 http fetch GET 200 https://registry.npmjs.org/@vitest%2fbrowser-playwright 101ms (cache revalidated)
122 silly packumentCache full:https://registry.npmjs.org/@vitest%2fbrowser-playwright set size:115357 disposed:false
123 silly fetch manifest playwright@*
124 silly packumentCache full:https://registry.npmjs.org/playwright cache-miss
125 http fetch GET 200 https://registry.npmjs.org/playwright 3683ms (cache updated)
126 silly packumentCache full:https://registry.npmjs.org/playwright set size:undefined disposed:false
127 silly fetch manifest @vitest/browser-preview@4.1.6
128 silly packumentCache full:https://registry.npmjs.org/@vitest%2fbrowser-preview cache-miss
129 http fetch GET 200 https://registry.npmjs.org/@vitest%2fbrowser-preview 36ms (cache revalidated)
130 silly packumentCache full:https://registry.npmjs.org/@vitest%2fbrowser-preview set size:110808 disposed:false
131 silly fetch manifest @vitest/browser-webdriverio@4.1.6
132 silly packumentCache full:https://registry.npmjs.org/@vitest%2fbrowser-webdriverio cache-miss
133 http fetch GET 200 https://registry.npmjs.org/@vitest%2fbrowser-webdriverio 51ms (cache revalidated)
134 silly packumentCache full:https://registry.npmjs.org/@vitest%2fbrowser-webdriverio set size:115022 disposed:false
135 silly fetch manifest webdriverio@*
136 silly packumentCache full:https://registry.npmjs.org/webdriverio cache-miss
137 http fetch GET 200 https://registry.npmjs.org/webdriverio 30ms (cache revalidated)
138 silly packumentCache full:https://registry.npmjs.org/webdriverio set size:3126624 disposed:false
139 silly fetch manifest puppeteer-core@>=22.x || <=24.x
140 silly packumentCache full:https://registry.npmjs.org/puppeteer-core cache-miss
141 http fetch GET 200 https://registry.npmjs.org/puppeteer-core 24ms (cache revalidated)
142 silly packumentCache full:https://registry.npmjs.org/puppeteer-core set size:1516438 disposed:false
143 silly fetch manifest @vitest/coverage-istanbul@4.1.6
144 silly packumentCache full:https://registry.npmjs.org/@vitest%2fcoverage-istanbul cache-miss
145 http fetch GET 200 https://registry.npmjs.org/@vitest%2fcoverage-istanbul 42ms (cache revalidated)
146 silly packumentCache full:https://registry.npmjs.org/@vitest%2fcoverage-istanbul set size:656276 disposed:false
147 silly fetch manifest @vitest/coverage-v8@4.1.6
148 silly packumentCache full:https://registry.npmjs.org/@vitest%2fcoverage-v8 cache-miss
149 http fetch GET 200 https://registry.npmjs.org/@vitest%2fcoverage-v8 37ms (cache revalidated)
150 silly packumentCache full:https://registry.npmjs.org/@vitest%2fcoverage-v8 set size:492176 disposed:false
151 silly fetch manifest @vitest/browser@4.1.6
152 silly packumentCache full:https://registry.npmjs.org/@vitest%2fbrowser cache-miss
153 http fetch GET 200 https://registry.npmjs.org/@vitest%2fbrowser 125ms (cache revalidated)
154 silly packumentCache full:https://registry.npmjs.org/@vitest%2fbrowser set size:744196 disposed:false
155 silly fetch manifest @vitest/ui@4.1.6
156 silly packumentCache full:https://registry.npmjs.org/@vitest%2fui cache-miss
157 http fetch GET 200 https://registry.npmjs.org/@vitest%2fui 350ms (cache revalidated)
158 silly packumentCache full:https://registry.npmjs.org/@vitest%2fui set size:1233800 disposed:false
159 silly fetch manifest happy-dom@*
160 silly packumentCache full:https://registry.npmjs.org/happy-dom cache-miss
161 http fetch GET 200 https://registry.npmjs.org/happy-dom 30ms (cache revalidated)
162 silly packumentCache full:https://registry.npmjs.org/happy-dom set size:2455298 disposed:false
163 silly fetch manifest jsdom@^28.0.0
164 silly packumentCache full:https://registry.npmjs.org/jsdom cache-miss
165 http fetch GET 200 https://registry.npmjs.org/jsdom 110ms (cache revalidated)
166 silly packumentCache full:https://registry.npmjs.org/jsdom set size:1064917 disposed:false
167 silly fetch manifest canvas@^3.0.0
168 silly packumentCache full:https://registry.npmjs.org/canvas cache-miss
169 http fetch GET 200 https://registry.npmjs.org/canvas 24ms (cache revalidated)
170 silly packumentCache full:https://registry.npmjs.org/canvas set size:372046 disposed:false
171 silly fetch manifest @angular/cli@^21.2.11
172 silly packumentCache full:https://registry.npmjs.org/@angular%2fcli cache-miss
173 http fetch GET 200 https://registry.npmjs.org/@angular%2fcli 38ms (cache revalidated)
174 silly packumentCache full:https://registry.npmjs.org/@angular%2fcli set size:3132048 disposed:false
175 silly fetch manifest prettier@^3.8.1
176 silly packumentCache full:https://registry.npmjs.org/prettier cache-miss
177 http fetch GET 200 https://registry.npmjs.org/prettier 23ms (cache revalidated)
178 silly packumentCache full:https://registry.npmjs.org/prettier set size:665088 disposed:false
179 silly placeDep ROOT @angular/build@21.2.11 OK for: my-app@0.0.0 want: ^21.2.11
180 silly placeDep ROOT tslib@2.8.1 OK for: @angular/build@21.2.11 want: ^2.3.0
181 silly placeDep ROOT typescript@5.9.3 OK for: @angular/build@21.2.11 want: >=5.9 <6.0
182 silly placeDep ROOT @angular/compiler@21.2.13 OK for: @angular/build@21.2.11 want: ^21.0.0
183 silly placeDep ROOT @angular/compiler-cli@21.2.13 OK for: @angular/build@21.2.11 want: ^21.0.0
184 silly placeDep ROOT @angular/cli@21.2.11 OK for: my-app@0.0.0 want: ^21.2.11
185 silly placeDep ROOT @angular/common@21.2.13 OK for: my-app@0.0.0 want: ^21.2.0
186 silly placeDep ROOT rxjs@7.8.2 OK for: @angular/common@21.2.13 want: ^6.5.3 || ^7.4.0
187 silly placeDep ROOT @angular/core@21.2.13 OK for: @angular/common@21.2.13 want: 21.2.13
188 silly placeDep ROOT @angular/forms@21.2.13 OK for: my-app@0.0.0 want: ^21.2.0
189 silly placeDep ROOT @angular/platform-browser@21.2.13 OK for: @angular/forms@21.2.13 want: 21.2.13
190 silly placeDep ROOT @angular/router@21.2.13 OK for: my-app@0.0.0 want: ^21.2.0
191 silly placeDep ROOT jsdom@28.1.0 OK for: my-app@0.0.0 want: ^28.0.0
192 silly placeDep ROOT prettier@3.8.3 OK for: my-app@0.0.0 want: ^3.8.1
193 silly placeDep ROOT vitest@4.1.6 OK for: my-app@0.0.0 want: ^4.0.8
194 silly fetch manifest sass@1.97.3
195 silly packumentCache full:https://registry.npmjs.org/sass cache-miss
196 silly fetch manifest vite@7.3.2
197 silly packumentCache full:https://registry.npmjs.org/vite cache-miss
198 silly fetch manifest listr2@9.0.5
199 silly packumentCache full:https://registry.npmjs.org/listr2 cache-miss
200 silly fetch manifest mrmime@2.0.1
201 silly packumentCache full:https://registry.npmjs.org/mrmime cache-miss
202 silly fetch manifest semver@7.7.4
203 silly packumentCache full:https://registry.npmjs.org/semver cache-miss
204 silly fetch manifest undici@7.24.4
205 silly packumentCache full:https://registry.npmjs.org/undici cache-miss
206 silly fetch manifest esbuild@0.27.3
207 silly packumentCache full:https://registry.npmjs.org/esbuild cache-miss
208 http fetch GET 200 https://registry.npmjs.org/semver 52ms (cache revalidated)
209 silly packumentCache full:https://registry.npmjs.org/semver set size:233058 disposed:false
210 silly fetch manifest piscina@5.1.4
211 silly packumentCache full:https://registry.npmjs.org/piscina cache-miss
212 http fetch GET 200 https://registry.npmjs.org/listr2 56ms (cache revalidated)
213 silly packumentCache full:https://registry.npmjs.org/listr2 set size:1056609 disposed:false
214 silly fetch manifest beasties@0.4.1
215 silly packumentCache full:https://registry.npmjs.org/beasties cache-miss
216 http fetch GET 200 https://registry.npmjs.org/beasties 18ms (cache revalidated)
217 silly packumentCache full:https://registry.npmjs.org/beasties set size:48890 disposed:false
218 silly fetch manifest rolldown@1.0.0-rc.4
219 silly packumentCache full:https://registry.npmjs.org/rolldown cache-miss
220 http fetch GET 200 https://registry.npmjs.org/undici 190ms (cache updated)
221 silly packumentCache full:https://registry.npmjs.org/undici set size:undefined disposed:false
222 silly fetch manifest picomatch@4.0.4
223 silly packumentCache full:https://registry.npmjs.org/picomatch cache-miss
224 http fetch GET 200 https://registry.npmjs.org/picomatch 24ms (cache revalidated)
225 silly packumentCache full:https://registry.npmjs.org/picomatch set size:126376 disposed:false
226 silly fetch manifest watchpack@2.5.1
227 silly packumentCache full:https://registry.npmjs.org/watchpack cache-miss
228 http fetch GET 200 https://registry.npmjs.org/watchpack 24ms (cache revalidated)
229 silly packumentCache full:https://registry.npmjs.org/watchpack set size:144588 disposed:false
230 silly fetch manifest tinyglobby@0.2.15
231 silly packumentCache full:https://registry.npmjs.org/tinyglobby cache-miss
232 http fetch GET 200 https://registry.npmjs.org/mrmime 351ms (cache revalidated)
233 silly packumentCache full:https://registry.npmjs.org/mrmime set size:17044 disposed:false
234 silly fetch manifest @babel/core@7.29.0
235 silly packumentCache full:https://registry.npmjs.org/@babel%2fcore cache-miss
236 http fetch GET 200 https://registry.npmjs.org/sass 354ms (cache revalidated)
237 silly packumentCache full:https://registry.npmjs.org/sass set size:726244 disposed:false
238 silly fetch manifest browserslist@^4.26.0
239 silly packumentCache full:https://registry.npmjs.org/browserslist cache-miss
240 http fetch GET 200 https://registry.npmjs.org/tinyglobby 116ms (cache revalidated)
241 silly packumentCache full:https://registry.npmjs.org/tinyglobby set size:52660 disposed:false
242 silly fetch manifest jsonc-parser@3.3.1
243 silly packumentCache full:https://registry.npmjs.org/jsonc-parser cache-miss
244 http fetch GET 200 https://registry.npmjs.org/esbuild 378ms (cache revalidated)
245 silly packumentCache full:https://registry.npmjs.org/esbuild set size:1254708 disposed:false
246 silly fetch manifest magic-string@0.30.21
247 silly packumentCache full:https://registry.npmjs.org/magic-string cache-miss
248 http fetch GET 200 https://registry.npmjs.org/vite 427ms (cache revalidated)
249 silly packumentCache full:https://registry.npmjs.org/vite set size:38838042 disposed:false
250 silly fetch manifest @inquirer/confirm@5.1.21
251 silly packumentCache full:https://registry.npmjs.org/@inquirer%2fconfirm cache-miss
252 http fetch GET 200 https://registry.npmjs.org/browserslist 182ms (cache revalidated)
253 silly packumentCache full:https://registry.npmjs.org/browserslist set size:504681 disposed:false
254 silly fetch manifest https-proxy-agent@7.0.6
255 silly packumentCache full:https://registry.npmjs.org/https-proxy-agent cache-miss
256 http fetch GET 200 https://registry.npmjs.org/rolldown 470ms (cache revalidated)
257 silly packumentCache full:https://registry.npmjs.org/rolldown set size:3707856 disposed:false
258 silly fetch manifest source-map-support@0.5.21
259 silly packumentCache full:https://registry.npmjs.org/source-map-support cache-miss
260 http fetch GET 200 https://registry.npmjs.org/@babel%2fcore 209ms (cache revalidated)
261 silly packumentCache full:https://registry.npmjs.org/@babel%2fcore set size:768033 disposed:false
262 silly fetch manifest @ampproject/remapping@2.3.0
263 silly packumentCache full:https://registry.npmjs.org/@ampproject%2fremapping cache-miss
264 http fetch GET 200 https://registry.npmjs.org/jsonc-parser 199ms (cache revalidated)
265 silly packumentCache full:https://registry.npmjs.org/jsonc-parser set size:99919 disposed:false
266 silly fetch manifest istanbul-lib-instrument@6.0.3
267 silly packumentCache full:https://registry.npmjs.org/istanbul-lib-instrument cache-miss
268 http fetch GET 200 https://registry.npmjs.org/magic-string 197ms (cache revalidated)
269 silly packumentCache full:https://registry.npmjs.org/magic-string set size:331817 disposed:false
270 silly fetch manifest @vitejs/plugin-basic-ssl@2.1.4
271 silly packumentCache full:https://registry.npmjs.org/@vitejs%2fplugin-basic-ssl cache-miss
272 http fetch GET 200 https://registry.npmjs.org/https-proxy-agent 41ms (cache revalidated)
273 silly packumentCache full:https://registry.npmjs.org/https-proxy-agent set size:81258 disposed:false
274 silly fetch manifest @angular-devkit/architect@0.2102.11
275 silly packumentCache full:https://registry.npmjs.org/@angular-devkit%2farchitect cache-miss
276 http fetch GET 200 https://registry.npmjs.org/istanbul-lib-instrument 22ms (cache revalidated)
277 silly packumentCache full:https://registry.npmjs.org/istanbul-lib-instrument set size:219175 disposed:false
278 silly fetch manifest parse5-html-rewriting-stream@8.0.0
279 silly packumentCache full:https://registry.npmjs.org/parse5-html-rewriting-stream cache-miss
280 http fetch GET 200 https://registry.npmjs.org/source-map-support 32ms (cache revalidated)
281 silly packumentCache full:https://registry.npmjs.org/source-map-support set size:125488 disposed:false
282 silly fetch manifest @babel/helper-annotate-as-pure@7.27.3
283 silly packumentCache full:https://registry.npmjs.org/@babel%2fhelper-annotate-as-pure cache-miss
284 http fetch GET 200 https://registry.npmjs.org/@ampproject%2fremapping 30ms (cache revalidated)
285 silly packumentCache full:https://registry.npmjs.org/@ampproject%2fremapping set size:88598 disposed:false
286 silly fetch manifest @babel/helper-split-export-declaration@7.24.7
287 silly packumentCache full:https://registry.npmjs.org/@babel%2fhelper-split-export-declaration cache-miss
288 http fetch GET 200 https://registry.npmjs.org/@inquirer%2fconfirm 57ms (cache revalidated)
289 silly packumentCache full:https://registry.npmjs.org/@inquirer%2fconfirm set size:315999 disposed:false
290 silly fetch manifest lmdb@3.5.1
291 silly packumentCache full:https://registry.npmjs.org/lmdb cache-miss
292 http fetch GET 200 https://registry.npmjs.org/parse5-html-rewriting-stream 23ms (cache revalidated)
293 silly packumentCache full:https://registry.npmjs.org/parse5-html-rewriting-stream set size:23913 disposed:false
294 silly fetch manifest yargs@^18.0.0
295 silly packumentCache full:https://registry.npmjs.org/yargs cache-miss
296 http fetch GET 200 https://registry.npmjs.org/@babel%2fhelper-annotate-as-pure 27ms (cache revalidated)
297 silly packumentCache full:https://registry.npmjs.org/@babel%2fhelper-annotate-as-pure set size:175447 disposed:false
298 silly fetch manifest semver@^7.0.0
299 silly packumentCache full:https://registry.npmjs.org/semver cache-hit
300 silly fetch manifest chokidar@^5.0.0
301 silly packumentCache full:https://registry.npmjs.org/chokidar cache-miss
302 http fetch GET 200 https://registry.npmjs.org/@angular-devkit%2farchitect 35ms (cache revalidated)
303 silly packumentCache full:https://registry.npmjs.org/@angular-devkit%2farchitect set size:2150835 disposed:false
304 silly fetch manifest reflect-metadata@^0.2.0
305 silly packumentCache full:https://registry.npmjs.org/reflect-metadata cache-miss
306 http fetch GET 200 https://registry.npmjs.org/yargs 24ms (cache revalidated)
307 silly packumentCache full:https://registry.npmjs.org/yargs set size:743056 disposed:false
308 silly fetch manifest convert-source-map@^1.5.1
309 silly packumentCache full:https://registry.npmjs.org/convert-source-map cache-miss
310 http fetch GET 200 https://registry.npmjs.org/chokidar 30ms (cache revalidated)
311 silly packumentCache full:https://registry.npmjs.org/chokidar set size:255902 disposed:false
312 silly fetch manifest @jridgewell/sourcemap-codec@^1.4.14
313 silly packumentCache full:https://registry.npmjs.org/@jridgewell%2fsourcemap-codec cache-miss
314 http fetch GET 200 https://registry.npmjs.org/convert-source-map 25ms (cache revalidated)
315 silly packumentCache full:https://registry.npmjs.org/convert-source-map set size:66997 disposed:false
316 silly fetch manifest ini@6.0.0
317 silly packumentCache full:https://registry.npmjs.org/ini cache-miss
318 http fetch GET 200 https://registry.npmjs.org/ini 24ms (cache revalidated)
319 silly packumentCache full:https://registry.npmjs.org/ini set size:59180 disposed:false
320 silly fetch manifest zod@4.3.6
321 silly packumentCache full:https://registry.npmjs.org/zod cache-miss
322 http fetch GET 200 https://registry.npmjs.org/zod 35ms (cache revalidated)
323 silly packumentCache full:https://registry.npmjs.org/zod set size:3552562 disposed:false
324 silly fetch manifest yargs@18.0.0
325 silly packumentCache full:https://registry.npmjs.org/yargs cache-hit
326 silly fetch manifest pacote@21.3.1
327 silly packumentCache full:https://registry.npmjs.org/pacote cache-miss
328 http fetch GET 200 https://registry.npmjs.org/pacote 26ms (cache revalidated)
329 silly packumentCache full:https://registry.npmjs.org/pacote set size:760545 disposed:false
330 silly fetch manifest algoliasearch@5.48.1
331 silly packumentCache full:https://registry.npmjs.org/algoliasearch cache-miss
332 http fetch GET 200 https://registry.npmjs.org/algoliasearch 104ms (cache revalidated)
333 silly packumentCache full:https://registry.npmjs.org/algoliasearch set size:1787613 disposed:false
334 silly fetch manifest npm-package-arg@13.0.2
335 silly packumentCache full:https://registry.npmjs.org/npm-package-arg cache-miss
336 http fetch GET 200 https://registry.npmjs.org/@jridgewell%2fsourcemap-codec 250ms (cache revalidated)
337 silly packumentCache full:https://registry.npmjs.org/@jridgewell%2fsourcemap-codec set size:59275 disposed:false
338 silly fetch manifest @inquirer/prompts@7.10.1
339 silly packumentCache full:https://registry.npmjs.org/@inquirer%2fprompts cache-miss
340 http fetch GET 200 https://registry.npmjs.org/piscina 858ms (cache revalidated)
341 silly packumentCache full:https://registry.npmjs.org/piscina set size:198727 disposed:false
342 silly fetch manifest @yarnpkg/lockfile@1.1.0
343 silly packumentCache full:https://registry.npmjs.org/@yarnpkg%2flockfile cache-miss
344 http fetch GET 200 https://registry.npmjs.org/npm-package-arg 34ms (cache revalidated)
345 silly packumentCache full:https://registry.npmjs.org/npm-package-arg set size:131348 disposed:false
346 silly fetch manifest @schematics/angular@21.2.11
347 silly packumentCache full:https://registry.npmjs.org/@schematics%2fangular cache-miss
348 http fetch GET 200 https://registry.npmjs.org/@vitejs%2fplugin-basic-ssl 334ms (cache revalidated)
349 silly packumentCache full:https://registry.npmjs.org/@vitejs%2fplugin-basic-ssl set size:45104 disposed:false
350 silly fetch manifest @angular-devkit/core@21.2.11
351 silly packumentCache full:https://registry.npmjs.org/@angular-devkit%2fcore cache-miss
352 http fetch GET 200 https://registry.npmjs.org/@inquirer%2fprompts 34ms (cache revalidated)
353 silly packumentCache full:https://registry.npmjs.org/@inquirer%2fprompts set size:323131 disposed:false
354 silly fetch manifest @modelcontextprotocol/sdk@1.26.0
355 silly packumentCache full:https://registry.npmjs.org/@modelcontextprotocol%2fsdk cache-miss
356 http fetch GET 200 https://registry.npmjs.org/lmdb 345ms (cache revalidated)
357 silly packumentCache full:https://registry.npmjs.org/lmdb set size:972150 disposed:false
358 silly fetch manifest @angular-devkit/schematics@21.2.11
359 silly packumentCache full:https://registry.npmjs.org/@angular-devkit%2fschematics cache-miss
360 http fetch GET 200 https://registry.npmjs.org/reflect-metadata 328ms (cache revalidated)
361 silly packumentCache full:https://registry.npmjs.org/reflect-metadata set size:61305 disposed:false
362 silly fetch manifest @listr2/prompt-adapter-inquirer@3.0.5
363 silly packumentCache full:https://registry.npmjs.org/@listr2%2fprompt-adapter-inquirer cache-miss
364 http fetch GET 200 https://registry.npmjs.org/@modelcontextprotocol%2fsdk 33ms (cache revalidated)
365 silly packumentCache full:https://registry.npmjs.org/@modelcontextprotocol%2fsdk set size:295652 disposed:false
366 silly fetch manifest @standard-schema/spec@^1.0.0
367 silly packumentCache full:https://registry.npmjs.org/@standard-schema%2fspec cache-miss
368 http fetch GET 200 https://registry.npmjs.org/@listr2%2fprompt-adapter-inquirer 32ms (cache revalidated)
369 silly packumentCache full:https://registry.npmjs.org/@listr2%2fprompt-adapter-inquirer set size:128897 disposed:false
370 silly fetch manifest saxes@^6.0.0
371 silly packumentCache full:https://registry.npmjs.org/saxes cache-miss
372 http fetch GET 200 https://registry.npmjs.org/@angular-devkit%2fschematics 47ms (cache revalidated)
373 silly packumentCache full:https://registry.npmjs.org/@angular-devkit%2fschematics set size:2303419 disposed:false
374 silly fetch manifest parse5@^8.0.0
375 silly packumentCache full:https://registry.npmjs.org/parse5 cache-miss
376 http fetch GET 200 https://registry.npmjs.org/saxes 19ms (cache revalidated)
377 silly packumentCache full:https://registry.npmjs.org/saxes set size:228593 disposed:false
378 silly fetch manifest undici@^7.21.0
379 silly packumentCache full:https://registry.npmjs.org/undici cache-miss
380 http cache https://registry.npmjs.org/undici 3ms (cache hit)
381 silly packumentCache full:https://registry.npmjs.org/undici set size:1412963 disposed:false
382 silly fetch manifest cssstyle@^6.0.1
383 silly packumentCache full:https://registry.npmjs.org/cssstyle cache-miss
384 http fetch GET 200 https://registry.npmjs.org/parse5 27ms (cache revalidated)
385 silly packumentCache full:https://registry.npmjs.org/parse5 set size:123116 disposed:false
386 silly fetch manifest data-urls@^7.0.0
387 silly packumentCache full:https://registry.npmjs.org/data-urls cache-miss
388 http fetch GET 200 https://registry.npmjs.org/cssstyle 22ms (cache revalidated)
389 silly packumentCache full:https://registry.npmjs.org/cssstyle set size:165320 disposed:false
390 silly fetch manifest decimal.js@^10.6.0
391 silly packumentCache full:https://registry.npmjs.org/decimal.js cache-miss
392 http fetch GET 200 https://registry.npmjs.org/data-urls 25ms (cache revalidated)
393 silly packumentCache full:https://registry.npmjs.org/data-urls set size:37311 disposed:false
394 silly fetch manifest whatwg-url@^16.0.0
395 silly packumentCache full:https://registry.npmjs.org/whatwg-url cache-miss
396 http fetch GET 200 https://registry.npmjs.org/decimal.js 21ms (cache revalidated)
397 silly packumentCache full:https://registry.npmjs.org/decimal.js set size:107790 disposed:false
398 silly fetch manifest symbol-tree@^3.2.4
399 silly packumentCache full:https://registry.npmjs.org/symbol-tree cache-miss
400 http fetch GET 200 https://registry.npmjs.org/symbol-tree 21ms (cache revalidated)
401 silly packumentCache full:https://registry.npmjs.org/symbol-tree set size:60614 disposed:false
402 silly fetch manifest tough-cookie@^6.0.0
403 silly packumentCache full:https://registry.npmjs.org/tough-cookie cache-miss
404 http fetch GET 200 https://registry.npmjs.org/tough-cookie 21ms (cache revalidated)
405 silly packumentCache full:https://registry.npmjs.org/tough-cookie set size:149007 disposed:false
406 silly fetch manifest @acemir/cssom@^0.9.31
407 silly packumentCache full:https://registry.npmjs.org/@acemir%2fcssom cache-miss
408 http fetch GET 200 https://registry.npmjs.org/@acemir%2fcssom 32ms (cache revalidated)
409 silly packumentCache full:https://registry.npmjs.org/@acemir%2fcssom set size:54817 disposed:false
410 silly fetch manifest @exodus/bytes@^1.11.0
411 silly packumentCache full:https://registry.npmjs.org/@exodus%2fbytes cache-miss
412 http fetch GET 200 https://registry.npmjs.org/@schematics%2fangular 244ms (cache revalidated)
413 silly packumentCache full:https://registry.npmjs.org/@schematics%2fangular set size:2360292 disposed:false
414 silly fetch manifest whatwg-mimetype@^5.0.0
415 silly packumentCache full:https://registry.npmjs.org/whatwg-mimetype cache-miss
416 http fetch GET 200 https://registry.npmjs.org/@yarnpkg%2flockfile 263ms (cache revalidated)
417 silly packumentCache full:https://registry.npmjs.org/@yarnpkg%2flockfile set size:8937 disposed:false
418 silly fetch manifest http-proxy-agent@^7.0.2
419 silly packumentCache full:https://registry.npmjs.org/http-proxy-agent cache-miss
420 http fetch GET 200 https://registry.npmjs.org/@exodus%2fbytes 40ms (cache revalidated)
421 silly packumentCache full:https://registry.npmjs.org/@exodus%2fbytes set size:198066 disposed:false
422 silly fetch manifest https-proxy-agent@^7.0.6
423 silly packumentCache full:https://registry.npmjs.org/https-proxy-agent cache-hit
424 silly fetch manifest w3c-xmlserializer@^5.0.0
425 silly packumentCache full:https://registry.npmjs.org/w3c-xmlserializer cache-miss
426 http fetch GET 200 https://registry.npmjs.org/whatwg-mimetype 27ms (cache revalidated)
427 silly packumentCache full:https://registry.npmjs.org/whatwg-mimetype set size:28179 disposed:false
428 silly fetch manifest webidl-conversions@^8.0.1
429 silly packumentCache full:https://registry.npmjs.org/webidl-conversions cache-miss
430 http fetch GET 200 https://registry.npmjs.org/http-proxy-agent 27ms (cache revalidated)
431 silly packumentCache full:https://registry.npmjs.org/http-proxy-agent set size:54849 disposed:false
432 silly fetch manifest xml-name-validator@^5.0.0
433 silly packumentCache full:https://registry.npmjs.org/xml-name-validator cache-miss
434 http fetch GET 200 https://registry.npmjs.org/w3c-xmlserializer 21ms (cache revalidated)
435 silly packumentCache full:https://registry.npmjs.org/w3c-xmlserializer set size:36375 disposed:false
436 silly fetch manifest @bramus/specificity@^2.4.2
437 silly packumentCache full:https://registry.npmjs.org/@bramus%2fspecificity cache-miss
438 http fetch GET 200 https://registry.npmjs.org/xml-name-validator 29ms (cache revalidated)
439 silly packumentCache full:https://registry.npmjs.org/xml-name-validator set size:11085 disposed:false
440 silly fetch manifest html-encoding-sniffer@^6.0.0
441 silly packumentCache full:https://registry.npmjs.org/html-encoding-sniffer cache-miss
442 http fetch GET 200 https://registry.npmjs.org/webidl-conversions 34ms (cache revalidated)
443 silly packumentCache full:https://registry.npmjs.org/webidl-conversions set size:46073 disposed:false
444 silly fetch manifest @asamuzakjp/dom-selector@^6.8.1
445 silly packumentCache full:https://registry.npmjs.org/@asamuzakjp%2fdom-selector cache-miss
446 http fetch GET 200 https://registry.npmjs.org/html-encoding-sniffer 23ms (cache revalidated)
447 silly packumentCache full:https://registry.npmjs.org/html-encoding-sniffer set size:23370 disposed:false
448 silly fetch manifest is-potential-custom-element-name@^1.0.1
449 silly packumentCache full:https://registry.npmjs.org/is-potential-custom-element-name cache-miss
450 http fetch GET 200 https://registry.npmjs.org/is-potential-custom-element-name 22ms (cache revalidated)
451 silly packumentCache full:https://registry.npmjs.org/is-potential-custom-element-name set size:6810 disposed:false
452 silly fetch manifest es-module-lexer@^2.0.0
453 silly packumentCache full:https://registry.npmjs.org/es-module-lexer cache-miss
454 http fetch GET 200 https://registry.npmjs.org/whatwg-url 243ms (cache revalidated)
455 silly packumentCache full:https://registry.npmjs.org/whatwg-url set size:170765 disposed:false
456 silly fetch manifest expect-type@^1.3.0
457 silly packumentCache full:https://registry.npmjs.org/expect-type cache-miss
458 http fetch GET 200 https://registry.npmjs.org/es-module-lexer 115ms (cache revalidated)
459 silly packumentCache full:https://registry.npmjs.org/es-module-lexer set size:205389 disposed:false
460 silly fetch manifest magic-string@^0.30.21
461 silly packumentCache full:https://registry.npmjs.org/magic-string cache-hit
462 silly fetch manifest obug@^2.1.1
463 silly packumentCache full:https://registry.npmjs.org/obug cache-miss
464 http fetch GET 200 https://registry.npmjs.org/@standard-schema%2fspec 425ms (cache revalidated)
465 silly packumentCache full:https://registry.npmjs.org/@standard-schema%2fspec set size:27284 disposed:false
466 silly fetch manifest pathe@^2.0.3
467 silly packumentCache full:https://registry.npmjs.org/pathe cache-miss
468 http fetch GET 200 https://registry.npmjs.org/expect-type 114ms (cache revalidated)
469 silly packumentCache full:https://registry.npmjs.org/expect-type set size:185336 disposed:false
470 silly fetch manifest picomatch@^4.0.3
471 silly packumentCache full:https://registry.npmjs.org/picomatch cache-hit
472 silly fetch manifest std-env@^4.0.0-rc.1
473 silly packumentCache full:https://registry.npmjs.org/std-env cache-miss
474 http fetch GET 200 https://registry.npmjs.org/pathe 25ms (cache revalidated)
475 silly packumentCache full:https://registry.npmjs.org/pathe set size:68788 disposed:false
476 silly fetch manifest tinybench@^2.9.0
477 silly packumentCache full:https://registry.npmjs.org/tinybench cache-miss
478 http fetch GET 200 https://registry.npmjs.org/obug 30ms (cache revalidated)
479 silly packumentCache full:https://registry.npmjs.org/obug set size:37457 disposed:false
480 silly fetch manifest tinyexec@^1.0.2
481 silly packumentCache full:https://registry.npmjs.org/tinyexec cache-miss
482 http fetch GET 200 https://registry.npmjs.org/std-env 26ms (cache revalidated)
483 silly packumentCache full:https://registry.npmjs.org/std-env set size:88574 disposed:false
484 silly fetch manifest tinyglobby@^0.2.15
485 silly packumentCache full:https://registry.npmjs.org/tinyglobby cache-hit
486 silly fetch manifest tinyrainbow@^3.1.0
487 silly packumentCache full:https://registry.npmjs.org/tinyrainbow cache-miss
488 http fetch GET 200 https://registry.npmjs.org/@bramus%2fspecificity 243ms (cache revalidated)
489 silly packumentCache full:https://registry.npmjs.org/@bramus%2fspecificity set size:99385 disposed:false
490 silly fetch manifest vite@^6.0.0 || ^7.0.0 || ^8.0.0
491 silly packumentCache full:https://registry.npmjs.org/vite cache-miss
492 http fetch GET 200 https://registry.npmjs.org/@babel%2fhelper-split-export-declaration 865ms (cache revalidated)
493 silly packumentCache full:https://registry.npmjs.org/@babel%2fhelper-split-export-declaration set size:132747 disposed:false
494 silly fetch manifest why-is-node-running@^2.3.0
495 silly packumentCache full:https://registry.npmjs.org/why-is-node-running cache-miss
496 http fetch GET 200 https://registry.npmjs.org/tinyexec 27ms (cache revalidated)
497 silly packumentCache full:https://registry.npmjs.org/tinyexec set size:51809 disposed:false
498 silly fetch manifest @vitest/mocker@4.1.6
499 silly packumentCache full:https://registry.npmjs.org/@vitest%2fmocker cache-miss
500 http fetch GET 200 https://registry.npmjs.org/tinybench 32ms (cache revalidated)
501 silly packumentCache full:https://registry.npmjs.org/tinybench set size:145657 disposed:false
502 silly fetch manifest @vitest/pretty-format@4.1.6
503 silly packumentCache full:https://registry.npmjs.org/@vitest%2fpretty-format cache-miss
504 http cache https://registry.npmjs.org/vite 56ms (cache hit)
505 silly packumentCache full:https://registry.npmjs.org/vite set size:38838042 disposed:false
506 silly fetch manifest @vitest/runner@4.1.6
507 silly packumentCache full:https://registry.npmjs.org/@vitest%2frunner cache-miss
508 http fetch GET 200 https://registry.npmjs.org/tinyrainbow 173ms (cache revalidated)
509 silly packumentCache full:https://registry.npmjs.org/tinyrainbow set size:23953 disposed:false
510 silly fetch manifest @vitest/expect@4.1.6
511 silly packumentCache full:https://registry.npmjs.org/@vitest%2fexpect cache-miss
512 http fetch GET 200 https://registry.npmjs.org/@vitest%2fpretty-format 162ms (cache revalidated)
513 silly packumentCache full:https://registry.npmjs.org/@vitest%2fpretty-format set size:255889 disposed:false
514 silly fetch manifest @vitest/snapshot@4.1.6
515 silly packumentCache full:https://registry.npmjs.org/@vitest%2fsnapshot cache-miss
516 http fetch GET 200 https://registry.npmjs.org/@vitest%2fmocker 165ms (cache revalidated)
517 silly packumentCache full:https://registry.npmjs.org/@vitest%2fmocker set size:293724 disposed:false
518 silly fetch manifest @vitest/utils@4.1.6
519 silly packumentCache full:https://registry.npmjs.org/@vitest%2futils cache-miss
520 http fetch GET 200 https://registry.npmjs.org/why-is-node-running 167ms (cache revalidated)
521 silly packumentCache full:https://registry.npmjs.org/why-is-node-running set size:50482 disposed:false
522 silly fetch manifest @vitest/spy@4.1.6
523 silly packumentCache full:https://registry.npmjs.org/@vitest%2fspy cache-miss
524 http fetch GET 200 https://registry.npmjs.org/@vitest%2fexpect 38ms (cache revalidated)
525 silly packumentCache full:https://registry.npmjs.org/@vitest%2fexpect set size:457705 disposed:false
526 http fetch GET 200 https://registry.npmjs.org/@vitest%2fspy 38ms (cache revalidated)
527 silly packumentCache full:https://registry.npmjs.org/@vitest%2fspy set size:423633 disposed:false
528 http fetch GET 200 https://registry.npmjs.org/@vitest%2futils 41ms (cache revalidated)
529 silly packumentCache full:https://registry.npmjs.org/@vitest%2futils set size:544950 disposed:false
530 http fetch GET 200 https://registry.npmjs.org/@vitest%2fsnapshot 44ms (cache revalidated)
531 silly packumentCache full:https://registry.npmjs.org/@vitest%2fsnapshot set size:431933 disposed:false
532 http fetch GET 200 https://registry.npmjs.org/@asamuzakjp%2fdom-selector 578ms (cache revalidated)
533 silly packumentCache full:https://registry.npmjs.org/@asamuzakjp%2fdom-selector set size:627052 disposed:false
534 http fetch GET 200 https://registry.npmjs.org/@vitest%2frunner 297ms (cache revalidated)
535 silly packumentCache full:https://registry.npmjs.org/@vitest%2frunner set size:444965 disposed:false
536 http fetch GET 200 https://registry.npmjs.org/@angular-devkit%2fcore 1084ms (cache revalidated)
537 silly packumentCache full:https://registry.npmjs.org/@angular-devkit%2fcore set size:2351615 disposed:false
538 silly fetch manifest @types/node@^20.19.0 || >=22.12.0
539 silly packumentCache full:https://registry.npmjs.org/@types%2fnode cache-miss
540 http cache https://registry.npmjs.org/@types%2fnode 25ms (cache hit)
541 silly packumentCache full:https://registry.npmjs.org/@types%2fnode set size:11008407 disposed:false
542 silly fetch manifest jiti@>=1.21.0
543 silly packumentCache full:https://registry.npmjs.org/jiti cache-miss
544 http fetch GET 200 https://registry.npmjs.org/jiti 22ms (cache revalidated)
545 silly packumentCache full:https://registry.npmjs.org/jiti set size:387989 disposed:false
546 silly fetch manifest lightningcss@^1.21.0
547 silly packumentCache full:https://registry.npmjs.org/lightningcss cache-miss
548 http fetch GET 200 https://registry.npmjs.org/lightningcss 20ms (cache revalidated)
549 silly packumentCache full:https://registry.npmjs.org/lightningcss set size:186753 disposed:false
550 silly fetch manifest sass-embedded@^1.70.0
551 silly packumentCache full:https://registry.npmjs.org/sass-embedded cache-miss
552 http fetch GET 200 https://registry.npmjs.org/sass-embedded 24ms (cache revalidated)
553 silly packumentCache full:https://registry.npmjs.org/sass-embedded set size:415594 disposed:false
554 silly fetch manifest stylus@>=0.54.8
555 silly packumentCache full:https://registry.npmjs.org/stylus cache-miss
556 http fetch GET 200 https://registry.npmjs.org/stylus 25ms (cache revalidated)
557 silly packumentCache full:https://registry.npmjs.org/stylus set size:286766 disposed:false
558 silly fetch manifest sugarss@^5.0.0
559 silly packumentCache full:https://registry.npmjs.org/sugarss cache-miss
560 http fetch GET 200 https://registry.npmjs.org/sugarss 29ms (cache revalidated)
561 silly packumentCache full:https://registry.npmjs.org/sugarss set size:44975 disposed:false
562 silly fetch manifest terser@^5.16.0
563 silly packumentCache full:https://registry.npmjs.org/terser cache-miss
564 http fetch GET 200 https://registry.npmjs.org/terser 23ms (cache revalidated)
565 silly packumentCache full:https://registry.npmjs.org/terser set size:800268 disposed:false
566 silly fetch manifest tsx@^4.8.1
567 silly packumentCache full:https://registry.npmjs.org/tsx cache-miss
568 http fetch GET 200 https://registry.npmjs.org/tsx 87ms (cache updated)
569 silly packumentCache full:https://registry.npmjs.org/tsx set size:undefined disposed:false
570 silly fetch manifest yaml@^2.4.2
571 silly packumentCache full:https://registry.npmjs.org/yaml cache-miss
572 http fetch GET 200 https://registry.npmjs.org/yaml 103ms (cache revalidated)
573 silly packumentCache full:https://registry.npmjs.org/yaml set size:385754 disposed:false
574 silly fetch manifest @types/node@>=18
575 silly packumentCache full:https://registry.npmjs.org/@types%2fnode cache-miss
576 http cache https://registry.npmjs.org/@types%2fnode 26ms (cache hit)
577 silly packumentCache full:https://registry.npmjs.org/@types%2fnode set size:11008407 disposed:false
578 silly placeDep ROOT @ampproject/remapping@2.3.0 OK for: @angular/build@21.2.11 want: 2.3.0
579 silly placeDep ROOT @angular-devkit/architect@0.2102.11 OK for: @angular/build@21.2.11 want: 0.2102.11
580 silly placeDep ROOT @babel/core@7.29.0 OK for: @angular/build@21.2.11 want: 7.29.0
581 silly placeDep ROOT @babel/helper-annotate-as-pure@7.27.3 OK for: @angular/build@21.2.11 want: 7.27.3
582 silly placeDep ROOT @babel/helper-split-export-declaration@7.24.7 OK for: @angular/build@21.2.11 want: 7.24.7
583 silly placeDep ROOT @inquirer/confirm@5.1.21 OK for: @angular/build@21.2.11 want: 5.1.21
584 silly placeDep ROOT @vitejs/plugin-basic-ssl@2.1.4 OK for: @angular/build@21.2.11 want: 2.1.4
585 silly placeDep ROOT vite@7.3.2 OK for: @vitejs/plugin-basic-ssl@2.1.4 want: ^6.0.0 || ^7.0.0
586 silly placeDep ROOT beasties@0.4.1 OK for: @angular/build@21.2.11 want: 0.4.1
587 silly placeDep ROOT browserslist@4.28.2 OK for: @angular/build@21.2.11 want: ^4.26.0
588 silly placeDep ROOT esbuild@0.27.3 OK for: @angular/build@21.2.11 want: 0.27.3
589 silly placeDep ROOT https-proxy-agent@7.0.6 OK for: @angular/build@21.2.11 want: 7.0.6
590 silly placeDep ROOT istanbul-lib-instrument@6.0.3 OK for: @angular/build@21.2.11 want: 6.0.3
591 silly placeDep ROOT jsonc-parser@3.3.1 OK for: @angular/build@21.2.11 want: 3.3.1
592 silly placeDep ROOT listr2@9.0.5 OK for: @angular/build@21.2.11 want: 9.0.5
593 silly placeDep ROOT lmdb@3.5.1 OK for: @angular/build@21.2.11 want: 3.5.1
594 silly placeDep ROOT magic-string@0.30.21 OK for: @angular/build@21.2.11 want: 0.30.21
595 silly placeDep ROOT mrmime@2.0.1 OK for: @angular/build@21.2.11 want: 2.0.1
596 silly placeDep ROOT parse5-html-rewriting-stream@8.0.0 OK for: @angular/build@21.2.11 want: 8.0.0
597 silly placeDep ROOT picomatch@4.0.4 OK for: @angular/build@21.2.11 want: 4.0.4
598 silly placeDep ROOT piscina@5.1.4 OK for: @angular/build@21.2.11 want: 5.1.4
599 silly placeDep ROOT rolldown@1.0.0-rc.4 OK for: @angular/build@21.2.11 want: 1.0.0-rc.4
600 silly placeDep ROOT sass@1.97.3 OK for: @angular/build@21.2.11 want: 1.97.3
601 silly placeDep ROOT semver@7.7.4 OK for: @angular/build@21.2.11 want: 7.7.4
602 silly placeDep ROOT source-map-support@0.5.21 OK for: @angular/build@21.2.11 want: 0.5.21
603 silly placeDep ROOT tinyglobby@0.2.15 OK for: @angular/build@21.2.11 want: 0.2.15
604 silly placeDep ROOT undici@7.24.4 OK for: @angular/build@21.2.11 want: 7.24.4
605 silly placeDep ROOT watchpack@2.5.1 OK for: @angular/build@21.2.11 want: 2.5.1
606 silly fetch manifest @jridgewell/gen-mapping@^0.3.5
607 silly packumentCache full:https://registry.npmjs.org/@jridgewell%2fgen-mapping cache-miss
608 silly fetch manifest @jridgewell/trace-mapping@^0.3.24
609 silly packumentCache full:https://registry.npmjs.org/@jridgewell%2ftrace-mapping cache-miss
610 silly fetch manifest debug@^4.1.0
611 silly packumentCache full:https://registry.npmjs.org/debug cache-miss
612 silly fetch manifest json5@^2.2.3
613 silly packumentCache full:https://registry.npmjs.org/json5 cache-miss
614 silly fetch manifest semver@^6.3.1
615 silly packumentCache full:https://registry.npmjs.org/semver cache-hit
616 silly fetch manifest gensync@^1.0.0-beta.2
617 silly packumentCache full:https://registry.npmjs.org/gensync cache-miss
618 silly fetch manifest @babel/types@^7.29.0
619 silly packumentCache full:https://registry.npmjs.org/@babel%2ftypes cache-miss
620 silly fetch manifest @babel/parser@^7.29.0
621 silly packumentCache full:https://registry.npmjs.org/@babel%2fparser cache-miss
622 http fetch GET 200 https://registry.npmjs.org/gensync 23ms (cache revalidated)
623 silly packumentCache full:https://registry.npmjs.org/gensync set size:15068 disposed:false
624 silly fetch manifest @babel/helpers@^7.28.6
625 silly packumentCache full:https://registry.npmjs.org/@babel%2fhelpers cache-miss
626 http fetch GET 200 https://registry.npmjs.org/debug 26ms (cache revalidated)
627 silly packumentCache full:https://registry.npmjs.org/debug set size:195840 disposed:false
628 silly fetch manifest @babel/template@^7.28.6
629 silly packumentCache full:https://registry.npmjs.org/@babel%2ftemplate cache-miss
630 http fetch GET 200 https://registry.npmjs.org/json5 27ms (cache revalidated)
631 silly packumentCache full:https://registry.npmjs.org/json5 set size:86136 disposed:false
632 silly fetch manifest @babel/traverse@^7.29.0
633 silly packumentCache full:https://registry.npmjs.org/@babel%2ftraverse cache-miss
634 http fetch GET 200 https://registry.npmjs.org/@jridgewell%2ftrace-mapping 31ms (cache revalidated)
635 silly packumentCache full:https://registry.npmjs.org/@jridgewell%2ftrace-mapping set size:170909 disposed:false
636 silly fetch manifest @babel/generator@^7.29.0
637 silly packumentCache full:https://registry.npmjs.org/@babel%2fgenerator cache-miss
638 http fetch GET 200 https://registry.npmjs.org/@jridgewell%2fgen-mapping 32ms (cache revalidated)
639 silly packumentCache full:https://registry.npmjs.org/@jridgewell%2fgen-mapping set size:80719 disposed:false
640 silly fetch manifest @babel/code-frame@^7.29.0
641 silly packumentCache full:https://registry.npmjs.org/@babel%2fcode-frame cache-miss
642 http fetch GET 200 https://registry.npmjs.org/@babel%2fparser 32ms (cache revalidated)
643 silly packumentCache full:https://registry.npmjs.org/@babel%2fparser set size:725652 disposed:false
644 silly fetch manifest convert-source-map@^2.0.0
645 silly packumentCache full:https://registry.npmjs.org/convert-source-map cache-hit
646 silly fetch manifest @jridgewell/remapping@^2.3.5
647 silly packumentCache full:https://registry.npmjs.org/@jridgewell%2fremapping cache-miss
648 http fetch GET 200 https://registry.npmjs.org/@babel%2ftypes 36ms (cache revalidated)
649 silly packumentCache full:https://registry.npmjs.org/@babel%2ftypes set size:491978 disposed:false
650 silly fetch manifest @babel/helper-module-transforms@^7.28.6
651 silly packumentCache full:https://registry.npmjs.org/@babel%2fhelper-module-transforms cache-miss
652 http fetch GET 200 https://registry.npmjs.org/@babel%2fhelpers 27ms (cache revalidated)
653 silly packumentCache full:https://registry.npmjs.org/@babel%2fhelpers set size:392204 disposed:false
654 silly fetch manifest @babel/helper-compilation-targets@^7.28.6
655 silly packumentCache full:https://registry.npmjs.org/@babel%2fhelper-compilation-targets cache-miss
656 http fetch GET 200 https://registry.npmjs.org/@babel%2fgenerator 37ms (cache revalidated)
657 silly packumentCache full:https://registry.npmjs.org/@babel%2fgenerator set size:511498 disposed:false
658 silly fetch manifest @babel/types@^7.27.3
659 silly packumentCache full:https://registry.npmjs.org/@babel%2ftypes cache-hit
660 silly fetch manifest @babel/types@^7.24.7
661 silly packumentCache full:https://registry.npmjs.org/@babel%2ftypes cache-hit
662 silly fetch manifest @inquirer/core@^10.3.2
663 silly packumentCache full:https://registry.npmjs.org/@inquirer%2fcore cache-miss
664 http fetch GET 200 https://registry.npmjs.org/@babel%2fhelper-module-transforms 33ms (cache revalidated)
665 silly packumentCache full:https://registry.npmjs.org/@babel%2fhelper-module-transforms set size:337711 disposed:false
666 silly fetch manifest @inquirer/type@^3.0.10
667 silly packumentCache full:https://registry.npmjs.org/@inquirer%2ftype cache-miss
668 http fetch GET 200 https://registry.npmjs.org/@jridgewell%2fremapping 37ms (cache revalidated)
669 silly packumentCache full:https://registry.npmjs.org/@jridgewell%2fremapping set size:23809 disposed:false
670 silly fetch manifest fdir@^6.5.0
671 silly packumentCache full:https://registry.npmjs.org/fdir cache-miss
672 http fetch GET 200 https://registry.npmjs.org/@babel%2ftemplate 47ms (cache revalidated)
673 silly packumentCache full:https://registry.npmjs.org/@babel%2ftemplate set size:231020 disposed:false
674 silly fetch manifest rollup@^4.43.0
675 silly packumentCache full:https://registry.npmjs.org/rollup cache-miss
676 http fetch GET 200 https://registry.npmjs.org/@babel%2fhelper-compilation-targets 32ms (cache revalidated)
677 silly packumentCache full:https://registry.npmjs.org/@babel%2fhelper-compilation-targets set size:222906 disposed:false
678 silly fetch manifest esbuild@^0.27.0
679 silly packumentCache full:https://registry.npmjs.org/esbuild cache-miss
680 http cache https://registry.npmjs.org/esbuild 2ms (cache hit)
681 silly packumentCache full:https://registry.npmjs.org/esbuild set size:1254708 disposed:false
682 silly fetch manifest postcss@^8.5.6
683 silly packumentCache full:https://registry.npmjs.org/postcss cache-hit
684 silly fetch manifest fsevents@~2.3.3
685 silly packumentCache full:https://registry.npmjs.org/fsevents cache-miss
686 http fetch GET 200 https://registry.npmjs.org/fdir 21ms (cache revalidated)
687 silly packumentCache full:https://registry.npmjs.org/fdir set size:136182 disposed:false
688 silly fetch manifest postcss@^8.4.49
689 silly packumentCache full:https://registry.npmjs.org/postcss cache-hit
690 silly fetch manifest css-what@^7.0.0
691 silly packumentCache full:https://registry.npmjs.org/css-what cache-miss
692 http fetch GET 200 https://registry.npmjs.org/@inquirer%2fcore 35ms (cache revalidated)
693 silly packumentCache full:https://registry.npmjs.org/@inquirer%2fcore set size:347868 disposed:false
694 silly fetch manifest css-select@^6.0.0
695 silly packumentCache full:https://registry.npmjs.org/css-select cache-miss
696 http fetch GET 200 https://registry.npmjs.org/@inquirer%2ftype 36ms (cache revalidated)
697 silly packumentCache full:https://registry.npmjs.org/@inquirer%2ftype set size:115206 disposed:false
698 silly fetch manifest domhandler@^5.0.3
699 silly packumentCache full:https://registry.npmjs.org/domhandler cache-miss
700 http fetch GET 200 https://registry.npmjs.org/fsevents 21ms (cache revalidated)
701 silly packumentCache full:https://registry.npmjs.org/fsevents set size:182472 disposed:false
702 silly fetch manifest picocolors@^1.1.1
703 silly packumentCache full:https://registry.npmjs.org/picocolors cache-miss
704 http fetch GET 200 https://registry.npmjs.org/css-what 26ms (cache revalidated)
705 silly packumentCache full:https://registry.npmjs.org/css-what set size:81721 disposed:false
706 silly fetch manifest htmlparser2@^10.0.0
707 silly packumentCache full:https://registry.npmjs.org/htmlparser2 cache-miss
708 http fetch GET 200 https://registry.npmjs.org/css-select 21ms (cache revalidated)
709 silly packumentCache full:https://registry.npmjs.org/css-select set size:111202 disposed:false
710 silly fetch manifest dom-serializer@^2.0.0
711 silly packumentCache full:https://registry.npmjs.org/dom-serializer cache-miss
712 http fetch GET 200 https://registry.npmjs.org/domhandler 24ms (cache revalidated)
713 silly packumentCache full:https://registry.npmjs.org/domhandler set size:78187 disposed:false
714 silly fetch manifest postcss-safe-parser@^7.0.1
715 silly packumentCache full:https://registry.npmjs.org/postcss-safe-parser cache-miss
716 http fetch GET 200 https://registry.npmjs.org/picocolors 21ms (cache revalidated)
717 silly packumentCache full:https://registry.npmjs.org/picocolors set size:16648 disposed:false
718 silly fetch manifest postcss-media-query-parser@^0.2.3
719 silly packumentCache full:https://registry.npmjs.org/postcss-media-query-parser cache-miss
720 http fetch GET 200 https://registry.npmjs.org/dom-serializer 25ms (cache revalidated)
721 silly packumentCache full:https://registry.npmjs.org/dom-serializer set size:61296 disposed:false
722 silly fetch manifest baseline-browser-mapping@^2.10.12
723 silly packumentCache full:https://registry.npmjs.org/baseline-browser-mapping cache-miss
724 http fetch GET 200 https://registry.npmjs.org/postcss-media-query-parser 22ms (cache revalidated)
725 silly packumentCache full:https://registry.npmjs.org/postcss-media-query-parser set size:18322 disposed:false
726 silly fetch manifest caniuse-lite@^1.0.30001782
727 silly packumentCache full:https://registry.npmjs.org/caniuse-lite cache-miss
728 http fetch GET 200 https://registry.npmjs.org/caniuse-lite 24ms (cache revalidated)
729 silly packumentCache full:https://registry.npmjs.org/caniuse-lite set size:2291079 disposed:false
730 silly fetch manifest electron-to-chromium@^1.5.328
731 silly packumentCache full:https://registry.npmjs.org/electron-to-chromium cache-miss
732 http fetch GET 200 https://registry.npmjs.org/@babel%2fcode-frame 371ms (cache revalidated)
733 silly packumentCache full:https://registry.npmjs.org/@babel%2fcode-frame set size:200237 disposed:false
734 silly fetch manifest node-releases@^2.0.36
735 silly packumentCache full:https://registry.npmjs.org/node-releases cache-miss
736 http fetch GET 200 https://registry.npmjs.org/htmlparser2 288ms (cache revalidated)
737 silly packumentCache full:https://registry.npmjs.org/htmlparser2 set size:176911 disposed:false
738 silly fetch manifest update-browserslist-db@^1.2.3
739 silly packumentCache full:https://registry.npmjs.org/update-browserslist-db cache-miss
740 http fetch GET 200 https://registry.npmjs.org/baseline-browser-mapping 267ms (cache revalidated)
741 silly packumentCache full:https://registry.npmjs.org/baseline-browser-mapping set size:479134 disposed:false
742 silly fetch manifest @esbuild/aix-ppc64@0.27.3
743 silly packumentCache full:https://registry.npmjs.org/@esbuild%2faix-ppc64 cache-miss
744 http fetch GET 200 https://registry.npmjs.org/postcss-safe-parser 323ms (cache revalidated)
745 silly packumentCache full:https://registry.npmjs.org/postcss-safe-parser set size:49104 disposed:false
746 silly fetch manifest @esbuild/linux-arm@0.27.3
747 silly packumentCache full:https://registry.npmjs.org/@esbuild%2flinux-arm cache-miss
748 http fetch GET 200 https://registry.npmjs.org/node-releases 52ms (cache revalidated)
749 silly packumentCache full:https://registry.npmjs.org/node-releases set size:276946 disposed:false
750 silly fetch manifest @esbuild/linux-x64@0.27.3
751 silly packumentCache full:https://registry.npmjs.org/@esbuild%2flinux-x64 cache-miss
752 http fetch GET 200 https://registry.npmjs.org/update-browserslist-db 46ms (cache revalidated)
753 silly packumentCache full:https://registry.npmjs.org/update-browserslist-db set size:62000 disposed:false
754 silly fetch manifest @esbuild/sunos-x64@0.27.3
755 silly packumentCache full:https://registry.npmjs.org/@esbuild%2fsunos-x64 cache-miss
756 http fetch GET 200 https://registry.npmjs.org/@esbuild%2faix-ppc64 51ms (cache revalidated)
757 silly packumentCache full:https://registry.npmjs.org/@esbuild%2faix-ppc64 set size:64314 disposed:false
758 silly fetch manifest @esbuild/win32-x64@0.27.3
759 silly packumentCache full:https://registry.npmjs.org/@esbuild%2fwin32-x64 cache-miss
760 http fetch GET 200 https://registry.npmjs.org/@esbuild%2flinux-x64 33ms (cache revalidated)
761 silly packumentCache full:https://registry.npmjs.org/@esbuild%2flinux-x64 set size:195479 disposed:false
762 silly fetch manifest @esbuild/darwin-x64@0.27.3
763 silly packumentCache full:https://registry.npmjs.org/@esbuild%2fdarwin-x64 cache-miss
764 http fetch GET 200 https://registry.npmjs.org/@esbuild%2fsunos-x64 36ms (cache revalidated)
765 silly packumentCache full:https://registry.npmjs.org/@esbuild%2fsunos-x64 set size:195721 disposed:false
766 silly fetch manifest @esbuild/linux-ia32@0.27.3
767 silly packumentCache full:https://registry.npmjs.org/@esbuild%2flinux-ia32 cache-miss
768 http fetch GET 200 https://registry.npmjs.org/@babel%2ftraverse 474ms (cache revalidated)
769 silly packumentCache full:https://registry.npmjs.org/@babel%2ftraverse set size:553169 disposed:false
770 silly fetch manifest @esbuild/netbsd-x64@0.27.3
771 silly packumentCache full:https://registry.npmjs.org/@esbuild%2fnetbsd-x64 cache-miss
772 http fetch GET 200 https://registry.npmjs.org/@esbuild%2fwin32-x64 30ms (cache revalidated)
773 silly packumentCache full:https://registry.npmjs.org/@esbuild%2fwin32-x64 set size:194073 disposed:false
774 silly fetch manifest @esbuild/win32-ia32@0.27.3
775 silly packumentCache full:https://registry.npmjs.org/@esbuild%2fwin32-ia32 cache-miss
776 http fetch GET 200 https://registry.npmjs.org/@esbuild%2fwin32-ia32 30ms (cache revalidated)
777 silly packumentCache full:https://registry.npmjs.org/@esbuild%2fwin32-ia32 set size:196374 disposed:false
778 silly fetch manifest @esbuild/android-arm@0.27.3
779 silly packumentCache full:https://registry.npmjs.org/@esbuild%2fandroid-arm cache-miss
780 http fetch GET 200 https://registry.npmjs.org/@esbuild%2flinux-arm 218ms (cache revalidated)
781 silly packumentCache full:https://registry.npmjs.org/@esbuild%2flinux-arm set size:195140 disposed:false
782 silly fetch manifest @esbuild/android-x64@0.27.3
783 silly packumentCache full:https://registry.npmjs.org/@esbuild%2fandroid-x64 cache-miss
784 http fetch GET 200 https://registry.npmjs.org/@esbuild%2fnetbsd-x64 219ms (cache revalidated)
785 silly packumentCache full:https://registry.npmjs.org/@esbuild%2fnetbsd-x64 set size:193883 disposed:false
786 silly fetch manifest @esbuild/freebsd-x64@0.27.3
787 silly packumentCache full:https://registry.npmjs.org/@esbuild%2ffreebsd-x64 cache-miss
788 http fetch GET 200 https://registry.npmjs.org/@esbuild%2fandroid-x64 54ms (cache revalidated)
789 silly packumentCache full:https://registry.npmjs.org/@esbuild%2fandroid-x64 set size:195551 disposed:false
790 silly fetch manifest @esbuild/linux-arm64@0.27.3
791 silly packumentCache full:https://registry.npmjs.org/@esbuild%2flinux-arm64 cache-miss
792 http fetch GET 200 https://registry.npmjs.org/@esbuild%2fandroid-arm 219ms (cache revalidated)
793 silly packumentCache full:https://registry.npmjs.org/@esbuild%2fandroid-arm set size:221749 disposed:false
794 silly fetch manifest @esbuild/linux-ppc64@0.27.3
795 silly packumentCache full:https://registry.npmjs.org/@esbuild%2flinux-ppc64 cache-miss
796 http fetch GET 200 https://registry.npmjs.org/@esbuild%2ffreebsd-x64 41ms (cache revalidated)
797 silly packumentCache full:https://registry.npmjs.org/@esbuild%2ffreebsd-x64 set size:197070 disposed:false
798 silly fetch manifest @esbuild/linux-s390x@0.27.3
799 silly packumentCache full:https://registry.npmjs.org/@esbuild%2flinux-s390x cache-miss
800 http fetch GET 200 https://registry.npmjs.org/@esbuild%2flinux-ppc64 42ms (cache revalidated)
801 silly packumentCache full:https://registry.npmjs.org/@esbuild%2flinux-ppc64 set size:199310 disposed:false
802 silly fetch manifest @esbuild/openbsd-x64@0.27.3
803 silly packumentCache full:https://registry.npmjs.org/@esbuild%2fopenbsd-x64 cache-miss
804 http fetch GET 200 https://registry.npmjs.org/@esbuild%2flinux-ia32 423ms (cache revalidated)
805 silly packumentCache full:https://registry.npmjs.org/@esbuild%2flinux-ia32 set size:196150 disposed:false
806 silly fetch manifest @esbuild/win32-arm64@0.27.3
807 silly packumentCache full:https://registry.npmjs.org/@esbuild%2fwin32-arm64 cache-miss
808 http fetch GET 200 https://registry.npmjs.org/@esbuild%2fopenbsd-x64 120ms (cache revalidated)
809 silly packumentCache full:https://registry.npmjs.org/@esbuild%2fopenbsd-x64 set size:197080 disposed:false
810 silly fetch manifest @esbuild/darwin-arm64@0.27.3
811 silly packumentCache full:https://registry.npmjs.org/@esbuild%2fdarwin-arm64 cache-miss
812 http fetch GET 200 https://registry.npmjs.org/@esbuild%2flinux-arm64 219ms (cache revalidated)
813 silly packumentCache full:https://registry.npmjs.org/@esbuild%2flinux-arm64 set size:197274 disposed:false
814 silly fetch manifest @esbuild/netbsd-arm64@0.27.3
815 silly packumentCache full:https://registry.npmjs.org/@esbuild%2fnetbsd-arm64 cache-miss
816 http fetch GET 200 https://registry.npmjs.org/rollup 883ms (cache updated)
817 silly packumentCache full:https://registry.npmjs.org/rollup set size:undefined disposed:false
818 silly fetch manifest @esbuild/android-arm64@0.27.3
819 silly packumentCache full:https://registry.npmjs.org/@esbuild%2fandroid-arm64 cache-miss
820 http fetch GET 200 https://registry.npmjs.org/@esbuild%2flinux-s390x 228ms (cache revalidated)
821 silly packumentCache full:https://registry.npmjs.org/@esbuild%2flinux-s390x set size:198784 disposed:false
822 silly fetch manifest @esbuild/freebsd-arm64@0.27.3
823 silly packumentCache full:https://registry.npmjs.org/@esbuild%2ffreebsd-arm64 cache-miss
824 http fetch GET 200 https://registry.npmjs.org/@esbuild%2ffreebsd-arm64 32ms (cache revalidated)
825 silly packumentCache full:https://registry.npmjs.org/@esbuild%2ffreebsd-arm64 set size:198853 disposed:false
826 silly fetch manifest @esbuild/linux-loong64@0.27.3
827 silly packumentCache full:https://registry.npmjs.org/@esbuild%2flinux-loong64 cache-miss
828 http fetch GET 200 https://registry.npmjs.org/@esbuild%2fandroid-arm64 36ms (cache revalidated)
829 silly packumentCache full:https://registry.npmjs.org/@esbuild%2fandroid-arm64 set size:200684 disposed:false
830 silly fetch manifest @esbuild/linux-riscv64@0.27.3
831 silly packumentCache full:https://registry.npmjs.org/@esbuild%2flinux-riscv64 cache-miss
832 http fetch GET 200 https://registry.npmjs.org/@esbuild%2fnetbsd-arm64 80ms (cache revalidated)
833 silly packumentCache full:https://registry.npmjs.org/@esbuild%2fnetbsd-arm64 set size:40794 disposed:false
834 silly fetch manifest @esbuild/openbsd-arm64@0.27.3
835 silly packumentCache full:https://registry.npmjs.org/@esbuild%2fopenbsd-arm64 cache-miss
836 http fetch GET 200 https://registry.npmjs.org/@esbuild%2fdarwin-x64 547ms (cache revalidated)
837 silly packumentCache full:https://registry.npmjs.org/@esbuild%2fdarwin-x64 set size:196195 disposed:false
838 silly fetch manifest @esbuild/linux-mips64el@0.27.3
839 silly packumentCache full:https://registry.npmjs.org/@esbuild%2flinux-mips64el cache-miss
840 http fetch GET 200 https://registry.npmjs.org/@esbuild%2flinux-loong64 36ms (cache revalidated)
841 silly packumentCache full:https://registry.npmjs.org/@esbuild%2flinux-loong64 set size:252211 disposed:false
842 silly fetch manifest @esbuild/openharmony-arm64@0.27.3
843 silly packumentCache full:https://registry.npmjs.org/@esbuild%2fopenharmony-arm64 cache-miss
844 http fetch GET 200 https://registry.npmjs.org/@esbuild%2flinux-riscv64 37ms (cache revalidated)
845 silly packumentCache full:https://registry.npmjs.org/@esbuild%2flinux-riscv64 set size:198981 disposed:false
846 silly fetch manifest debug@4
847 silly packumentCache full:https://registry.npmjs.org/debug cache-hit
848 silly fetch manifest agent-base@^7.1.2
849 silly packumentCache full:https://registry.npmjs.org/agent-base cache-miss
850 http fetch GET 200 https://registry.npmjs.org/@esbuild%2fopenbsd-arm64 39ms (cache revalidated)
851 silly packumentCache full:https://registry.npmjs.org/@esbuild%2fopenbsd-arm64 set size:46111 disposed:false
852 silly fetch manifest @babel/parser@^7.23.9
853 silly packumentCache full:https://registry.npmjs.org/@babel%2fparser cache-hit
854 silly fetch manifest @istanbuljs/schema@^0.1.3
855 silly packumentCache full:https://registry.npmjs.org/@istanbuljs%2fschema cache-miss
856 http fetch GET 200 https://registry.npmjs.org/agent-base 19ms (cache revalidated)
857 silly packumentCache full:https://registry.npmjs.org/agent-base set size:72085 disposed:false
858 silly fetch manifest istanbul-lib-coverage@^3.2.0
859 silly packumentCache full:https://registry.npmjs.org/istanbul-lib-coverage cache-miss
860 http fetch GET 200 https://registry.npmjs.org/@esbuild%2fopenharmony-arm64 31ms (cache revalidated)
861 silly packumentCache full:https://registry.npmjs.org/@esbuild%2fopenharmony-arm64 set size:29494 disposed:false
862 silly fetch manifest semver@^7.5.4
863 silly packumentCache full:https://registry.npmjs.org/semver cache-hit
864 silly fetch manifest rfdc@^1.4.1
865 silly packumentCache full:https://registry.npmjs.org/rfdc cache-miss
866 http fetch GET 200 https://registry.npmjs.org/@istanbuljs%2fschema 38ms (cache revalidated)
867 silly packumentCache full:https://registry.npmjs.org/@istanbuljs%2fschema set size:16895 disposed:false
868 silly fetch manifest colorette@^2.0.20
869 silly packumentCache full:https://registry.npmjs.org/colorette cache-miss
870 http fetch GET 200 https://registry.npmjs.org/istanbul-lib-coverage 22ms (cache revalidated)
871 silly packumentCache full:https://registry.npmjs.org/istanbul-lib-coverage set size:75651 disposed:false
872 silly fetch manifest wrap-ansi@^9.0.0
873 silly packumentCache full:https://registry.npmjs.org/wrap-ansi cache-miss
874 http fetch GET 200 https://registry.npmjs.org/rfdc 19ms (cache revalidated)
875 silly packumentCache full:https://registry.npmjs.org/rfdc set size:45382 disposed:false
876 silly fetch manifest log-update@^6.1.0
877 silly packumentCache full:https://registry.npmjs.org/log-update cache-miss
878 http fetch GET 200 https://registry.npmjs.org/wrap-ansi 20ms (cache revalidated)
879 silly packumentCache full:https://registry.npmjs.org/wrap-ansi set size:55299 disposed:false
880 silly fetch manifest cli-truncate@^5.0.0
881 silly packumentCache full:https://registry.npmjs.org/cli-truncate cache-miss
882 http fetch GET 200 https://registry.npmjs.org/colorette 26ms (cache revalidated)
883 silly packumentCache full:https://registry.npmjs.org/colorette set size:92733 disposed:false
884 silly fetch manifest eventemitter3@^5.0.1
885 silly packumentCache full:https://registry.npmjs.org/eventemitter3 cache-miss
886 http fetch GET 200 https://registry.npmjs.org/log-update 22ms (cache revalidated)
887 silly packumentCache full:https://registry.npmjs.org/log-update set size:60732 disposed:false
888 silly fetch manifest msgpackr@^1.11.2
889 silly packumentCache full:https://registry.npmjs.org/msgpackr cache-miss
890 http fetch GET 200 https://registry.npmjs.org/@esbuild%2fdarwin-arm64 227ms (cache revalidated)
891 silly packumentCache full:https://registry.npmjs.org/@esbuild%2fdarwin-arm64 set size:197958 disposed:false
892 silly fetch manifest node-addon-api@^6.1.0
893 silly packumentCache full:https://registry.npmjs.org/node-addon-api cache-miss
894 http fetch GET 200 https://registry.npmjs.org/cli-truncate 23ms (cache revalidated)
895 silly packumentCache full:https://registry.npmjs.org/cli-truncate set size:35177 disposed:false
896 silly fetch manifest ordered-binary@^1.5.3
897 silly packumentCache full:https://registry.npmjs.org/ordered-binary cache-miss
898 http fetch GET 200 https://registry.npmjs.org/msgpackr 22ms (cache revalidated)
899 silly packumentCache full:https://registry.npmjs.org/msgpackr set size:415443 disposed:false
900 silly fetch manifest weak-lru-cache@^1.2.2
901 silly packumentCache full:https://registry.npmjs.org/weak-lru-cache cache-miss
902 http fetch GET 200 https://registry.npmjs.org/eventemitter3 30ms (cache revalidated)
903 silly packumentCache full:https://registry.npmjs.org/eventemitter3 set size:92292 disposed:false
904 silly fetch manifest @harperfast/extended-iterable@^1.0.3
905 silly packumentCache full:https://registry.npmjs.org/@harperfast%2fextended-iterable cache-miss
906 http fetch GET 200 https://registry.npmjs.org/node-addon-api 26ms (cache revalidated)
907 silly packumentCache full:https://registry.npmjs.org/node-addon-api set size:347062 disposed:false
908 silly fetch manifest node-gyp-build-optional-packages@5.2.2
909 silly packumentCache full:https://registry.npmjs.org/node-gyp-build-optional-packages cache-miss
910 http fetch GET 200 https://registry.npmjs.org/weak-lru-cache 24ms (cache revalidated)
911 silly packumentCache full:https://registry.npmjs.org/weak-lru-cache set size:69411 disposed:false
912 silly fetch manifest @lmdb/lmdb-linux-arm@3.5.1
913 silly packumentCache full:https://registry.npmjs.org/@lmdb%2flmdb-linux-arm cache-miss
914 http fetch GET 200 https://registry.npmjs.org/@esbuild%2flinux-mips64el 212ms (cache revalidated)
915 silly packumentCache full:https://registry.npmjs.org/@esbuild%2flinux-mips64el set size:201062 disposed:false
916 silly fetch manifest @lmdb/lmdb-linux-x64@3.5.1
917 silly packumentCache full:https://registry.npmjs.org/@lmdb%2flmdb-linux-x64 cache-miss
918 http fetch GET 200 https://registry.npmjs.org/@harperfast%2fextended-iterable 273ms (cache revalidated)
919 silly packumentCache full:https://registry.npmjs.org/@harperfast%2fextended-iterable set size:10900 disposed:false
920 silly fetch manifest @lmdb/lmdb-win32-x64@3.5.1
921 silly packumentCache full:https://registry.npmjs.org/@lmdb%2flmdb-win32-x64 cache-miss
922 http fetch GET 200 https://registry.npmjs.org/ordered-binary 288ms (cache revalidated)
923 silly packumentCache full:https://registry.npmjs.org/ordered-binary set size:68084 disposed:false
924 silly fetch manifest @lmdb/lmdb-darwin-x64@3.5.1
925 silly packumentCache full:https://registry.npmjs.org/@lmdb%2flmdb-darwin-x64 cache-miss
926 http fetch GET 200 https://registry.npmjs.org/@esbuild%2fwin32-arm64 524ms (cache revalidated)
927 silly packumentCache full:https://registry.npmjs.org/@esbuild%2fwin32-arm64 set size:197504 disposed:false
928 silly fetch manifest @lmdb/lmdb-linux-arm64@3.5.1
929 silly packumentCache full:https://registry.npmjs.org/@lmdb%2flmdb-linux-arm64 cache-miss
930 http fetch GET 200 https://registry.npmjs.org/@lmdb%2flmdb-linux-arm 262ms (cache revalidated)
931 silly packumentCache full:https://registry.npmjs.org/@lmdb%2flmdb-linux-arm set size:194046 disposed:false
932 silly fetch manifest @lmdb/lmdb-win32-arm64@3.5.1
933 silly packumentCache full:https://registry.npmjs.org/@lmdb%2flmdb-win32-arm64 cache-miss
934 http fetch GET 200 https://registry.npmjs.org/@lmdb%2flmdb-linux-x64 209ms (cache revalidated)
935 silly packumentCache full:https://registry.npmjs.org/@lmdb%2flmdb-linux-x64 set size:195611 disposed:false
936 silly fetch manifest @lmdb/lmdb-darwin-arm64@3.5.1
937 silly packumentCache full:https://registry.npmjs.org/@lmdb%2flmdb-darwin-arm64 cache-miss
938 http fetch GET 200 https://registry.npmjs.org/node-gyp-build-optional-packages 354ms (cache revalidated)
939 silly packumentCache full:https://registry.npmjs.org/node-gyp-build-optional-packages set size:49852 disposed:false
940 silly fetch manifest @jridgewell/sourcemap-codec@^1.5.5
941 silly packumentCache full:https://registry.npmjs.org/@jridgewell%2fsourcemap-codec cache-hit
942 silly fetch manifest entities@^6.0.0
943 silly packumentCache full:https://registry.npmjs.org/entities cache-miss
944 http fetch GET 200 https://registry.npmjs.org/entities 34ms (cache revalidated)
945 silly packumentCache full:https://registry.npmjs.org/entities set size:101550 disposed:false
946 silly fetch manifest parse5-sax-parser@^8.0.0
947 silly packumentCache full:https://registry.npmjs.org/parse5-sax-parser cache-miss
948 http fetch GET 200 https://registry.npmjs.org/parse5-sax-parser 30ms (cache revalidated)
949 silly packumentCache full:https://registry.npmjs.org/parse5-sax-parser set size:18860 disposed:false
950 silly fetch manifest @napi-rs/nice@^1.0.4
951 silly packumentCache full:https://registry.npmjs.org/@napi-rs%2fnice cache-miss
952 http fetch GET 200 https://registry.npmjs.org/@napi-rs%2fnice 45ms (cache revalidated)
953 silly packumentCache full:https://registry.npmjs.org/@napi-rs%2fnice set size:26707 disposed:false
954 silly fetch manifest @oxc-project/types@=0.113.0
955 silly packumentCache full:https://registry.npmjs.org/@oxc-project%2ftypes cache-miss
956 http fetch GET 200 https://registry.npmjs.org/@oxc-project%2ftypes 49ms (cache revalidated)
957 silly packumentCache full:https://registry.npmjs.org/@oxc-project%2ftypes set size:223263 disposed:false
958 silly fetch manifest @rolldown/pluginutils@1.0.0-rc.4
959 silly packumentCache full:https://registry.npmjs.org/@rolldown%2fpluginutils cache-miss
960 http fetch GET 200 https://registry.npmjs.org/@rolldown%2fpluginutils 45ms (cache revalidated)
961 silly packumentCache full:https://registry.npmjs.org/@rolldown%2fpluginutils set size:300388 disposed:false
962 silly fetch manifest @rolldown/binding-darwin-x64@1.0.0-rc.4
963 silly packumentCache full:https://registry.npmjs.org/@rolldown%2fbinding-darwin-x64 cache-miss
964 http fetch GET 200 https://registry.npmjs.org/@rolldown%2fbinding-darwin-x64 45ms (cache revalidated)
965 silly packumentCache full:https://registry.npmjs.org/@rolldown%2fbinding-darwin-x64 set size:1359747 disposed:false
966 silly fetch manifest @rolldown/binding-freebsd-x64@1.0.0-rc.4
967 silly packumentCache full:https://registry.npmjs.org/@rolldown%2fbinding-freebsd-x64 cache-miss
968 http fetch GET 200 https://registry.npmjs.org/electron-to-chromium 1823ms (cache updated)
969 silly packumentCache full:https://registry.npmjs.org/electron-to-chromium set size:undefined disposed:false
970 silly fetch manifest @rolldown/binding-wasm32-wasi@1.0.0-rc.4
971 silly packumentCache full:https://registry.npmjs.org/@rolldown%2fbinding-wasm32-wasi cache-miss
972 http fetch GET 200 https://registry.npmjs.org/@lmdb%2flmdb-win32-arm64 599ms (cache revalidated)
973 silly packumentCache full:https://registry.npmjs.org/@lmdb%2flmdb-win32-arm64 set size:14598 disposed:false
974 silly fetch manifest @rolldown/binding-darwin-arm64@1.0.0-rc.4
975 silly packumentCache full:https://registry.npmjs.org/@rolldown%2fbinding-darwin-arm64 cache-miss
976 http fetch GET 200 https://registry.npmjs.org/@lmdb%2flmdb-linux-arm64 604ms (cache revalidated)
977 silly packumentCache full:https://registry.npmjs.org/@lmdb%2flmdb-linux-arm64 set size:195766 disposed:false
978 silly fetch manifest @rolldown/binding-android-arm64@1.0.0-rc.4
979 silly packumentCache full:https://registry.npmjs.org/@rolldown%2fbinding-android-arm64 cache-miss
980 http fetch GET 200 https://registry.npmjs.org/@rolldown%2fbinding-wasm32-wasi 43ms (cache revalidated)
981 silly packumentCache full:https://registry.npmjs.org/@rolldown%2fbinding-wasm32-wasi set size:1347270 disposed:false
982 silly fetch manifest @rolldown/binding-linux-x64-gnu@1.0.0-rc.4
983 silly packumentCache full:https://registry.npmjs.org/@rolldown%2fbinding-linux-x64-gnu cache-miss
984 http fetch GET 200 https://registry.npmjs.org/@rolldown%2fbinding-darwin-arm64 47ms (cache revalidated)
985 silly packumentCache full:https://registry.npmjs.org/@rolldown%2fbinding-darwin-arm64 set size:1371335 disposed:false
986 silly fetch manifest @rolldown/binding-linux-x64-musl@1.0.0-rc.4
987 silly packumentCache full:https://registry.npmjs.org/@rolldown%2fbinding-linux-x64-musl cache-miss
988 http fetch GET 200 https://registry.npmjs.org/@rolldown%2fbinding-linux-x64-gnu 45ms (cache revalidated)
989 silly packumentCache full:https://registry.npmjs.org/@rolldown%2fbinding-linux-x64-gnu set size:1384839 disposed:false
990 silly fetch manifest @rolldown/binding-win32-x64-msvc@1.0.0-rc.4
991 silly packumentCache full:https://registry.npmjs.org/@rolldown%2fbinding-win32-x64-msvc cache-miss
992 http fetch GET 200 https://registry.npmjs.org/@lmdb%2flmdb-darwin-arm64 684ms (cache revalidated)
993 silly packumentCache full:https://registry.npmjs.org/@lmdb%2flmdb-darwin-arm64 set size:195012 disposed:false
994 silly fetch manifest @rolldown/binding-linux-arm64-gnu@1.0.0-rc.4
995 silly packumentCache full:https://registry.npmjs.org/@rolldown%2fbinding-linux-arm64-gnu cache-miss
996 http fetch GET 200 https://registry.npmjs.org/@rolldown%2fbinding-linux-x64-musl 48ms (cache revalidated)
997 silly packumentCache full:https://registry.npmjs.org/@rolldown%2fbinding-linux-x64-musl set size:1389461 disposed:false
998 silly fetch manifest @rolldown/binding-linux-arm64-musl@1.0.0-rc.4
999 silly packumentCache full:https://registry.npmjs.org/@rolldown%2fbinding-linux-arm64-musl cache-miss
1000 http fetch GET 200 https://registry.npmjs.org/@rolldown%2fbinding-freebsd-x64 346ms (cache revalidated)
1001 silly packumentCache full:https://registry.npmjs.org/@rolldown%2fbinding-freebsd-x64 set size:1039375 disposed:false
1002 silly fetch manifest @rolldown/binding-win32-arm64-msvc@1.0.0-rc.4
1003 silly packumentCache full:https://registry.npmjs.org/@rolldown%2fbinding-win32-arm64-msvc cache-miss
1004 http fetch GET 200 https://registry.npmjs.org/@rolldown%2fbinding-win32-x64-msvc 33ms (cache revalidated)
1005 silly packumentCache full:https://registry.npmjs.org/@rolldown%2fbinding-win32-x64-msvc set size:1377586 disposed:false
1006 silly fetch manifest @rolldown/binding-openharmony-arm64@1.0.0-rc.4
1007 silly packumentCache full:https://registry.npmjs.org/@rolldown%2fbinding-openharmony-arm64 cache-miss
1008 http fetch GET 200 https://registry.npmjs.org/@rolldown%2fbinding-linux-arm64-musl 37ms (cache revalidated)
1009 silly packumentCache full:https://registry.npmjs.org/@rolldown%2fbinding-linux-arm64-musl set size:1401043 disposed:false
1010 silly fetch manifest @rolldown/binding-linux-arm-gnueabihf@1.0.0-rc.4
1011 silly packumentCache full:https://registry.npmjs.org/@rolldown%2fbinding-linux-arm-gnueabihf cache-miss
1012 http fetch GET 200 https://registry.npmjs.org/@rolldown%2fbinding-linux-arm64-gnu 52ms (cache revalidated)
1013 silly packumentCache full:https://registry.npmjs.org/@rolldown%2fbinding-linux-arm64-gnu set size:1396467 disposed:false
1014 silly fetch manifest chokidar@^4.0.0
1015 silly packumentCache full:https://registry.npmjs.org/chokidar cache-hit
1016 silly fetch manifest immutable@^5.0.2
1017 silly packumentCache full:https://registry.npmjs.org/immutable cache-miss
1018 http fetch GET 200 https://registry.npmjs.org/@rolldown%2fbinding-win32-arm64-msvc 45ms (cache revalidated)
1019 silly packumentCache full:https://registry.npmjs.org/@rolldown%2fbinding-win32-arm64-msvc set size:1391553 disposed:false
1020 silly fetch manifest source-map-js@>=0.6.2 <2.0.0
1021 silly packumentCache full:https://registry.npmjs.org/source-map-js cache-miss
1022 http fetch GET 200 https://registry.npmjs.org/immutable 37ms (cache revalidated)
1023 silly packumentCache full:https://registry.npmjs.org/immutable set size:245402 disposed:false
1024 silly fetch manifest @parcel/watcher@^2.4.1
1025 silly packumentCache full:https://registry.npmjs.org/@parcel%2fwatcher cache-miss
1026 http fetch GET 200 https://registry.npmjs.org/source-map-js 30ms (cache revalidated)
1027 silly packumentCache full:https://registry.npmjs.org/source-map-js set size:62640 disposed:false
1028 silly fetch manifest buffer-from@^1.0.0
1029 silly packumentCache full:https://registry.npmjs.org/buffer-from cache-miss
1030 http fetch GET 200 https://registry.npmjs.org/@rolldown%2fbinding-linux-arm-gnueabihf 51ms (cache revalidated)
1031 silly packumentCache full:https://registry.npmjs.org/@rolldown%2fbinding-linux-arm-gnueabihf set size:1405946 disposed:false
1032 silly fetch manifest source-map@^0.6.0
1033 silly packumentCache full:https://registry.npmjs.org/source-map cache-miss
1034 http fetch GET 200 https://registry.npmjs.org/source-map 23ms (cache revalidated)
1035 silly packumentCache full:https://registry.npmjs.org/source-map set size:226212 disposed:false
1036 silly fetch manifest graceful-fs@^4.1.2
1037 silly packumentCache full:https://registry.npmjs.org/graceful-fs cache-miss
1038 http fetch GET 200 https://registry.npmjs.org/@parcel%2fwatcher 40ms (cache revalidated)
1039 silly packumentCache full:https://registry.npmjs.org/@parcel%2fwatcher set size:121392 disposed:false
1040 silly fetch manifest glob-to-regexp@^0.4.1
1041 silly packumentCache full:https://registry.npmjs.org/glob-to-regexp cache-miss
1042 http fetch GET 200 https://registry.npmjs.org/buffer-from 51ms (cache revalidated)
1043 silly packumentCache full:https://registry.npmjs.org/buffer-from set size:15463 disposed:false
1044 http fetch GET 200 https://registry.npmjs.org/@lmdb%2flmdb-darwin-x64 860ms (cache revalidated)
1045 silly packumentCache full:https://registry.npmjs.org/@lmdb%2flmdb-darwin-x64 set size:193408 disposed:false
1046 http fetch GET 200 https://registry.npmjs.org/graceful-fs 26ms (cache revalidated)
1047 silly packumentCache full:https://registry.npmjs.org/graceful-fs set size:124285 disposed:false
1048 http fetch GET 200 https://registry.npmjs.org/@lmdb%2flmdb-win32-x64 873ms (cache revalidated)
1049 silly packumentCache full:https://registry.npmjs.org/@lmdb%2flmdb-win32-x64 set size:192588 disposed:false
1050 http fetch GET 200 https://registry.npmjs.org/@rolldown%2fbinding-android-arm64 271ms (cache revalidated)
1051 silly packumentCache full:https://registry.npmjs.org/@rolldown%2fbinding-android-arm64 set size:145763 disposed:false
1052 http fetch GET 200 https://registry.npmjs.org/glob-to-regexp 36ms (cache revalidated)
1053 silly packumentCache full:https://registry.npmjs.org/glob-to-regexp set size:15844 disposed:false
1054 http fetch GET 200 https://registry.npmjs.org/@rolldown%2fbinding-openharmony-arm64 358ms (cache revalidated)
1055 silly packumentCache full:https://registry.npmjs.org/@rolldown%2fbinding-openharmony-arm64 set size:107384 disposed:false
1056 silly placeDep ROOT @jridgewell/gen-mapping@0.3.13 OK for: @ampproject/remapping@2.3.0 want: ^0.3.5
1057 silly placeDep ROOT @jridgewell/trace-mapping@0.3.31 OK for: @ampproject/remapping@2.3.0 want: ^0.3.24
1058 silly fetch manifest @jridgewell/sourcemap-codec@^1.5.0
1059 silly packumentCache full:https://registry.npmjs.org/@jridgewell%2fsourcemap-codec cache-hit
1060 silly fetch manifest @jridgewell/resolve-uri@^3.1.0
1061 silly packumentCache full:https://registry.npmjs.org/@jridgewell%2fresolve-uri cache-miss
1062 http fetch GET 200 https://registry.npmjs.org/@jridgewell%2fresolve-uri 39ms (cache revalidated)
1063 silly packumentCache full:https://registry.npmjs.org/@jridgewell%2fresolve-uri set size:57361 disposed:false
1064 silly placeDep ROOT @angular-devkit/core@21.2.11 OK for: @angular-devkit/architect@0.2102.11 want: 21.2.11
1065 silly fetch manifest ajv@8.18.0
1066 silly packumentCache full:https://registry.npmjs.org/ajv cache-miss
1067 silly fetch manifest source-map@0.7.6
1068 silly packumentCache full:https://registry.npmjs.org/source-map cache-hit
1069 silly fetch manifest ajv-formats@3.0.1
1070 silly packumentCache full:https://registry.npmjs.org/ajv-formats cache-miss
1071 http fetch GET 200 https://registry.npmjs.org/ajv-formats 247ms (cache revalidated)
1072 silly packumentCache full:https://registry.npmjs.org/ajv-formats set size:141264 disposed:false
1073 http fetch GET 200 https://registry.npmjs.org/ajv 264ms (cache revalidated)
1074 silly packumentCache full:https://registry.npmjs.org/ajv set size:1142658 disposed:false
1075 silly placeDep ROOT ajv@8.18.0 OK for: @angular-devkit/core@21.2.11 want: 8.18.0
1076 silly placeDep ROOT ajv-formats@3.0.1 OK for: @angular-devkit/core@21.2.11 want: 3.0.1
1077 silly placeDep ROOT source-map@0.7.6 OK for: @angular-devkit/core@21.2.11 want: 0.7.6
1078 silly fetch manifest fast-uri@^3.0.1
1079 silly packumentCache full:https://registry.npmjs.org/fast-uri cache-miss
1080 silly fetch manifest fast-deep-equal@^3.1.3
1081 silly packumentCache full:https://registry.npmjs.org/fast-deep-equal cache-miss
1082 silly fetch manifest require-from-string@^2.0.2
1083 silly packumentCache full:https://registry.npmjs.org/require-from-string cache-miss
1084 silly fetch manifest json-schema-traverse@^1.0.0
1085 silly packumentCache full:https://registry.npmjs.org/json-schema-traverse cache-miss
1086 http fetch GET 200 https://registry.npmjs.org/fast-uri 31ms (cache revalidated)
1087 silly packumentCache full:https://registry.npmjs.org/fast-uri set size:68147 disposed:false
1088 http fetch GET 200 https://registry.npmjs.org/fast-deep-equal 32ms (cache revalidated)
1089 silly packumentCache full:https://registry.npmjs.org/fast-deep-equal set size:48634 disposed:false
1090 http fetch GET 200 https://registry.npmjs.org/json-schema-traverse 128ms (cache revalidated)
1091 silly packumentCache full:https://registry.npmjs.org/json-schema-traverse set size:23537 disposed:false
1092 http fetch GET 200 https://registry.npmjs.org/require-from-string 238ms (cache revalidated)
1093 silly packumentCache full:https://registry.npmjs.org/require-from-string set size:15128 disposed:false
1094 silly fetch manifest @cfworker/json-schema@^4.1.1
1095 silly packumentCache full:https://registry.npmjs.org/@cfworker%2fjson-schema cache-miss
1096 http fetch GET 200 https://registry.npmjs.org/@cfworker%2fjson-schema 256ms (cache revalidated)
1097 silly packumentCache full:https://registry.npmjs.org/@cfworker%2fjson-schema set size:144207 disposed:false
1098 silly placeDep ROOT @angular-devkit/schematics@21.2.11 OK for: @angular/cli@21.2.11 want: 21.2.11
1099 silly placeDep ROOT @inquirer/prompts@7.10.1 OK for: @angular/cli@21.2.11 want: 7.10.1
1100 silly placeDep ROOT @listr2/prompt-adapter-inquirer@3.0.5 OK for: @angular/cli@21.2.11 want: 3.0.5
1101 silly placeDep ROOT @modelcontextprotocol/sdk@1.26.0 OK for: @angular/cli@21.2.11 want: 1.26.0
1102 silly placeDep ROOT @schematics/angular@21.2.11 OK for: @angular/cli@21.2.11 want: 21.2.11
1103 silly placeDep ROOT @yarnpkg/lockfile@1.1.0 OK for: @angular/cli@21.2.11 want: 1.1.0
1104 silly placeDep ROOT algoliasearch@5.48.1 OK for: @angular/cli@21.2.11 want: 5.48.1
1105 silly placeDep ROOT ini@6.0.0 OK for: @angular/cli@21.2.11 want: 6.0.0
1106 silly placeDep ROOT npm-package-arg@13.0.2 OK for: @angular/cli@21.2.11 want: 13.0.2
1107 silly placeDep ROOT pacote@21.3.1 OK for: @angular/cli@21.2.11 want: 21.3.1
1108 silly placeDep ROOT yargs@18.0.0 OK for: @angular/cli@21.2.11 want: 18.0.0
1109 silly placeDep ROOT zod@4.3.6 OK for: @angular/cli@21.2.11 want: 4.3.6
1110 silly fetch manifest ora@9.3.0
1111 silly packumentCache full:https://registry.npmjs.org/ora cache-miss
1112 silly fetch manifest @inquirer/input@^4.3.1
1113 silly packumentCache full:https://registry.npmjs.org/@inquirer%2finput cache-miss
1114 silly fetch manifest @inquirer/editor@^4.2.23
1115 silly packumentCache full:https://registry.npmjs.org/@inquirer%2feditor cache-miss
1116 silly fetch manifest @inquirer/expand@^4.0.23
1117 silly packumentCache full:https://registry.npmjs.org/@inquirer%2fexpand cache-miss
1118 silly fetch manifest @inquirer/number@^3.0.23
1119 silly packumentCache full:https://registry.npmjs.org/@inquirer%2fnumber cache-miss
1120 silly fetch manifest @inquirer/search@^3.2.2
1121 silly packumentCache full:https://registry.npmjs.org/@inquirer%2fsearch cache-miss
1122 silly fetch manifest @inquirer/select@^4.4.2
1123 silly packumentCache full:https://registry.npmjs.org/@inquirer%2fselect cache-miss
1124 http fetch GET 200 https://registry.npmjs.org/@inquirer%2feditor 135ms (cache revalidated)
1125 silly packumentCache full:https://registry.npmjs.org/@inquirer%2feditor set size:315450 disposed:false
1126 silly fetch manifest @inquirer/rawlist@^4.1.11
1127 silly packumentCache full:https://registry.npmjs.org/@inquirer%2frawlist cache-miss
1128 http fetch GET 200 https://registry.npmjs.org/@inquirer%2fsearch 140ms (cache revalidated)
1129 silly packumentCache full:https://registry.npmjs.org/@inquirer%2fsearch set size:138028 disposed:false
1130 silly fetch manifest @inquirer/checkbox@^4.3.2
1131 silly packumentCache full:https://registry.npmjs.org/@inquirer%2fcheckbox cache-miss
1132 http fetch GET 200 https://registry.npmjs.org/@inquirer%2finput 144ms (cache revalidated)
1133 silly packumentCache full:https://registry.npmjs.org/@inquirer%2finput set size:312113 disposed:false
1134 silly fetch manifest @inquirer/password@^4.0.23
1135 silly packumentCache full:https://registry.npmjs.org/@inquirer%2fpassword cache-miss
1136 http fetch GET 200 https://registry.npmjs.org/@inquirer%2fnumber 149ms (cache revalidated)
1137 silly packumentCache full:https://registry.npmjs.org/@inquirer%2fnumber set size:137698 disposed:false
1138 silly fetch manifest @inquirer/type@^3.0.8
1139 silly packumentCache full:https://registry.npmjs.org/@inquirer%2ftype cache-hit
1140 silly fetch manifest zod@^3.25 || ^4.0
1141 silly packumentCache full:https://registry.npmjs.org/zod cache-miss
1142 http fetch GET 200 https://registry.npmjs.org/@inquirer%2fexpand 153ms (cache revalidated)
1143 silly packumentCache full:https://registry.npmjs.org/@inquirer%2fexpand set size:317238 disposed:false
1144 silly fetch manifest cors@^2.8.5
1145 silly packumentCache full:https://registry.npmjs.org/cors cache-miss
1146 http fetch GET 200 https://registry.npmjs.org/@inquirer%2fselect 156ms (cache revalidated)
1147 silly packumentCache full:https://registry.npmjs.org/@inquirer%2fselect set size:330046 disposed:false
1148 silly fetch manifest hono@^4.11.4
1149 silly packumentCache full:https://registry.npmjs.org/hono cache-miss
1150 http cache https://registry.npmjs.org/zod 21ms (cache hit)
1151 silly packumentCache full:https://registry.npmjs.org/zod set size:3552562 disposed:false
1152 silly fetch manifest jose@^6.1.3
1153 silly packumentCache full:https://registry.npmjs.org/jose cache-miss
1154 http fetch GET 200 https://registry.npmjs.org/cors 38ms (cache revalidated)
1155 silly packumentCache full:https://registry.npmjs.org/cors set size:77956 disposed:false
1156 silly fetch manifest express@^5.2.1
1157 silly packumentCache full:https://registry.npmjs.org/express cache-miss
1158 http fetch GET 200 https://registry.npmjs.org/@inquirer%2frawlist 61ms (cache revalidated)
1159 silly packumentCache full:https://registry.npmjs.org/@inquirer%2frawlist set size:283761 disposed:false
1160 silly fetch manifest raw-body@^3.0.0
1161 silly packumentCache full:https://registry.npmjs.org/raw-body cache-miss
1162 http fetch GET 200 https://registry.npmjs.org/@inquirer%2fcheckbox 61ms (cache revalidated)
1163 silly packumentCache full:https://registry.npmjs.org/@inquirer%2fcheckbox set size:341262 disposed:false
1164 silly fetch manifest cross-spawn@^7.0.5
1165 silly packumentCache full:https://registry.npmjs.org/cross-spawn cache-miss
1166 http fetch GET 200 https://registry.npmjs.org/@inquirer%2fpassword 62ms (cache revalidated)
1167 silly packumentCache full:https://registry.npmjs.org/@inquirer%2fpassword set size:313946 disposed:false
1168 silly fetch manifest eventsource@^3.0.2
1169 silly packumentCache full:https://registry.npmjs.org/eventsource cache-miss
1170 http fetch GET 200 https://registry.npmjs.org/hono 61ms (cache revalidated)
1171 silly packumentCache full:https://registry.npmjs.org/hono set size:5698400 disposed:false
1172 silly fetch manifest content-type@^1.0.5
1173 silly packumentCache full:https://registry.npmjs.org/content-type cache-miss
1174 http fetch GET 200 https://registry.npmjs.org/jose 62ms (cache revalidated)
1175 silly packumentCache full:https://registry.npmjs.org/jose set size:1413195 disposed:false
1176 silly fetch manifest pkce-challenge@^5.0.0
1177 silly packumentCache full:https://registry.npmjs.org/pkce-challenge cache-miss
1178 http fetch GET 200 https://registry.npmjs.org/raw-body 62ms (cache revalidated)
1179 silly packumentCache full:https://registry.npmjs.org/raw-body set size:117822 disposed:false
1180 silly fetch manifest @hono/node-server@^1.19.9
1181 silly packumentCache full:https://registry.npmjs.org/@hono%2fnode-server cache-miss
1182 http fetch GET 200 https://registry.npmjs.org/eventsource 58ms (cache revalidated)
1183 silly packumentCache full:https://registry.npmjs.org/eventsource set size:128214 disposed:false
1184 silly fetch manifest json-schema-typed@^8.0.2
1185 silly packumentCache full:https://registry.npmjs.org/json-schema-typed cache-miss
1186 http fetch GET 200 https://registry.npmjs.org/ora 273ms (cache revalidated)
1187 silly packumentCache full:https://registry.npmjs.org/ora set size:144913 disposed:false
1188 silly fetch manifest eventsource-parser@^3.0.0
1189 silly packumentCache full:https://registry.npmjs.org/eventsource-parser cache-miss
1190 http fetch GET 200 https://registry.npmjs.org/cross-spawn 68ms (cache revalidated)
1191 silly packumentCache full:https://registry.npmjs.org/cross-spawn set size:109066 disposed:false
1192 silly fetch manifest express-rate-limit@^8.2.1
1193 silly packumentCache full:https://registry.npmjs.org/express-rate-limit cache-miss
1194 http fetch GET 200 https://registry.npmjs.org/express 81ms (cache revalidated)
1195 silly packumentCache full:https://registry.npmjs.org/express set size:804926 disposed:false
1196 silly fetch manifest zod-to-json-schema@^3.25.1
1197 silly packumentCache full:https://registry.npmjs.org/zod-to-json-schema cache-miss
1198 http fetch GET 200 https://registry.npmjs.org/json-schema-typed 27ms (cache revalidated)
1199 silly packumentCache full:https://registry.npmjs.org/json-schema-typed set size:26165 disposed:false
1200 silly fetch manifest @algolia/abtesting@1.14.1
1201 silly packumentCache full:https://registry.npmjs.org/@algolia%2fabtesting cache-miss
1202 http fetch GET 200 https://registry.npmjs.org/zod-to-json-schema 22ms (cache revalidated)
1203 silly packumentCache full:https://registry.npmjs.org/zod-to-json-schema set size:309584 disposed:false
1204 silly fetch manifest @algolia/ingestion@1.48.1
1205 silly packumentCache full:https://registry.npmjs.org/@algolia%2fingestion cache-miss
1206 http fetch GET 200 https://registry.npmjs.org/eventsource-parser 30ms (cache revalidated)
1207 silly packumentCache full:https://registry.npmjs.org/eventsource-parser set size:72949 disposed:false
1208 silly fetch manifest @algolia/recommend@5.48.1
1209 silly packumentCache full:https://registry.npmjs.org/@algolia%2frecommend cache-miss
1210 http fetch GET 200 https://registry.npmjs.org/pkce-challenge 46ms (cache revalidated)
1211 silly packumentCache full:https://registry.npmjs.org/pkce-challenge set size:37734 disposed:false
1212 silly fetch manifest @algolia/monitoring@1.48.1
1213 silly packumentCache full:https://registry.npmjs.org/@algolia%2fmonitoring cache-miss
1214 http fetch GET 200 https://registry.npmjs.org/content-type 59ms (cache revalidated)
1215 silly packumentCache full:https://registry.npmjs.org/content-type set size:18994 disposed:false
1216 silly fetch manifest @algolia/client-common@5.48.1
1217 silly packumentCache full:https://registry.npmjs.org/@algolia%2fclient-common cache-miss
1218 http fetch GET 200 https://registry.npmjs.org/@hono%2fnode-server 52ms (cache revalidated)
1219 silly packumentCache full:https://registry.npmjs.org/@hono%2fnode-server set size:251493 disposed:false
1220 silly fetch manifest @algolia/client-search@5.48.1
1221 silly packumentCache full:https://registry.npmjs.org/@algolia%2fclient-search cache-miss
1222 http fetch GET 200 https://registry.npmjs.org/@algolia%2fabtesting 38ms (cache revalidated)
1223 silly packumentCache full:https://registry.npmjs.org/@algolia%2fabtesting set size:306493 disposed:false
1224 silly fetch manifest @algolia/client-insights@5.48.1
1225 silly packumentCache full:https://registry.npmjs.org/@algolia%2fclient-insights cache-miss
1226 http fetch GET 200 https://registry.npmjs.org/express-rate-limit 265ms (cache revalidated)
1227 silly packumentCache full:https://registry.npmjs.org/express-rate-limit set size:443601 disposed:false
1228 silly fetch manifest @algolia/requester-fetch@5.48.1
1229 silly packumentCache full:https://registry.npmjs.org/@algolia%2frequester-fetch cache-miss
1230 http fetch GET 200 https://registry.npmjs.org/@algolia%2fclient-insights 215ms (cache revalidated)
1231 silly packumentCache full:https://registry.npmjs.org/@algolia%2fclient-insights set size:641489 disposed:false
1232 silly fetch manifest @algolia/client-abtesting@5.48.1
1233 silly packumentCache full:https://registry.npmjs.org/@algolia%2fclient-abtesting cache-miss
1234 http fetch GET 200 https://registry.npmjs.org/@algolia%2fclient-common 345ms (cache revalidated)
1235 silly packumentCache full:https://registry.npmjs.org/@algolia%2fclient-common set size:849865 disposed:false
1236 silly fetch manifest @algolia/client-analytics@5.48.1
1237 silly packumentCache full:https://registry.npmjs.org/@algolia%2fclient-analytics cache-miss
1238 http fetch GET 200 https://registry.npmjs.org/@algolia%2fingestion 371ms (cache revalidated)
1239 silly packumentCache full:https://registry.npmjs.org/@algolia%2fingestion set size:1469710 disposed:false
1240 silly fetch manifest @algolia/requester-node-http@5.48.1
1241 silly packumentCache full:https://registry.npmjs.org/@algolia%2frequester-node-http cache-miss
1242 http fetch GET 200 https://registry.npmjs.org/@algolia%2fclient-search 368ms (cache revalidated)
1243 silly packumentCache full:https://registry.npmjs.org/@algolia%2fclient-search set size:963064 disposed:false
1244 silly fetch manifest @algolia/requester-browser-xhr@5.48.1
1245 silly packumentCache full:https://registry.npmjs.org/@algolia%2frequester-browser-xhr cache-miss
1246 http fetch GET 200 https://registry.npmjs.org/@algolia%2frecommend 390ms (cache revalidated)
1247 silly packumentCache full:https://registry.npmjs.org/@algolia%2frecommend set size:743715 disposed:false
1248 silly fetch manifest @algolia/client-personalization@5.48.1
1249 silly packumentCache full:https://registry.npmjs.org/@algolia%2fclient-personalization cache-miss
1250 http fetch GET 200 https://registry.npmjs.org/@algolia%2fmonitoring 430ms (cache revalidated)
1251 silly packumentCache full:https://registry.npmjs.org/@algolia%2fmonitoring set size:1140306 disposed:false
1252 silly fetch manifest @algolia/client-query-suggestions@5.48.1
1253 silly packumentCache full:https://registry.npmjs.org/@algolia%2fclient-query-suggestions cache-miss
1254 http fetch GET 200 https://registry.npmjs.org/@algolia%2frequester-node-http 62ms (cache revalidated)
1255 silly packumentCache full:https://registry.npmjs.org/@algolia%2frequester-node-http set size:877867 disposed:false
1256 silly fetch manifest proc-log@^6.0.0
1257 silly packumentCache full:https://registry.npmjs.org/proc-log cache-miss
1258 http fetch GET 200 https://registry.npmjs.org/@algolia%2fclient-personalization 53ms (cache revalidated)
1259 silly packumentCache full:https://registry.npmjs.org/@algolia%2fclient-personalization set size:1932271 disposed:false
1260 silly fetch manifest hosted-git-info@^9.0.0
1261 silly packumentCache full:https://registry.npmjs.org/hosted-git-info cache-miss
1262 http fetch GET 200 https://registry.npmjs.org/hosted-git-info 24ms (cache revalidated)
1263 silly packumentCache full:https://registry.npmjs.org/hosted-git-info set size:187344 disposed:false
1264 silly fetch manifest validate-npm-package-name@^7.0.0
1265 silly packumentCache full:https://registry.npmjs.org/validate-npm-package-name cache-miss
1266 http fetch GET 200 https://registry.npmjs.org/proc-log 40ms (cache revalidated)
1267 silly packumentCache full:https://registry.npmjs.org/proc-log set size:35852 disposed:false
1268 silly fetch manifest tar@^7.4.3
1269 silly packumentCache full:https://registry.npmjs.org/tar cache-miss
1270 http fetch GET 200 https://registry.npmjs.org/validate-npm-package-name 23ms (cache revalidated)
1271 silly packumentCache full:https://registry.npmjs.org/validate-npm-package-name set size:51156 disposed:false
1272 silly fetch manifest ssri@^13.0.0
1273 silly packumentCache full:https://registry.npmjs.org/ssri cache-miss
1274 http fetch GET 200 https://registry.npmjs.org/tar 30ms (cache revalidated)
1275 silly packumentCache full:https://registry.npmjs.org/tar set size:544656 disposed:false
1276 silly fetch manifest cacache@^20.0.0
1277 silly packumentCache full:https://registry.npmjs.org/cacache cache-miss
1278 http fetch GET 200 https://registry.npmjs.org/ssri 18ms (cache revalidated)
1279 silly packumentCache full:https://registry.npmjs.org/ssri set size:139044 disposed:false
1280 silly fetch manifest minipass@^7.0.2
1281 silly packumentCache full:https://registry.npmjs.org/minipass cache-miss
1282 http fetch GET 200 https://registry.npmjs.org/cacache 28ms (cache revalidated)
1283 silly packumentCache full:https://registry.npmjs.org/cacache set size:382677 disposed:false
1284 silly fetch manifest sigstore@^4.0.0
1285 silly packumentCache full:https://registry.npmjs.org/sigstore cache-miss
1286 http fetch GET 200 https://registry.npmjs.org/minipass 24ms (cache revalidated)
1287 silly packumentCache full:https://registry.npmjs.org/minipass set size:276925 disposed:false
1288 silly fetch manifest @npmcli/git@^7.0.0
1289 silly packumentCache full:https://registry.npmjs.org/@npmcli%2fgit cache-miss
1290 http fetch GET 200 https://registry.npmjs.org/sigstore 29ms (cache revalidated)
1291 silly packumentCache full:https://registry.npmjs.org/sigstore set size:116846 disposed:false
1292 silly fetch manifest fs-minipass@^3.0.0
1293 silly packumentCache full:https://registry.npmjs.org/fs-minipass cache-miss
1294 http fetch GET 200 https://registry.npmjs.org/@npmcli%2fgit 30ms (cache revalidated)
1295 silly packumentCache full:https://registry.npmjs.org/@npmcli%2fgit set size:113420 disposed:false
1296 silly fetch manifest npm-packlist@^10.0.1
1297 silly packumentCache full:https://registry.npmjs.org/npm-packlist cache-miss
1298 http fetch GET 200 https://registry.npmjs.org/npm-packlist 21ms (cache revalidated)
1299 silly packumentCache full:https://registry.npmjs.org/npm-packlist set size:191241 disposed:false
1300 silly fetch manifest promise-retry@^2.0.1
1301 silly packumentCache full:https://registry.npmjs.org/promise-retry cache-miss
1302 http fetch GET 200 https://registry.npmjs.org/fs-minipass 36ms (cache revalidated)
1303 silly packumentCache full:https://registry.npmjs.org/fs-minipass set size:44606 disposed:false
1304 silly fetch manifest npm-pick-manifest@^11.0.1
1305 silly packumentCache full:https://registry.npmjs.org/npm-pick-manifest cache-miss
1306 http fetch GET 200 https://registry.npmjs.org/promise-retry 20ms (cache revalidated)
1307 silly packumentCache full:https://registry.npmjs.org/promise-retry set size:34511 disposed:false
1308 silly fetch manifest @npmcli/run-script@^10.0.0
1309 silly packumentCache full:https://registry.npmjs.org/@npmcli%2frun-script cache-miss
1310 http fetch GET 200 https://registry.npmjs.org/npm-pick-manifest 25ms (cache revalidated)
1311 silly packumentCache full:https://registry.npmjs.org/npm-pick-manifest set size:102276 disposed:false
1312 silly fetch manifest npm-registry-fetch@^19.0.0
1313 silly packumentCache full:https://registry.npmjs.org/npm-registry-fetch cache-miss
1314 http fetch GET 200 https://registry.npmjs.org/@npmcli%2frun-script 33ms (cache revalidated)
1315 silly packumentCache full:https://registry.npmjs.org/@npmcli%2frun-script set size:199436 disposed:false
1316 silly fetch manifest @npmcli/package-json@^7.0.0
1317 silly packumentCache full:https://registry.npmjs.org/@npmcli%2fpackage-json cache-miss
1318 http fetch GET 200 https://registry.npmjs.org/npm-registry-fetch 25ms (cache revalidated)
1319 silly packumentCache full:https://registry.npmjs.org/npm-registry-fetch set size:279367 disposed:false
1320 silly fetch manifest @npmcli/promise-spawn@^9.0.0
1321 silly packumentCache full:https://registry.npmjs.org/@npmcli%2fpromise-spawn cache-miss
1322 http fetch GET 200 https://registry.npmjs.org/@npmcli%2fpackage-json 32ms (cache revalidated)
1323 silly packumentCache full:https://registry.npmjs.org/@npmcli%2fpackage-json set size:82094 disposed:false
1324 silly fetch manifest @npmcli/installed-package-contents@^4.0.0
1325 silly packumentCache full:https://registry.npmjs.org/@npmcli%2finstalled-package-contents cache-miss
1326 http fetch GET 200 https://registry.npmjs.org/@npmcli%2fpromise-spawn 37ms (cache revalidated)
1327 silly packumentCache full:https://registry.npmjs.org/@npmcli%2fpromise-spawn set size:68197 disposed:false
1328 silly fetch manifest cliui@^9.0.1
1329 silly packumentCache full:https://registry.npmjs.org/cliui cache-miss
1330 http fetch GET 200 https://registry.npmjs.org/@npmcli%2finstalled-package-contents 28ms (cache revalidated)
1331 silly packumentCache full:https://registry.npmjs.org/@npmcli%2finstalled-package-contents set size:48897 disposed:false
1332 silly fetch manifest escalade@^3.1.1
1333 silly packumentCache full:https://registry.npmjs.org/escalade cache-miss
1334 http fetch GET 200 https://registry.npmjs.org/cliui 27ms (cache revalidated)
1335 silly packumentCache full:https://registry.npmjs.org/cliui set size:69089 disposed:false
1336 silly fetch manifest get-caller-file@^2.0.5
1337 silly packumentCache full:https://registry.npmjs.org/get-caller-file cache-miss
1338 http fetch GET 200 https://registry.npmjs.org/@algolia%2frequester-browser-xhr 352ms (cache revalidated)
1339 silly packumentCache full:https://registry.npmjs.org/@algolia%2frequester-browser-xhr set size:886753 disposed:false
1340 silly fetch manifest string-width@^7.2.0
1341 silly packumentCache full:https://registry.npmjs.org/string-width cache-miss
1342 http fetch GET 200 https://registry.npmjs.org/escalade 26ms (cache revalidated)
1343 silly packumentCache full:https://registry.npmjs.org/escalade set size:33724 disposed:false
1344 silly fetch manifest y18n@^5.0.5
1345 silly packumentCache full:https://registry.npmjs.org/y18n cache-miss
1346 http fetch GET 200 https://registry.npmjs.org/@algolia%2fclient-query-suggestions 453ms (cache revalidated)
1347 silly packumentCache full:https://registry.npmjs.org/@algolia%2fclient-query-suggestions set size:1694100 disposed:false
1348 silly fetch manifest yargs-parser@^22.0.0
1349 silly packumentCache full:https://registry.npmjs.org/yargs-parser cache-miss
1350 http fetch GET 200 https://registry.npmjs.org/@algolia%2fclient-abtesting 654ms (cache revalidated)
1351 silly packumentCache full:https://registry.npmjs.org/@algolia%2fclient-abtesting set size:1671793 disposed:false
1352 http fetch GET 200 https://registry.npmjs.org/yargs-parser 46ms (cache revalidated)
1353 silly packumentCache full:https://registry.npmjs.org/yargs-parser set size:238630 disposed:false
1354 http fetch GET 200 https://registry.npmjs.org/y18n 241ms (cache revalidated)
1355 silly packumentCache full:https://registry.npmjs.org/y18n set size:76155 disposed:false
1356 http fetch GET 200 https://registry.npmjs.org/get-caller-file 253ms (cache revalidated)
1357 silly packumentCache full:https://registry.npmjs.org/get-caller-file set size:26456 disposed:false
1358 http fetch GET 200 https://registry.npmjs.org/string-width 248ms (cache revalidated)
1359 silly packumentCache full:https://registry.npmjs.org/string-width set size:70381 disposed:false
1360 http fetch GET 200 https://registry.npmjs.org/@algolia%2frequester-fetch 778ms (cache revalidated)
1361 silly packumentCache full:https://registry.npmjs.org/@algolia%2frequester-fetch set size:1784379 disposed:false
1362 http fetch GET 200 https://registry.npmjs.org/@algolia%2fclient-analytics 902ms (cache revalidated)
1363 silly packumentCache full:https://registry.npmjs.org/@algolia%2fclient-analytics set size:969845 disposed:false
1364 silly placeDep ROOT ora@9.3.0 OK for: @angular-devkit/schematics@21.2.11 want: 9.3.0
1365 silly fetch manifest chalk@^5.6.2
1366 silly packumentCache full:https://registry.npmjs.org/chalk cache-miss
1367 silly fetch manifest cli-cursor@^5.0.0
1368 silly packumentCache full:https://registry.npmjs.org/cli-cursor cache-miss
1369 silly fetch manifest log-symbols@^7.0.1
1370 silly packumentCache full:https://registry.npmjs.org/log-symbols cache-miss
1371 silly fetch manifest cli-spinners@^3.2.0
1372 silly packumentCache full:https://registry.npmjs.org/cli-spinners cache-miss
1373 silly fetch manifest string-width@^8.1.0
1374 silly packumentCache full:https://registry.npmjs.org/string-width cache-hit
1375 silly fetch manifest is-interactive@^2.0.0
1376 silly packumentCache full:https://registry.npmjs.org/is-interactive cache-miss
1377 silly fetch manifest stdin-discarder@^0.3.1
1378 silly packumentCache full:https://registry.npmjs.org/stdin-discarder cache-miss
1379 silly fetch manifest is-unicode-supported@^2.1.0
1380 silly packumentCache full:https://registry.npmjs.org/is-unicode-supported cache-miss
1381 http fetch GET 200 https://registry.npmjs.org/cli-cursor 119ms (cache revalidated)
1382 silly packumentCache full:https://registry.npmjs.org/cli-cursor set size:18913 disposed:false
1383 http fetch GET 200 https://registry.npmjs.org/is-interactive 119ms (cache revalidated)
1384 silly packumentCache full:https://registry.npmjs.org/is-interactive set size:10692 disposed:false
1385 http fetch GET 200 https://registry.npmjs.org/cli-spinners 121ms (cache revalidated)
1386 silly packumentCache full:https://registry.npmjs.org/cli-spinners set size:67473 disposed:false
1387 http fetch GET 200 https://registry.npmjs.org/log-symbols 124ms (cache revalidated)
1388 silly packumentCache full:https://registry.npmjs.org/log-symbols set size:31977 disposed:false
1389 http fetch GET 200 https://registry.npmjs.org/is-unicode-supported 123ms (cache revalidated)
1390 silly packumentCache full:https://registry.npmjs.org/is-unicode-supported set size:19461 disposed:false
1391 http fetch GET 200 https://registry.npmjs.org/chalk 252ms (cache revalidated)
1392 silly packumentCache full:https://registry.npmjs.org/chalk set size:117861 disposed:false
1393 http fetch GET 200 https://registry.npmjs.org/stdin-discarder 705ms (cache revalidated)
1394 silly packumentCache full:https://registry.npmjs.org/stdin-discarder set size:15211 disposed:false
1395 silly placeDep ROOT @jridgewell/sourcemap-codec@1.5.5 OK for: @angular/compiler-cli@21.2.13 want: ^1.4.14
1396 silly placeDep ROOT chokidar@5.0.0 OK for: @angular/compiler-cli@21.2.13 want: ^5.0.0
1397 silly placeDep ROOT convert-source-map@1.9.0 OK for: @angular/compiler-cli@21.2.13 want: ^1.5.1
1398 silly placeDep ROOT reflect-metadata@0.2.2 OK for: @angular/compiler-cli@21.2.13 want: ^0.2.0
1399 silly fetch manifest readdirp@^5.0.0
1400 silly packumentCache full:https://registry.npmjs.org/readdirp cache-miss
1401 http fetch GET 200 https://registry.npmjs.org/readdirp 38ms (cache revalidated)
1402 silly packumentCache full:https://registry.npmjs.org/readdirp set size:107589 disposed:false
1403 silly placeDep ROOT @standard-schema/spec@1.1.0 OK for: @angular/forms@21.2.13 want: ^1.0.0
1404 silly fetch manifest @babel/core@^7.0.0
1405 silly packumentCache full:https://registry.npmjs.org/@babel%2fcore cache-hit
1406 silly placeDep ROOT @babel/code-frame@7.29.0 OK for: @babel/core@7.29.0 want: ^7.29.0
1407 silly placeDep ROOT @babel/generator@7.29.1 OK for: @babel/core@7.29.0 want: ^7.29.0
1408 silly placeDep ROOT @babel/helper-compilation-targets@7.28.6 OK for: @babel/core@7.29.0 want: ^7.28.6
1409 silly placeDep ROOT @babel/helper-module-transforms@7.28.6 OK for: @babel/core@7.29.0 want: ^7.28.6
1410 silly placeDep ROOT @babel/helpers@7.29.2 OK for: @babel/core@7.29.0 want: ^7.28.6
1411 silly placeDep ROOT @babel/parser@7.29.3 OK for: @babel/core@7.29.0 want: ^7.29.0
1412 silly placeDep ROOT @babel/template@7.28.6 OK for: @babel/core@7.29.0 want: ^7.28.6
1413 silly placeDep ROOT @babel/traverse@7.29.0 OK for: @babel/core@7.29.0 want: ^7.29.0
1414 silly placeDep ROOT @babel/types@7.29.0 OK for: @babel/core@7.29.0 want: ^7.29.0
1415 silly placeDep ROOT @jridgewell/remapping@2.3.5 OK for: @babel/core@7.29.0 want: ^2.3.5
1416 silly placeDep node_modules/@babel/core convert-source-map@2.0.0 OK for: @babel/core@7.29.0 want: ^2.0.0
1417 silly placeDep ROOT debug@4.4.3 OK for: @babel/core@7.29.0 want: ^4.1.0
1418 silly placeDep ROOT gensync@1.0.0-beta.2 OK for: @babel/core@7.29.0 want: ^1.0.0-beta.2
1419 silly placeDep ROOT json5@2.2.3 OK for: @babel/core@7.29.0 want: ^2.2.3
1420 silly placeDep node_modules/@babel/core semver@6.3.1 OK for: @babel/core@7.29.0 want: ^6.3.1
1421 silly fetch manifest js-tokens@^4.0.0
1422 silly packumentCache full:https://registry.npmjs.org/js-tokens cache-miss
1423 silly fetch manifest @babel/helper-validator-identifier@^7.28.5
1424 silly packumentCache full:https://registry.npmjs.org/@babel%2fhelper-validator-identifier cache-miss
1425 silly fetch manifest jsesc@^3.0.2
1426 silly packumentCache full:https://registry.npmjs.org/jsesc cache-miss
1427 silly fetch manifest lru-cache@^5.1.1
1428 silly packumentCache full:https://registry.npmjs.org/lru-cache cache-miss
1429 silly fetch manifest @babel/compat-data@^7.28.6
1430 silly packumentCache full:https://registry.npmjs.org/@babel%2fcompat-data cache-miss
1431 silly fetch manifest @babel/helper-validator-option@^7.27.1
1432 silly packumentCache full:https://registry.npmjs.org/@babel%2fhelper-validator-option cache-miss
1433 silly fetch manifest @babel/traverse@^7.28.6
1434 silly packumentCache full:https://registry.npmjs.org/@babel%2ftraverse cache-hit
1435 silly fetch manifest @babel/helper-module-imports@^7.28.6
1436 silly packumentCache full:https://registry.npmjs.org/@babel%2fhelper-module-imports cache-miss
1437 http fetch GET 200 https://registry.npmjs.org/js-tokens 23ms (cache revalidated)
1438 silly packumentCache full:https://registry.npmjs.org/js-tokens set size:41947 disposed:false
1439 silly fetch manifest @babel/helper-validator-identifier@^7.28.5
1440 silly packumentCache full:https://registry.npmjs.org/@babel%2fhelper-validator-identifier cache-miss
1441 http fetch GET 200 https://registry.npmjs.org/lru-cache 27ms (cache revalidated)
1442 silly packumentCache full:https://registry.npmjs.org/lru-cache set size:443567 disposed:false
1443 silly fetch manifest @babel/types@^7.28.6
1444 silly packumentCache full:https://registry.npmjs.org/@babel%2ftypes cache-hit
1445 silly fetch manifest debug@^4.3.1
1446 silly packumentCache full:https://registry.npmjs.org/debug cache-hit
1447 silly fetch manifest @babel/helper-globals@^7.28.0
1448 silly packumentCache full:https://registry.npmjs.org/@babel%2fhelper-globals cache-miss
1449 http fetch GET 200 https://registry.npmjs.org/@babel%2fhelper-validator-identifier 46ms (cache revalidated)
1450 silly packumentCache full:https://registry.npmjs.org/@babel%2fhelper-validator-identifier set size:119950 disposed:false
1451 silly fetch manifest @babel/helper-string-parser@^7.27.1
1452 silly packumentCache full:https://registry.npmjs.org/@babel%2fhelper-string-parser cache-miss
1453 http fetch GET 200 https://registry.npmjs.org/@babel%2fhelper-validator-option 47ms (cache revalidated)
1454 silly packumentCache full:https://registry.npmjs.org/@babel%2fhelper-validator-option set size:95686 disposed:false
1455 silly fetch manifest ms@^2.1.3
1456 silly packumentCache full:https://registry.npmjs.org/ms cache-miss
1457 http fetch GET 200 https://registry.npmjs.org/jsesc 49ms (cache revalidated)
1458 silly packumentCache full:https://registry.npmjs.org/jsesc set size:61512 disposed:false
1459 http fetch GET 200 https://registry.npmjs.org/@babel%2fhelper-module-imports 49ms (cache revalidated)
1460 silly packumentCache full:https://registry.npmjs.org/@babel%2fhelper-module-imports set size:197300 disposed:false
1461 http fetch GET 200 https://registry.npmjs.org/@babel%2fcompat-data 52ms (cache revalidated)
1462 silly packumentCache full:https://registry.npmjs.org/@babel%2fcompat-data set size:311957 disposed:false
1463 http fetch GET 200 https://registry.npmjs.org/@babel%2fhelper-validator-identifier 30ms (cache revalidated)
1464 silly packumentCache full:https://registry.npmjs.org/@babel%2fhelper-validator-identifier set size:119950 disposed:false
1465 silly packumentCache full:https://registry.npmjs.org/@babel%2fhelper-validator-identifier dispose
1466 http fetch GET 200 https://registry.npmjs.org/@babel%2fhelper-globals 35ms (cache revalidated)
1467 silly packumentCache full:https://registry.npmjs.org/@babel%2fhelper-globals set size:19175 disposed:false
1468 http fetch GET 200 https://registry.npmjs.org/ms 33ms (cache revalidated)
1469 silly packumentCache full:https://registry.npmjs.org/ms set size:92208 disposed:false
1470 http fetch GET 200 https://registry.npmjs.org/@babel%2fhelper-string-parser 43ms (cache revalidated)
1471 silly packumentCache full:https://registry.npmjs.org/@babel%2fhelper-string-parser set size:85662 disposed:false
1472 silly placeDep ROOT @babel/helper-validator-identifier@7.28.5 OK for: @babel/code-frame@7.29.0 want: ^7.28.5
1473 silly placeDep ROOT js-tokens@4.0.0 OK for: @babel/code-frame@7.29.0 want: ^4.0.0
1474 silly placeDep ROOT picocolors@1.1.1 OK for: @babel/code-frame@7.29.0 want: ^1.1.1
1475 silly placeDep ROOT jsesc@3.1.0 OK for: @babel/generator@7.29.1 want: ^3.0.2
1476 silly placeDep ROOT @babel/compat-data@7.29.3 OK for: @babel/helper-compilation-targets@7.28.6 want: ^7.28.6
1477 silly placeDep ROOT @babel/helper-validator-option@7.27.1 OK for: @babel/helper-compilation-targets@7.28.6 want: ^7.27.1
1478 silly placeDep ROOT lru-cache@5.1.1 OK for: @babel/helper-compilation-targets@7.28.6 want: ^5.1.1
1479 silly placeDep node_modules/@babel/helper-compilation-targets semver@6.3.1 OK for: @babel/helper-compilation-targets@7.28.6 want: ^6.3.1
1480 silly fetch manifest yallist@^3.0.2
1481 silly packumentCache full:https://registry.npmjs.org/yallist cache-miss
1482 http fetch GET 200 https://registry.npmjs.org/yallist 19ms (cache revalidated)
1483 silly packumentCache full:https://registry.npmjs.org/yallist set size:34610 disposed:false
1484 silly placeDep ROOT @babel/helper-module-imports@7.28.6 OK for: @babel/helper-module-transforms@7.28.6 want: ^7.28.6
1485 silly placeDep ROOT @babel/helper-globals@7.28.0 OK for: @babel/traverse@7.29.0 want: ^7.28.0
1486 silly placeDep ROOT @babel/helper-string-parser@7.27.1 OK for: @babel/types@7.29.0 want: ^7.27.1
1487 silly placeDep ROOT @inquirer/core@10.3.2 OK for: @inquirer/confirm@5.1.21 want: ^10.3.2
1488 silly placeDep ROOT @inquirer/type@3.0.10 OK for: @inquirer/confirm@5.1.21 want: ^3.0.10
1489 silly fetch manifest cli-width@^4.1.0
1490 silly packumentCache full:https://registry.npmjs.org/cli-width cache-miss
1491 silly fetch manifest wrap-ansi@^6.2.0
1492 silly packumentCache full:https://registry.npmjs.org/wrap-ansi cache-hit
1493 silly fetch manifest mute-stream@^2.0.0
1494 silly packumentCache full:https://registry.npmjs.org/mute-stream cache-miss
1495 silly fetch manifest signal-exit@^4.1.0
1496 silly packumentCache full:https://registry.npmjs.org/signal-exit cache-miss
1497 silly fetch manifest @inquirer/ansi@^1.0.2
1498 silly packumentCache full:https://registry.npmjs.org/@inquirer%2fansi cache-miss
1499 silly fetch manifest yoctocolors-cjs@^2.1.3
1500 silly packumentCache full:https://registry.npmjs.org/yoctocolors-cjs cache-miss
1501 silly fetch manifest @inquirer/figures@^1.0.15
1502 silly packumentCache full:https://registry.npmjs.org/@inquirer%2ffigures cache-miss
1503 http fetch GET 200 https://registry.npmjs.org/mute-stream 22ms (cache revalidated)
1504 silly packumentCache full:https://registry.npmjs.org/mute-stream set size:24469 disposed:false
1505 http fetch GET 200 https://registry.npmjs.org/yoctocolors-cjs 22ms (cache revalidated)
1506 silly packumentCache full:https://registry.npmjs.org/yoctocolors-cjs set size:12865 disposed:false
1507 http fetch GET 200 https://registry.npmjs.org/cli-width 27ms (cache revalidated)
1508 silly packumentCache full:https://registry.npmjs.org/cli-width set size:24976 disposed:false
1509 http fetch GET 200 https://registry.npmjs.org/signal-exit 27ms (cache revalidated)
1510 silly packumentCache full:https://registry.npmjs.org/signal-exit set size:53489 disposed:false
1511 http fetch GET 200 https://registry.npmjs.org/@inquirer%2ffigures 36ms (cache revalidated)
1512 silly packumentCache full:https://registry.npmjs.org/@inquirer%2ffigures set size:52687 disposed:false
1513 http fetch GET 200 https://registry.npmjs.org/@inquirer%2fansi 42ms (cache revalidated)
1514 silly packumentCache full:https://registry.npmjs.org/@inquirer%2fansi set size:24508 disposed:false
1515 silly placeDep ROOT @inquirer/ansi@1.0.2 OK for: @inquirer/core@10.3.2 want: ^1.0.2
1516 silly placeDep ROOT @inquirer/figures@1.0.15 OK for: @inquirer/core@10.3.2 want: ^1.0.15
1517 silly placeDep ROOT cli-width@4.1.0 OK for: @inquirer/core@10.3.2 want: ^4.1.0
1518 silly placeDep ROOT mute-stream@2.0.0 OK for: @inquirer/core@10.3.2 want: ^2.0.0
1519 silly placeDep ROOT signal-exit@4.1.0 OK for: @inquirer/core@10.3.2 want: ^4.1.0
1520 silly placeDep ROOT wrap-ansi@6.2.0 OK for: @inquirer/core@10.3.2 want: ^6.2.0
1521 silly placeDep ROOT yoctocolors-cjs@2.1.3 OK for: @inquirer/core@10.3.2 want: ^2.1.3
1522 silly fetch manifest strip-ansi@^6.0.0
1523 silly packumentCache full:https://registry.npmjs.org/strip-ansi cache-miss
1524 silly fetch manifest ansi-styles@^4.0.0
1525 silly packumentCache full:https://registry.npmjs.org/ansi-styles cache-miss
1526 silly fetch manifest string-width@^4.1.0
1527 silly packumentCache full:https://registry.npmjs.org/string-width cache-hit
1528 http fetch GET 200 https://registry.npmjs.org/strip-ansi 18ms (cache revalidated)
1529 silly packumentCache full:https://registry.npmjs.org/strip-ansi set size:44998 disposed:false
1530 http fetch GET 200 https://registry.npmjs.org/ansi-styles 19ms (cache revalidated)
1531 silly packumentCache full:https://registry.npmjs.org/ansi-styles set size:63233 disposed:false
1532 silly placeDep ROOT @inquirer/checkbox@4.3.2 OK for: @inquirer/prompts@7.10.1 want: ^4.3.2
1533 silly placeDep ROOT @inquirer/editor@4.2.23 OK for: @inquirer/prompts@7.10.1 want: ^4.2.23
1534 silly placeDep ROOT @inquirer/expand@4.0.23 OK for: @inquirer/prompts@7.10.1 want: ^4.0.23
1535 silly placeDep ROOT @inquirer/input@4.3.1 OK for: @inquirer/prompts@7.10.1 want: ^4.3.1
1536 silly placeDep ROOT @inquirer/number@3.0.23 OK for: @inquirer/prompts@7.10.1 want: ^3.0.23
1537 silly placeDep ROOT @inquirer/password@4.0.23 OK for: @inquirer/prompts@7.10.1 want: ^4.0.23
1538 silly placeDep ROOT @inquirer/rawlist@4.1.11 OK for: @inquirer/prompts@7.10.1 want: ^4.1.11
1539 silly placeDep ROOT @inquirer/search@3.2.2 OK for: @inquirer/prompts@7.10.1 want: ^3.2.2
1540 silly placeDep ROOT @inquirer/select@4.4.2 OK for: @inquirer/prompts@7.10.1 want: ^4.4.2
1541 silly fetch manifest @inquirer/external-editor@^1.0.3
1542 silly packumentCache full:https://registry.npmjs.org/@inquirer%2fexternal-editor cache-miss
1543 http fetch GET 200 https://registry.npmjs.org/@inquirer%2fexternal-editor 44ms (cache revalidated)
1544 silly packumentCache full:https://registry.npmjs.org/@inquirer%2fexternal-editor set size:33131 disposed:false
1545 silly placeDep ROOT @inquirer/external-editor@1.0.3 OK for: @inquirer/editor@4.2.23 want: ^1.0.3
1546 silly fetch manifest chardet@^2.1.1
1547 silly packumentCache full:https://registry.npmjs.org/chardet cache-miss
1548 silly fetch manifest iconv-lite@^0.7.0
1549 silly packumentCache full:https://registry.npmjs.org/iconv-lite cache-miss
1550 http fetch GET 200 https://registry.npmjs.org/iconv-lite 29ms (cache revalidated)
1551 silly packumentCache full:https://registry.npmjs.org/iconv-lite set size:120557 disposed:false
1552 http fetch GET 200 https://registry.npmjs.org/chardet 248ms (cache revalidated)
1553 silly packumentCache full:https://registry.npmjs.org/chardet set size:70553 disposed:false
1554 silly placeDep ROOT chardet@2.1.1 OK for: @inquirer/external-editor@1.0.3 want: ^2.1.1
1555 silly placeDep ROOT iconv-lite@0.7.2 OK for: @inquirer/external-editor@1.0.3 want: ^0.7.0
1556 silly fetch manifest safer-buffer@>= 2.1.2 < 3.0.0
1557 silly packumentCache full:https://registry.npmjs.org/safer-buffer cache-miss
1558 http fetch GET 200 https://registry.npmjs.org/safer-buffer 32ms (cache revalidated)
1559 silly packumentCache full:https://registry.npmjs.org/safer-buffer set size:18521 disposed:false
1560 silly placeDep ROOT @jridgewell/resolve-uri@3.1.2 OK for: @jridgewell/trace-mapping@0.3.31 want: ^3.1.0
1561 silly placeDep ROOT @hono/node-server@1.19.14 OK for: @modelcontextprotocol/sdk@1.26.0 want: ^1.19.9
1562 silly placeDep ROOT hono@4.12.18 OK for: @hono/node-server@1.19.14 want: ^4
1563 silly placeDep ROOT content-type@1.0.5 OK for: @modelcontextprotocol/sdk@1.26.0 want: ^1.0.5
1564 silly placeDep ROOT cors@2.8.6 OK for: @modelcontextprotocol/sdk@1.26.0 want: ^2.8.5
1565 silly placeDep ROOT cross-spawn@7.0.6 OK for: @modelcontextprotocol/sdk@1.26.0 want: ^7.0.5
1566 silly placeDep ROOT eventsource@3.0.7 OK for: @modelcontextprotocol/sdk@1.26.0 want: ^3.0.2
1567 silly placeDep ROOT eventsource-parser@3.0.8 OK for: @modelcontextprotocol/sdk@1.26.0 want: ^3.0.0
1568 silly placeDep ROOT express@5.2.1 OK for: @modelcontextprotocol/sdk@1.26.0 want: ^5.2.1
1569 silly placeDep ROOT express-rate-limit@8.5.2 OK for: @modelcontextprotocol/sdk@1.26.0 want: ^8.2.1
1570 silly placeDep ROOT jose@6.2.3 OK for: @modelcontextprotocol/sdk@1.26.0 want: ^6.1.3
1571 silly placeDep ROOT json-schema-typed@8.0.2 OK for: @modelcontextprotocol/sdk@1.26.0 want: ^8.0.2
1572 silly placeDep ROOT pkce-challenge@5.0.1 OK for: @modelcontextprotocol/sdk@1.26.0 want: ^5.0.0
1573 silly placeDep ROOT raw-body@3.0.2 OK for: @modelcontextprotocol/sdk@1.26.0 want: ^3.0.0
1574 silly placeDep ROOT zod-to-json-schema@3.25.2 OK for: @modelcontextprotocol/sdk@1.26.0 want: ^3.25.1
1575 silly fetch manifest object-assign@^4
1576 silly packumentCache full:https://registry.npmjs.org/object-assign cache-miss
1577 silly fetch manifest vary@^1
1578 silly packumentCache full:https://registry.npmjs.org/vary cache-miss
1579 silly fetch manifest which@^2.0.1
1580 silly packumentCache full:https://registry.npmjs.org/which cache-miss
1581 silly fetch manifest path-key@^3.1.0
1582 silly packumentCache full:https://registry.npmjs.org/path-key cache-miss
1583 silly fetch manifest shebang-command@^2.0.0
1584 silly packumentCache full:https://registry.npmjs.org/shebang-command cache-miss
1585 silly fetch manifest eventsource-parser@^3.0.1
1586 silly packumentCache full:https://registry.npmjs.org/eventsource-parser cache-hit
1587 silly fetch manifest qs@^6.14.0
1588 silly packumentCache full:https://registry.npmjs.org/qs cache-miss
1589 silly fetch manifest depd@^2.0.0
1590 silly packumentCache full:https://registry.npmjs.org/depd cache-miss
1591 http fetch GET 200 https://registry.npmjs.org/path-key 25ms (cache revalidated)
1592 silly packumentCache full:https://registry.npmjs.org/path-key set size:16975 disposed:false
1593 silly fetch manifest etag@^1.8.1
1594 silly packumentCache full:https://registry.npmjs.org/etag cache-miss
1595 http fetch GET 200 https://registry.npmjs.org/which 26ms (cache revalidated)
1596 silly packumentCache full:https://registry.npmjs.org/which set size:70143 disposed:false
1597 silly fetch manifest once@^1.4.0
1598 silly packumentCache full:https://registry.npmjs.org/once cache-miss
1599 http fetch GET 200 https://registry.npmjs.org/object-assign 29ms (cache revalidated)
1600 silly packumentCache full:https://registry.npmjs.org/object-assign set size:28988 disposed:false
1601 silly fetch manifest send@^1.1.0
1602 silly packumentCache full:https://registry.npmjs.org/send cache-miss
1603 http fetch GET 200 https://registry.npmjs.org/qs 29ms (cache revalidated)
1604 silly packumentCache full:https://registry.npmjs.org/qs set size:353582 disposed:false
1605 silly fetch manifest vary@^1.1.2
1606 silly packumentCache full:https://registry.npmjs.org/vary cache-miss
1607 http fetch GET 200 https://registry.npmjs.org/vary 36ms (cache revalidated)
1608 silly packumentCache full:https://registry.npmjs.org/vary set size:15994 disposed:false
1609 silly fetch manifest fresh@^2.0.0
1610 silly packumentCache full:https://registry.npmjs.org/fresh cache-miss
1611 http fetch GET 200 https://registry.npmjs.org/depd 36ms (cache revalidated)
1612 silly packumentCache full:https://registry.npmjs.org/depd set size:40182 disposed:false
1613 silly fetch manifest cookie@^0.7.1
1614 silly packumentCache full:https://registry.npmjs.org/cookie cache-miss
1615 http fetch GET 200 https://registry.npmjs.org/etag 30ms (cache revalidated)
1616 silly packumentCache full:https://registry.npmjs.org/etag set size:30032 disposed:false
1617 silly fetch manifest router@^2.2.0
1618 silly packumentCache full:https://registry.npmjs.org/router cache-miss
1619 http fetch GET 200 https://registry.npmjs.org/once 30ms (cache revalidated)
1620 silly packumentCache full:https://registry.npmjs.org/once set size:11752 disposed:false
1621 silly fetch manifest accepts@^2.0.0
1622 silly packumentCache full:https://registry.npmjs.org/accepts cache-miss
1623 http fetch GET 200 https://registry.npmjs.org/vary 26ms (cache revalidated)
1624 silly packumentCache full:https://registry.npmjs.org/vary set size:15994 disposed:false
1625 silly packumentCache full:https://registry.npmjs.org/vary dispose
1626 silly fetch manifest type-is@^2.0.1
1627 silly packumentCache full:https://registry.npmjs.org/type-is cache-miss
1628 http fetch GET 200 https://registry.npmjs.org/cookie 27ms (cache revalidated)
1629 silly packumentCache full:https://registry.npmjs.org/cookie set size:72891 disposed:false
1630 silly fetch manifest parseurl@^1.3.3
1631 silly packumentCache full:https://registry.npmjs.org/parseurl cache-miss
1632 http fetch GET 200 https://registry.npmjs.org/fresh 29ms (cache revalidated)
1633 silly packumentCache full:https://registry.npmjs.org/fresh set size:25427 disposed:false
1634 silly fetch manifest statuses@^2.0.1
1635 silly packumentCache full:https://registry.npmjs.org/statuses cache-miss
1636 http fetch GET 200 https://registry.npmjs.org/accepts 22ms (cache revalidated)
1637 silly packumentCache full:https://registry.npmjs.org/accepts set size:77054 disposed:false
1638 silly fetch manifest encodeurl@^2.0.0
1639 silly packumentCache full:https://registry.npmjs.org/encodeurl cache-miss
1640 http fetch GET 200 https://registry.npmjs.org/router 25ms (cache revalidated)
1641 silly packumentCache full:https://registry.npmjs.org/router set size:116499 disposed:false
1642 silly fetch manifest mime-types@^3.0.0
1643 silly packumentCache full:https://registry.npmjs.org/mime-types cache-miss
1644 http fetch GET 200 https://registry.npmjs.org/type-is 23ms (cache revalidated)
1645 silly packumentCache full:https://registry.npmjs.org/type-is set size:88614 disposed:false
1646 silly fetch manifest proxy-addr@^2.0.7
1647 silly packumentCache full:https://registry.npmjs.org/proxy-addr cache-miss
1648 http fetch GET 200 https://registry.npmjs.org/parseurl 25ms (cache revalidated)
1649 silly packumentCache full:https://registry.npmjs.org/parseurl set size:24148 disposed:false
1650 silly fetch manifest body-parser@^2.2.1
1651 silly packumentCache full:https://registry.npmjs.org/body-parser cache-miss
1652 http fetch GET 200 https://registry.npmjs.org/encodeurl 41ms (cache revalidated)
1653 silly packumentCache full:https://registry.npmjs.org/encodeurl set size:12296 disposed:false
1654 silly fetch manifest escape-html@^1.0.3
1655 silly packumentCache full:https://registry.npmjs.org/escape-html cache-miss
1656 http fetch GET 200 https://registry.npmjs.org/statuses 54ms (cache revalidated)
1657 silly packumentCache full:https://registry.npmjs.org/statuses set size:37117 disposed:false
1658 silly fetch manifest http-errors@^2.0.0
1659 silly packumentCache full:https://registry.npmjs.org/http-errors cache-miss
1660 http fetch GET 200 https://registry.npmjs.org/proxy-addr 38ms (cache revalidated)
1661 silly packumentCache full:https://registry.npmjs.org/proxy-addr set size:61619 disposed:false
1662 silly fetch manifest on-finished@^2.4.1
1663 silly packumentCache full:https://registry.npmjs.org/on-finished cache-miss
1664 http fetch GET 200 https://registry.npmjs.org/body-parser 33ms (cache revalidated)
1665 silly packumentCache full:https://registry.npmjs.org/body-parser set size:199299 disposed:false
1666 silly fetch manifest finalhandler@^2.1.0
1667 silly packumentCache full:https://registry.npmjs.org/finalhandler cache-miss
1668 http fetch GET 200 https://registry.npmjs.org/mime-types 43ms (cache revalidated)
1669 silly packumentCache full:https://registry.npmjs.org/mime-types set size:139110 disposed:false
1670 silly fetch manifest range-parser@^1.2.1
1671 silly packumentCache full:https://registry.npmjs.org/range-parser cache-miss
1672 http fetch GET 200 https://registry.npmjs.org/http-errors 28ms (cache revalidated)
1673 silly packumentCache full:https://registry.npmjs.org/http-errors set size:71987 disposed:false
1674 silly fetch manifest serve-static@^2.2.0
1675 silly packumentCache full:https://registry.npmjs.org/serve-static cache-miss
1676 http fetch GET 200 https://registry.npmjs.org/on-finished 29ms (cache revalidated)
1677 silly packumentCache full:https://registry.npmjs.org/on-finished set size:23212 disposed:false
1678 silly fetch manifest cookie-signature@^1.2.1
1679 silly packumentCache full:https://registry.npmjs.org/cookie-signature cache-miss
1680 http fetch GET 200 https://registry.npmjs.org/finalhandler 28ms (cache revalidated)
1681 silly packumentCache full:https://registry.npmjs.org/finalhandler set size:79291 disposed:false
1682 silly fetch manifest merge-descriptors@^2.0.0
1683 silly packumentCache full:https://registry.npmjs.org/merge-descriptors cache-miss
1684 http fetch GET 200 https://registry.npmjs.org/range-parser 30ms (cache revalidated)
1685 silly packumentCache full:https://registry.npmjs.org/range-parser set size:22228 disposed:false
1686 silly fetch manifest content-disposition@^1.0.0
1687 silly packumentCache full:https://registry.npmjs.org/content-disposition cache-miss
1688 http fetch GET 200 https://registry.npmjs.org/escape-html 36ms (cache revalidated)
1689 silly packumentCache full:https://registry.npmjs.org/escape-html set size:7345 disposed:false
1690 silly fetch manifest ip-address@^10.2.0
1691 silly packumentCache full:https://registry.npmjs.org/ip-address cache-miss
1692 http fetch GET 200 https://registry.npmjs.org/serve-static 28ms (cache revalidated)
1693 silly packumentCache full:https://registry.npmjs.org/serve-static set size:150391 disposed:false
1694 silly fetch manifest bytes@~3.1.2
1695 silly packumentCache full:https://registry.npmjs.org/bytes cache-miss
1696 http fetch GET 200 https://registry.npmjs.org/cookie-signature 48ms (cache revalidated)
1697 silly packumentCache full:https://registry.npmjs.org/cookie-signature set size:21777 disposed:false
1698 silly fetch manifest unpipe@~1.0.0
1699 silly packumentCache full:https://registry.npmjs.org/unpipe cache-miss
1700 http fetch GET 200 https://registry.npmjs.org/bytes 22ms (cache revalidated)
1701 silly packumentCache full:https://registry.npmjs.org/bytes set size:37018 disposed:false
1702 silly fetch manifest http-errors@~2.0.1
1703 silly packumentCache full:https://registry.npmjs.org/http-errors cache-hit
1704 http fetch GET 200 https://registry.npmjs.org/merge-descriptors 51ms (cache revalidated)
1705 silly packumentCache full:https://registry.npmjs.org/merge-descriptors set size:16527 disposed:false
1706 http fetch GET 200 https://registry.npmjs.org/ip-address 50ms (cache revalidated)
1707 silly packumentCache full:https://registry.npmjs.org/ip-address set size:171530 disposed:false
1708 http fetch GET 200 https://registry.npmjs.org/content-disposition 55ms (cache revalidated)
1709 silly packumentCache full:https://registry.npmjs.org/content-disposition set size:40258 disposed:false
1710 http fetch GET 200 https://registry.npmjs.org/shebang-command 258ms (cache revalidated)
1711 silly packumentCache full:https://registry.npmjs.org/shebang-command set size:8525 disposed:false
1712 http fetch GET 200 https://registry.npmjs.org/send 336ms (cache revalidated)
1713 silly packumentCache full:https://registry.npmjs.org/send set size:152810 disposed:false
1714 http fetch GET 200 https://registry.npmjs.org/unpipe 244ms (cache revalidated)
1715 silly packumentCache full:https://registry.npmjs.org/unpipe set size:3609 disposed:false
1716 silly placeDep ROOT fast-deep-equal@3.1.3 OK for: ajv@8.18.0 want: ^3.1.3
1717 silly placeDep ROOT fast-uri@3.1.2 OK for: ajv@8.18.0 want: ^3.0.1
1718 silly placeDep ROOT json-schema-traverse@1.0.0 OK for: ajv@8.18.0 want: ^1.0.0
1719 silly placeDep ROOT require-from-string@2.0.2 OK for: ajv@8.18.0 want: ^2.0.2
1720 silly placeDep ROOT @algolia/abtesting@1.14.1 OK for: algoliasearch@5.48.1 want: 1.14.1
1721 silly placeDep ROOT @algolia/client-abtesting@5.48.1 OK for: algoliasearch@5.48.1 want: 5.48.1
1722 silly placeDep ROOT @algolia/client-analytics@5.48.1 OK for: algoliasearch@5.48.1 want: 5.48.1
1723 silly placeDep ROOT @algolia/client-common@5.48.1 OK for: algoliasearch@5.48.1 want: 5.48.1
1724 silly placeDep ROOT @algolia/client-insights@5.48.1 OK for: algoliasearch@5.48.1 want: 5.48.1
1725 silly placeDep ROOT @algolia/client-personalization@5.48.1 OK for: algoliasearch@5.48.1 want: 5.48.1
1726 silly placeDep ROOT @algolia/client-query-suggestions@5.48.1 OK for: algoliasearch@5.48.1 want: 5.48.1
1727 silly placeDep ROOT @algolia/client-search@5.48.1 OK for: algoliasearch@5.48.1 want: 5.48.1
1728 silly placeDep ROOT @algolia/ingestion@1.48.1 OK for: algoliasearch@5.48.1 want: 1.48.1
1729 silly placeDep ROOT @algolia/monitoring@1.48.1 OK for: algoliasearch@5.48.1 want: 1.48.1
1730 silly placeDep ROOT @algolia/recommend@5.48.1 OK for: algoliasearch@5.48.1 want: 5.48.1
1731 silly placeDep ROOT @algolia/requester-browser-xhr@5.48.1 OK for: algoliasearch@5.48.1 want: 5.48.1
1732 silly placeDep ROOT @algolia/requester-fetch@5.48.1 OK for: algoliasearch@5.48.1 want: 5.48.1
1733 silly placeDep ROOT @algolia/requester-node-http@5.48.1 OK for: algoliasearch@5.48.1 want: 5.48.1
1734 silly placeDep ROOT css-select@6.0.0 OK for: beasties@0.4.1 want: ^6.0.0
1735 silly placeDep ROOT css-what@7.0.0 OK for: beasties@0.4.1 want: ^7.0.0
1736 silly placeDep ROOT dom-serializer@2.0.0 OK for: beasties@0.4.1 want: ^2.0.0
1737 silly placeDep ROOT domhandler@5.0.3 OK for: beasties@0.4.1 want: ^5.0.3
1738 silly placeDep ROOT htmlparser2@10.1.0 OK for: beasties@0.4.1 want: ^10.0.0
1739 silly placeDep ROOT postcss@8.5.14 OK for: beasties@0.4.1 want: ^8.4.49
1740 silly placeDep ROOT postcss-media-query-parser@0.2.3 OK for: beasties@0.4.1 want: ^0.2.3
1741 silly placeDep ROOT postcss-safe-parser@7.0.1 OK for: beasties@0.4.1 want: ^7.0.1
1742 silly fetch manifest boolbase@^1.0.0
1743 silly packumentCache full:https://registry.npmjs.org/boolbase cache-miss
1744 silly fetch manifest domutils@^3.2.2
1745 silly packumentCache full:https://registry.npmjs.org/domutils cache-miss
1746 silly fetch manifest nth-check@^2.1.1
1747 silly packumentCache full:https://registry.npmjs.org/nth-check cache-miss
1748 silly fetch manifest entities@^4.2.0
1749 silly packumentCache full:https://registry.npmjs.org/entities cache-hit
1750 silly fetch manifest domhandler@^5.0.2
1751 silly packumentCache full:https://registry.npmjs.org/domhandler cache-hit
1752 silly fetch manifest domelementtype@^2.3.0
1753 silly packumentCache full:https://registry.npmjs.org/domelementtype cache-miss
1754 silly fetch manifest domelementtype@^2.3.0
1755 silly packumentCache full:https://registry.npmjs.org/domelementtype cache-miss
1756 silly fetch manifest domutils@^3.2.2
1757 silly packumentCache full:https://registry.npmjs.org/domutils cache-miss
1758 silly fetch manifest entities@^7.0.1
1759 silly packumentCache full:https://registry.npmjs.org/entities cache-hit
1760 silly fetch manifest domelementtype@^2.3.0
1761 silly packumentCache full:https://registry.npmjs.org/domelementtype cache-miss
1762 http fetch GET 200 https://registry.npmjs.org/nth-check 27ms (cache revalidated)
1763 silly packumentCache full:https://registry.npmjs.org/nth-check set size:27445 disposed:false
1764 silly fetch manifest nanoid@^3.3.11
1765 silly packumentCache full:https://registry.npmjs.org/nanoid cache-miss
1766 http fetch GET 200 https://registry.npmjs.org/domutils 29ms (cache revalidated)
1767 silly packumentCache full:https://registry.npmjs.org/domutils set size:110068 disposed:false
1768 silly fetch manifest source-map-js@^1.2.1
1769 silly packumentCache full:https://registry.npmjs.org/source-map-js cache-hit
1770 http fetch GET 200 https://registry.npmjs.org/boolbase 32ms (cache revalidated)
1771 silly packumentCache full:https://registry.npmjs.org/boolbase set size:4438 disposed:false
1772 http fetch GET 200 https://registry.npmjs.org/domelementtype 31ms (cache revalidated)
1773 silly packumentCache full:https://registry.npmjs.org/domelementtype set size:33363 disposed:false
1774 http fetch GET 200 https://registry.npmjs.org/domutils 31ms (cache revalidated)
1775 silly packumentCache full:https://registry.npmjs.org/domutils set size:110068 disposed:false
1776 silly packumentCache full:https://registry.npmjs.org/domutils dispose
1777 http fetch GET 200 https://registry.npmjs.org/nanoid 29ms (cache revalidated)
1778 silly packumentCache full:https://registry.npmjs.org/nanoid set size:310559 disposed:false
1779 http fetch GET 200 https://registry.npmjs.org/domelementtype 247ms (cache revalidated)
1780 silly packumentCache full:https://registry.npmjs.org/domelementtype set size:33363 disposed:false
1781 silly packumentCache full:https://registry.npmjs.org/domelementtype dispose
1782 http fetch GET 200 https://registry.npmjs.org/domelementtype 715ms (cache revalidated)
1783 silly packumentCache full:https://registry.npmjs.org/domelementtype set size:33363 disposed:true
1784 silly packumentCache full:https://registry.npmjs.org/domelementtype dispose
1785 silly fetch manifest browserslist@>= 4.21.0
1786 silly packumentCache full:https://registry.npmjs.org/browserslist cache-hit
1787 silly placeDep ROOT baseline-browser-mapping@2.10.29 OK for: browserslist@4.28.2 want: ^2.10.12
1788 silly placeDep ROOT caniuse-lite@1.0.30001792 OK for: browserslist@4.28.2 want: ^1.0.30001782
1789 silly placeDep ROOT electron-to-chromium@1.5.356 OK for: browserslist@4.28.2 want: ^1.5.328
1790 silly placeDep ROOT node-releases@2.0.44 OK for: browserslist@4.28.2 want: ^2.0.36
1791 silly placeDep ROOT update-browserslist-db@1.2.3 OK for: browserslist@4.28.2 want: ^1.2.3
1792 silly fetch manifest escalade@^3.2.0
1793 silly packumentCache full:https://registry.npmjs.org/escalade cache-hit
1794 silly placeDep ROOT readdirp@5.0.0 OK for: chokidar@5.0.0 want: ^5.0.0
1795 silly placeDep ROOT object-assign@4.1.1 OK for: cors@2.8.6 want: ^4
1796 silly placeDep ROOT vary@1.1.2 OK for: cors@2.8.6 want: ^1
1797 silly placeDep ROOT path-key@3.1.1 OK for: cross-spawn@7.0.6 want: ^3.1.0
1798 silly placeDep ROOT shebang-command@2.0.0 OK for: cross-spawn@7.0.6 want: ^2.0.0
1799 silly placeDep ROOT which@2.0.2 OK for: cross-spawn@7.0.6 want: ^2.0.1
1800 silly fetch manifest shebang-regex@^3.0.0
1801 silly packumentCache full:https://registry.npmjs.org/shebang-regex cache-miss
1802 silly fetch manifest isexe@^2.0.0
1803 silly packumentCache full:https://registry.npmjs.org/isexe cache-miss
1804 http fetch GET 200 https://registry.npmjs.org/shebang-regex 28ms (cache revalidated)
1805 silly packumentCache full:https://registry.npmjs.org/shebang-regex set size:9763 disposed:false
1806 http fetch GET 200 https://registry.npmjs.org/isexe 31ms (cache revalidated)
1807 silly packumentCache full:https://registry.npmjs.org/isexe set size:31756 disposed:false
1808 silly placeDep ROOT boolbase@1.0.0 OK for: css-select@6.0.0 want: ^1.0.0
1809 silly placeDep ROOT domutils@3.2.2 OK for: css-select@6.0.0 want: ^3.2.2
1810 silly placeDep ROOT nth-check@2.1.1 OK for: css-select@6.0.0 want: ^2.1.1
1811 silly placeDep ROOT ms@2.1.3 OK for: debug@4.4.3 want: ^2.1.3
1812 silly placeDep ROOT domelementtype@2.3.0 OK for: dom-serializer@2.0.0 want: ^2.3.0
1813 silly placeDep ROOT entities@4.5.0 OK for: dom-serializer@2.0.0 want: ^4.2.0
1814 silly placeDep ROOT @esbuild/aix-ppc64@0.27.3 OK for: esbuild@0.27.3 want: 0.27.3
1815 silly placeDep ROOT @esbuild/android-arm@0.27.3 OK for: esbuild@0.27.3 want: 0.27.3
1816 silly placeDep ROOT @esbuild/android-arm64@0.27.3 OK for: esbuild@0.27.3 want: 0.27.3
1817 silly placeDep ROOT @esbuild/android-x64@0.27.3 OK for: esbuild@0.27.3 want: 0.27.3
1818 silly placeDep ROOT @esbuild/darwin-arm64@0.27.3 OK for: esbuild@0.27.3 want: 0.27.3
1819 silly placeDep ROOT @esbuild/darwin-x64@0.27.3 OK for: esbuild@0.27.3 want: 0.27.3
1820 silly placeDep ROOT @esbuild/freebsd-arm64@0.27.3 OK for: esbuild@0.27.3 want: 0.27.3
1821 silly placeDep ROOT @esbuild/freebsd-x64@0.27.3 OK for: esbuild@0.27.3 want: 0.27.3
1822 silly placeDep ROOT @esbuild/linux-arm@0.27.3 OK for: esbuild@0.27.3 want: 0.27.3
1823 silly placeDep ROOT @esbuild/linux-arm64@0.27.3 OK for: esbuild@0.27.3 want: 0.27.3
1824 silly placeDep ROOT @esbuild/linux-ia32@0.27.3 OK for: esbuild@0.27.3 want: 0.27.3
1825 silly placeDep ROOT @esbuild/linux-loong64@0.27.3 OK for: esbuild@0.27.3 want: 0.27.3
1826 silly placeDep ROOT @esbuild/linux-mips64el@0.27.3 OK for: esbuild@0.27.3 want: 0.27.3
1827 silly placeDep ROOT @esbuild/linux-ppc64@0.27.3 OK for: esbuild@0.27.3 want: 0.27.3
1828 silly placeDep ROOT @esbuild/linux-riscv64@0.27.3 OK for: esbuild@0.27.3 want: 0.27.3
1829 silly placeDep ROOT @esbuild/linux-s390x@0.27.3 OK for: esbuild@0.27.3 want: 0.27.3
1830 silly placeDep ROOT @esbuild/linux-x64@0.27.3 OK for: esbuild@0.27.3 want: 0.27.3
1831 silly placeDep ROOT @esbuild/netbsd-arm64@0.27.3 OK for: esbuild@0.27.3 want: 0.27.3
1832 silly placeDep ROOT @esbuild/netbsd-x64@0.27.3 OK for: esbuild@0.27.3 want: 0.27.3
1833 silly placeDep ROOT @esbuild/openbsd-arm64@0.27.3 OK for: esbuild@0.27.3 want: 0.27.3
1834 silly placeDep ROOT @esbuild/openbsd-x64@0.27.3 OK for: esbuild@0.27.3 want: 0.27.3
1835 silly placeDep ROOT @esbuild/openharmony-arm64@0.27.3 OK for: esbuild@0.27.3 want: 0.27.3
1836 silly placeDep ROOT @esbuild/sunos-x64@0.27.3 OK for: esbuild@0.27.3 want: 0.27.3
1837 silly placeDep ROOT @esbuild/win32-arm64@0.27.3 OK for: esbuild@0.27.3 want: 0.27.3
1838 silly placeDep ROOT @esbuild/win32-ia32@0.27.3 OK for: esbuild@0.27.3 want: 0.27.3
1839 silly placeDep ROOT @esbuild/win32-x64@0.27.3 OK for: esbuild@0.27.3 want: 0.27.3
1840 silly placeDep ROOT accepts@2.0.0 OK for: express@5.2.1 want: ^2.0.0
1841 silly placeDep ROOT body-parser@2.2.2 OK for: express@5.2.1 want: ^2.2.1
1842 silly placeDep ROOT content-disposition@1.1.0 OK for: express@5.2.1 want: ^1.0.0
1843 silly placeDep ROOT cookie@0.7.2 OK for: express@5.2.1 want: ^0.7.1
1844 silly placeDep ROOT cookie-signature@1.2.2 OK for: express@5.2.1 want: ^1.2.1
1845 silly placeDep ROOT depd@2.0.0 OK for: express@5.2.1 want: ^2.0.0
1846 silly placeDep ROOT encodeurl@2.0.0 OK for: express@5.2.1 want: ^2.0.0
1847 silly placeDep ROOT escape-html@1.0.3 OK for: express@5.2.1 want: ^1.0.3
1848 silly placeDep ROOT etag@1.8.1 OK for: express@5.2.1 want: ^1.8.1
1849 silly placeDep ROOT finalhandler@2.1.1 OK for: express@5.2.1 want: ^2.1.0
1850 silly placeDep ROOT fresh@2.0.0 OK for: express@5.2.1 want: ^2.0.0
1851 silly placeDep ROOT http-errors@2.0.1 OK for: express@5.2.1 want: ^2.0.0
1852 silly placeDep ROOT merge-descriptors@2.0.0 OK for: express@5.2.1 want: ^2.0.0
1853 silly placeDep ROOT mime-types@3.0.2 OK for: express@5.2.1 want: ^3.0.0
1854 silly placeDep ROOT on-finished@2.4.1 OK for: express@5.2.1 want: ^2.4.1
1855 silly placeDep ROOT once@1.4.0 OK for: express@5.2.1 want: ^1.4.0
1856 silly placeDep ROOT parseurl@1.3.3 OK for: express@5.2.1 want: ^1.3.3
1857 silly placeDep ROOT proxy-addr@2.0.7 OK for: express@5.2.1 want: ^2.0.7
1858 silly placeDep ROOT qs@6.15.1 OK for: express@5.2.1 want: ^6.14.0
1859 silly placeDep ROOT range-parser@1.2.1 OK for: express@5.2.1 want: ^1.2.1
1860 silly placeDep ROOT router@2.2.0 OK for: express@5.2.1 want: ^2.2.0
1861 silly placeDep ROOT send@1.2.1 OK for: express@5.2.1 want: ^1.1.0
1862 silly placeDep ROOT serve-static@2.2.1 OK for: express@5.2.1 want: ^2.2.0
1863 silly placeDep ROOT statuses@2.0.2 OK for: express@5.2.1 want: ^2.0.1
1864 silly placeDep ROOT type-is@2.1.0 OK for: express@5.2.1 want: ^2.0.1
1865 silly fetch manifest negotiator@^1.0.0
1866 silly packumentCache full:https://registry.npmjs.org/negotiator cache-miss
1867 silly fetch manifest qs@^6.14.1
1868 silly packumentCache full:https://registry.npmjs.org/qs cache-hit
1869 silly fetch manifest bytes@^3.1.2
1870 silly packumentCache full:https://registry.npmjs.org/bytes cache-hit
1871 silly fetch manifest inherits@~2.0.4
1872 silly packumentCache full:https://registry.npmjs.org/inherits cache-miss
1873 silly fetch manifest setprototypeof@~1.2.0
1874 silly packumentCache full:https://registry.npmjs.org/setprototypeof cache-miss
1875 silly fetch manifest statuses@~2.0.2
1876 silly packumentCache full:https://registry.npmjs.org/statuses cache-hit
1877 silly fetch manifest toidentifier@~1.0.1
1878 silly packumentCache full:https://registry.npmjs.org/toidentifier cache-miss
1879 silly fetch manifest mime-db@^1.54.0
1880 silly packumentCache full:https://registry.npmjs.org/mime-db cache-miss
1881 silly fetch manifest ee-first@1.1.1
1882 silly packumentCache full:https://registry.npmjs.org/ee-first cache-miss
1883 silly fetch manifest wrappy@1
1884 silly packumentCache full:https://registry.npmjs.org/wrappy cache-miss
1885 http fetch GET 200 https://registry.npmjs.org/toidentifier 22ms (cache revalidated)
1886 silly packumentCache full:https://registry.npmjs.org/toidentifier set size:12006 disposed:false
1887 silly fetch manifest forwarded@0.2.0
1888 silly packumentCache full:https://registry.npmjs.org/forwarded cache-miss
1889 http fetch GET 200 https://registry.npmjs.org/wrappy 23ms (cache revalidated)
1890 silly packumentCache full:https://registry.npmjs.org/wrappy set size:7682 disposed:false
1891 silly fetch manifest ipaddr.js@1.9.1
1892 silly packumentCache full:https://registry.npmjs.org/ipaddr.js cache-miss
1893 http fetch GET 200 https://registry.npmjs.org/ee-first 26ms (cache revalidated)
1894 silly packumentCache full:https://registry.npmjs.org/ee-first set size:15327 disposed:false
1895 silly fetch manifest side-channel@^1.1.0
1896 silly packumentCache full:https://registry.npmjs.org/side-channel cache-miss
1897 http fetch GET 200 https://registry.npmjs.org/inherits 27ms (cache revalidated)
1898 silly packumentCache full:https://registry.npmjs.org/inherits set size:12925 disposed:false
1899 silly fetch manifest is-promise@^4.0.0
1900 silly packumentCache full:https://registry.npmjs.org/is-promise cache-miss
1901 http fetch GET 200 https://registry.npmjs.org/mime-db 27ms (cache revalidated)
1902 silly packumentCache full:https://registry.npmjs.org/mime-db set size:164953 disposed:false
1903 silly fetch manifest path-to-regexp@^8.0.0
1904 silly packumentCache full:https://registry.npmjs.org/path-to-regexp cache-miss
1905 http fetch GET 200 https://registry.npmjs.org/negotiator 31ms (cache revalidated)
1906 silly packumentCache full:https://registry.npmjs.org/negotiator set size:48046 disposed:false
1907 silly fetch manifest statuses@^2.0.2
1908 silly packumentCache full:https://registry.npmjs.org/statuses cache-hit
1909 silly fetch manifest content-type@^2.0.0
1910 silly packumentCache full:https://registry.npmjs.org/content-type cache-hit
1911 silly fetch manifest media-typer@^1.1.0
1912 silly packumentCache full:https://registry.npmjs.org/media-typer cache-miss
1913 http fetch GET 200 https://registry.npmjs.org/setprototypeof 34ms (cache revalidated)
1914 silly packumentCache full:https://registry.npmjs.org/setprototypeof set size:14532 disposed:false
1915 http fetch GET 200 https://registry.npmjs.org/media-typer 109ms (cache revalidated)
1916 silly packumentCache full:https://registry.npmjs.org/media-typer set size:20873 disposed:false
1917 http fetch GET 200 https://registry.npmjs.org/ipaddr.js 116ms (cache revalidated)
1918 silly packumentCache full:https://registry.npmjs.org/ipaddr.js set size:69563 disposed:false
1919 http fetch GET 200 https://registry.npmjs.org/forwarded 119ms (cache revalidated)
1920 silly packumentCache full:https://registry.npmjs.org/forwarded set size:11229 disposed:false
1921 http fetch GET 200 https://registry.npmjs.org/path-to-regexp 114ms (cache revalidated)
1922 silly packumentCache full:https://registry.npmjs.org/path-to-regexp set size:216334 disposed:false
1923 http fetch GET 200 https://registry.npmjs.org/side-channel 119ms (cache revalidated)
1924 silly packumentCache full:https://registry.npmjs.org/side-channel set size:24660 disposed:false
1925 http fetch GET 200 https://registry.npmjs.org/is-promise 119ms (cache revalidated)
1926 silly packumentCache full:https://registry.npmjs.org/is-promise set size:18599 disposed:false
1927 silly placeDep ROOT negotiator@1.0.0 OK for: accepts@2.0.0 want: ^1.0.0
1928 silly placeDep ROOT bytes@3.1.2 OK for: body-parser@2.2.2 want: ^3.1.2
1929 silly placeDep ROOT ip-address@10.2.0 OK for: express-rate-limit@8.5.2 want: ^10.2.0
1930 silly placeDep node_modules/htmlparser2 entities@7.0.1 OK for: htmlparser2@10.1.0 want: ^7.0.1
1931 silly placeDep ROOT inherits@2.0.4 OK for: http-errors@2.0.1 want: ~2.0.4
1932 silly placeDep ROOT setprototypeof@1.2.0 OK for: http-errors@2.0.1 want: ~1.2.0
1933 silly placeDep ROOT toidentifier@1.0.1 OK for: http-errors@2.0.1 want: ~1.0.1
1934 silly placeDep ROOT agent-base@7.1.4 OK for: https-proxy-agent@7.0.6 want: ^7.1.2
1935 silly placeDep ROOT safer-buffer@2.1.2 OK for: iconv-lite@0.7.2 want: >= 2.1.2 < 3.0.0
1936 silly placeDep ROOT @istanbuljs/schema@0.1.6 OK for: istanbul-lib-instrument@6.0.3 want: ^0.1.3
1937 silly placeDep ROOT istanbul-lib-coverage@3.2.2 OK for: istanbul-lib-instrument@6.0.3 want: ^3.2.0
1938 silly fetch manifest @noble/hashes@^1.8.0 || ^2.0.0
1939 silly packumentCache full:https://registry.npmjs.org/@noble%2fhashes cache-miss
1940 http fetch GET 200 https://registry.npmjs.org/@noble%2fhashes 50ms (cache revalidated)
1941 silly packumentCache full:https://registry.npmjs.org/@noble%2fhashes set size:217737 disposed:false
1942 silly placeDep ROOT @acemir/cssom@0.9.31 OK for: jsdom@28.1.0 want: ^0.9.31
1943 silly placeDep ROOT @asamuzakjp/dom-selector@6.8.1 OK for: jsdom@28.1.0 want: ^6.8.1
1944 silly placeDep ROOT @bramus/specificity@2.4.2 OK for: jsdom@28.1.0 want: ^2.4.2
1945 silly placeDep ROOT @exodus/bytes@1.15.0 OK for: jsdom@28.1.0 want: ^1.11.0
1946 silly placeDep ROOT cssstyle@6.2.0 OK for: jsdom@28.1.0 want: ^6.0.1
1947 silly placeDep ROOT data-urls@7.0.0 OK for: jsdom@28.1.0 want: ^7.0.0
1948 silly placeDep ROOT decimal.js@10.6.0 OK for: jsdom@28.1.0 want: ^10.6.0
1949 silly placeDep ROOT html-encoding-sniffer@6.0.0 OK for: jsdom@28.1.0 want: ^6.0.0
1950 silly placeDep ROOT http-proxy-agent@7.0.2 OK for: jsdom@28.1.0 want: ^7.0.2
1951 silly placeDep ROOT is-potential-custom-element-name@1.0.1 OK for: jsdom@28.1.0 want: ^1.0.1
1952 silly placeDep ROOT parse5@8.0.1 OK for: jsdom@28.1.0 want: ^8.0.0
1953 silly placeDep ROOT saxes@6.0.0 OK for: jsdom@28.1.0 want: ^6.0.0
1954 silly placeDep ROOT symbol-tree@3.2.4 OK for: jsdom@28.1.0 want: ^3.2.4
1955 silly placeDep ROOT tough-cookie@6.0.1 OK for: jsdom@28.1.0 want: ^6.0.0
1956 silly placeDep ROOT w3c-xmlserializer@5.0.0 OK for: jsdom@28.1.0 want: ^5.0.0
1957 silly placeDep ROOT webidl-conversions@8.0.1 OK for: jsdom@28.1.0 want: ^8.0.1
1958 silly placeDep ROOT whatwg-mimetype@5.0.0 OK for: jsdom@28.1.0 want: ^5.0.0
1959 silly placeDep ROOT whatwg-url@16.0.1 OK for: jsdom@28.1.0 want: ^16.0.0
1960 silly placeDep ROOT xml-name-validator@5.0.0 OK for: jsdom@28.1.0 want: ^5.0.0
1961 silly fetch manifest bidi-js@^1.0.3
1962 silly packumentCache full:https://registry.npmjs.org/bidi-js cache-miss
1963 silly fetch manifest css-tree@^3.1.0
1964 silly packumentCache full:https://registry.npmjs.org/css-tree cache-miss
1965 silly fetch manifest lru-cache@^11.2.6
1966 silly packumentCache full:https://registry.npmjs.org/lru-cache cache-hit
1967 silly fetch manifest @asamuzakjp/nwsapi@^2.3.9
1968 silly packumentCache full:https://registry.npmjs.org/@asamuzakjp%2fnwsapi cache-miss
1969 silly fetch manifest css-tree@^3.0.0
1970 silly packumentCache full:https://registry.npmjs.org/css-tree cache-miss
1971 silly fetch manifest @asamuzakjp/css-color@^5.0.1
1972 silly packumentCache full:https://registry.npmjs.org/@asamuzakjp%2fcss-color cache-miss
1973 silly fetch manifest @csstools/css-syntax-patches-for-csstree@^1.0.28
1974 silly packumentCache full:https://registry.npmjs.org/@csstools%2fcss-syntax-patches-for-csstree cache-miss
1975 silly fetch manifest css-tree@^3.1.0
1976 silly packumentCache full:https://registry.npmjs.org/css-tree cache-miss
1977 http fetch GET 200 https://registry.npmjs.org/bidi-js 24ms (cache revalidated)
1978 silly packumentCache full:https://registry.npmjs.org/bidi-js set size:17389 disposed:false
1979 silly fetch manifest entities@^8.0.0
1980 silly packumentCache full:https://registry.npmjs.org/entities cache-hit
1981 silly fetch manifest xmlchars@^2.2.0
1982 silly packumentCache full:https://registry.npmjs.org/xmlchars cache-miss
1983 http fetch GET 200 https://registry.npmjs.org/css-tree 27ms (cache revalidated)
1984 silly packumentCache full:https://registry.npmjs.org/css-tree set size:229638 disposed:false
1985 silly fetch manifest tldts@^7.0.5
1986 silly packumentCache full:https://registry.npmjs.org/tldts cache-miss
1987 http fetch GET 200 https://registry.npmjs.org/css-tree 30ms (cache revalidated)
1988 silly packumentCache full:https://registry.npmjs.org/css-tree set size:229638 disposed:false
1989 silly packumentCache full:https://registry.npmjs.org/css-tree dispose
1990 silly fetch manifest tr46@^6.0.0
1991 silly packumentCache full:https://registry.npmjs.org/tr46 cache-miss
1992 http fetch GET 200 https://registry.npmjs.org/css-tree 34ms (cache revalidated)
1993 silly packumentCache full:https://registry.npmjs.org/css-tree set size:229638 disposed:true
1994 silly packumentCache full:https://registry.npmjs.org/css-tree dispose
1995 http fetch GET 200 https://registry.npmjs.org/@asamuzakjp%2fcss-color 37ms (cache revalidated)
1996 silly packumentCache full:https://registry.npmjs.org/@asamuzakjp%2fcss-color set size:203410 disposed:false
1997 http fetch GET 200 https://registry.npmjs.org/xmlchars 24ms (cache revalidated)
1998 silly packumentCache full:https://registry.npmjs.org/xmlchars set size:33578 disposed:false
1999 http fetch GET 200 https://registry.npmjs.org/tldts 29ms (cache revalidated)
2000 silly packumentCache full:https://registry.npmjs.org/tldts set size:3401976 disposed:false
2001 http fetch GET 200 https://registry.npmjs.org/tr46 49ms (cache revalidated)
2002 silly packumentCache full:https://registry.npmjs.org/tr46 set size:47377 disposed:false
2003 http fetch GET 200 https://registry.npmjs.org/@csstools%2fcss-syntax-patches-for-csstree 448ms (cache revalidated)
2004 silly packumentCache full:https://registry.npmjs.org/@csstools%2fcss-syntax-patches-for-csstree set size:75610 disposed:false
2005 http fetch GET 200 https://registry.npmjs.org/@asamuzakjp%2fnwsapi 528ms (cache revalidated)
2006 silly packumentCache full:https://registry.npmjs.org/@asamuzakjp%2fnwsapi set size:61198 disposed:false
2007 silly placeDep ROOT @asamuzakjp/nwsapi@2.3.9 OK for: @asamuzakjp/dom-selector@6.8.1 want: ^2.3.9
2008 silly placeDep ROOT bidi-js@1.0.3 OK for: @asamuzakjp/dom-selector@6.8.1 want: ^1.0.3
2009 silly placeDep ROOT css-tree@3.2.1 OK for: @asamuzakjp/dom-selector@6.8.1 want: ^3.1.0
2010 silly placeDep node_modules/@asamuzakjp/dom-selector lru-cache@11.3.6 OK for: @asamuzakjp/dom-selector@6.8.1 want: ^11.2.6
2011 silly fetch manifest mdn-data@2.27.1
2012 silly packumentCache full:https://registry.npmjs.org/mdn-data cache-miss
2013 http fetch GET 200 https://registry.npmjs.org/mdn-data 29ms (cache revalidated)
2014 silly packumentCache full:https://registry.npmjs.org/mdn-data set size:175956 disposed:false
2015 silly placeDep ROOT mdn-data@2.27.1 OK for: css-tree@3.2.1 want: 2.27.1
2016 silly placeDep ROOT source-map-js@1.2.1 OK for: css-tree@3.2.1 want: ^1.2.1
2017 silly placeDep ROOT @asamuzakjp/css-color@5.1.11 OK for: cssstyle@6.2.0 want: ^5.0.1
2018 silly placeDep ROOT @csstools/css-syntax-patches-for-csstree@1.1.4 OK for: cssstyle@6.2.0 want: ^1.0.28
2019 silly placeDep node_modules/cssstyle lru-cache@11.3.6 OK for: cssstyle@6.2.0 want: ^11.2.6
2020 silly fetch manifest @csstools/css-calc@^3.2.0
2021 silly packumentCache full:https://registry.npmjs.org/@csstools%2fcss-calc cache-miss
2022 silly fetch manifest @csstools/css-tokenizer@^4.0.0
2023 silly packumentCache full:https://registry.npmjs.org/@csstools%2fcss-tokenizer cache-miss
2024 silly fetch manifest @csstools/css-color-parser@^4.1.0
2025 silly packumentCache full:https://registry.npmjs.org/@csstools%2fcss-color-parser cache-miss
2026 silly fetch manifest @asamuzakjp/generational-cache@^1.0.1
2027 silly packumentCache full:https://registry.npmjs.org/@asamuzakjp%2fgenerational-cache cache-miss
2028 silly fetch manifest @csstools/css-parser-algorithms@^4.0.0
2029 silly packumentCache full:https://registry.npmjs.org/@csstools%2fcss-parser-algorithms cache-miss
2030 http fetch GET 200 https://registry.npmjs.org/@csstools%2fcss-calc 44ms (cache revalidated)
2031 silly packumentCache full:https://registry.npmjs.org/@csstools%2fcss-calc set size:76338 disposed:false
2032 http fetch GET 200 https://registry.npmjs.org/@csstools%2fcss-tokenizer 47ms (cache revalidated)
2033 silly packumentCache full:https://registry.npmjs.org/@csstools%2fcss-tokenizer set size:61164 disposed:false
2034 http fetch GET 200 https://registry.npmjs.org/@csstools%2fcss-parser-algorithms 47ms (cache revalidated)
2035 silly packumentCache full:https://registry.npmjs.org/@csstools%2fcss-parser-algorithms set size:66140 disposed:false
2036 http fetch GET 200 https://registry.npmjs.org/@asamuzakjp%2fgenerational-cache 227ms (cache updated)
2037 silly packumentCache full:https://registry.npmjs.org/@asamuzakjp%2fgenerational-cache set size:undefined disposed:false
2038 http fetch GET 200 https://registry.npmjs.org/@csstools%2fcss-color-parser 258ms (cache revalidated)
2039 silly packumentCache full:https://registry.npmjs.org/@csstools%2fcss-color-parser set size:107633 disposed:false
2040 silly placeDep ROOT @asamuzakjp/generational-cache@1.0.1 OK for: @asamuzakjp/css-color@5.1.11 want: ^1.0.1
2041 silly placeDep ROOT @csstools/css-calc@3.2.1 OK for: @asamuzakjp/css-color@5.1.11 want: ^3.2.0
2042 silly placeDep ROOT @csstools/css-parser-algorithms@4.0.0 OK for: @csstools/css-calc@3.2.1 want: ^4.0.0
2043 silly placeDep ROOT @csstools/css-tokenizer@4.0.0 OK for: @csstools/css-parser-algorithms@4.0.0 want: ^4.0.0
2044 silly placeDep ROOT @csstools/css-color-parser@4.1.1 OK for: @asamuzakjp/css-color@5.1.11 want: ^4.1.0
2045 silly fetch manifest @csstools/color-helpers@^6.0.2
2046 silly packumentCache full:https://registry.npmjs.org/@csstools%2fcolor-helpers cache-miss
2047 http fetch GET 200 https://registry.npmjs.org/@csstools%2fcolor-helpers 114ms (cache revalidated)
2048 silly packumentCache full:https://registry.npmjs.org/@csstools%2fcolor-helpers set size:42946 disposed:false
2049 silly placeDep ROOT @csstools/color-helpers@6.0.2 OK for: @csstools/css-color-parser@4.1.1 want: ^6.0.2
2050 silly placeDep ROOT cli-truncate@5.2.0 OK for: listr2@9.0.5 want: ^5.0.0
2051 silly placeDep ROOT colorette@2.0.20 OK for: listr2@9.0.5 want: ^2.0.20
2052 silly placeDep ROOT eventemitter3@5.0.4 OK for: listr2@9.0.5 want: ^5.0.1
2053 silly placeDep ROOT log-update@6.1.0 OK for: listr2@9.0.5 want: ^6.1.0
2054 silly placeDep ROOT rfdc@1.4.1 OK for: listr2@9.0.5 want: ^1.4.1
2055 silly placeDep node_modules/listr2 wrap-ansi@9.0.2 OK for: listr2@9.0.5 want: ^9.0.0
2056 silly fetch manifest slice-ansi@^8.0.0
2057 silly packumentCache full:https://registry.npmjs.org/slice-ansi cache-miss
2058 silly fetch manifest string-width@^8.2.0
2059 silly packumentCache full:https://registry.npmjs.org/string-width cache-hit
2060 silly fetch manifest slice-ansi@^7.1.0
2061 silly packumentCache full:https://registry.npmjs.org/slice-ansi cache-miss
2062 silly fetch manifest strip-ansi@^7.1.0
2063 silly packumentCache full:https://registry.npmjs.org/strip-ansi cache-hit
2064 silly fetch manifest ansi-escapes@^7.0.0
2065 silly packumentCache full:https://registry.npmjs.org/ansi-escapes cache-miss
2066 silly fetch manifest strip-ansi@^7.1.0
2067 silly packumentCache full:https://registry.npmjs.org/strip-ansi cache-hit
2068 silly fetch manifest ansi-styles@^6.2.1
2069 silly packumentCache full:https://registry.npmjs.org/ansi-styles cache-hit
2070 silly fetch manifest string-width@^7.0.0
2071 silly packumentCache full:https://registry.npmjs.org/string-width cache-hit
2072 http fetch GET 200 https://registry.npmjs.org/slice-ansi 28ms (cache revalidated)
2073 silly packumentCache full:https://registry.npmjs.org/slice-ansi set size:36418 disposed:false
2074 http fetch GET 200 https://registry.npmjs.org/slice-ansi 32ms (cache revalidated)
2075 silly packumentCache full:https://registry.npmjs.org/slice-ansi set size:36418 disposed:false
2076 silly packumentCache full:https://registry.npmjs.org/slice-ansi dispose
2077 http fetch GET 200 https://registry.npmjs.org/ansi-escapes 32ms (cache revalidated)
2078 silly packumentCache full:https://registry.npmjs.org/ansi-escapes set size:70915 disposed:false
2079 silly placeDep ROOT slice-ansi@8.0.0 OK for: cli-truncate@5.2.0 want: ^8.0.0
2080 silly placeDep ROOT string-width@8.2.1 OK for: cli-truncate@5.2.0 want: ^8.2.0
2081 silly fetch manifest ansi-styles@^6.2.3
2082 silly packumentCache full:https://registry.npmjs.org/ansi-styles cache-hit
2083 silly fetch manifest is-fullwidth-code-point@^5.1.0
2084 silly packumentCache full:https://registry.npmjs.org/is-fullwidth-code-point cache-miss
2085 silly fetch manifest get-east-asian-width@^1.5.0
2086 silly packumentCache full:https://registry.npmjs.org/get-east-asian-width cache-miss
2087 silly fetch manifest strip-ansi@^7.1.2
2088 silly packumentCache full:https://registry.npmjs.org/strip-ansi cache-hit
2089 http fetch GET 200 https://registry.npmjs.org/is-fullwidth-code-point 27ms (cache revalidated)
2090 silly packumentCache full:https://registry.npmjs.org/is-fullwidth-code-point set size:14578 disposed:false
2091 http fetch GET 200 https://registry.npmjs.org/get-east-asian-width 345ms (cache revalidated)
2092 silly packumentCache full:https://registry.npmjs.org/get-east-asian-width set size:20538 disposed:false
2093 silly placeDep ROOT @harperfast/extended-iterable@1.0.3 OK for: lmdb@3.5.1 want: ^1.0.3
2094 silly placeDep ROOT @lmdb/lmdb-darwin-arm64@3.5.1 OK for: lmdb@3.5.1 want: 3.5.1
2095 silly placeDep ROOT @lmdb/lmdb-darwin-x64@3.5.1 OK for: lmdb@3.5.1 want: 3.5.1
2096 silly placeDep ROOT @lmdb/lmdb-linux-arm@3.5.1 OK for: lmdb@3.5.1 want: 3.5.1
2097 silly placeDep ROOT @lmdb/lmdb-linux-arm64@3.5.1 OK for: lmdb@3.5.1 want: 3.5.1
2098 silly placeDep ROOT @lmdb/lmdb-linux-x64@3.5.1 OK for: lmdb@3.5.1 want: 3.5.1
2099 silly placeDep ROOT @lmdb/lmdb-win32-arm64@3.5.1 OK for: lmdb@3.5.1 want: 3.5.1
2100 silly placeDep ROOT @lmdb/lmdb-win32-x64@3.5.1 OK for: lmdb@3.5.1 want: 3.5.1
2101 silly placeDep ROOT msgpackr@1.11.12 OK for: lmdb@3.5.1 want: ^1.11.2
2102 silly placeDep ROOT node-addon-api@6.1.0 OK for: lmdb@3.5.1 want: ^6.1.0
2103 silly placeDep ROOT node-gyp-build-optional-packages@5.2.2 OK for: lmdb@3.5.1 want: 5.2.2
2104 silly placeDep ROOT ordered-binary@1.6.1 OK for: lmdb@3.5.1 want: ^1.5.3
2105 silly placeDep ROOT weak-lru-cache@1.2.2 OK for: lmdb@3.5.1 want: ^1.2.2
2106 silly fetch manifest msgpackr-extract@^3.0.2
2107 silly packumentCache full:https://registry.npmjs.org/msgpackr-extract cache-miss
2108 silly fetch manifest detect-libc@^2.0.1
2109 silly packumentCache full:https://registry.npmjs.org/detect-libc cache-miss
2110 http fetch GET 200 https://registry.npmjs.org/detect-libc 27ms (cache revalidated)
2111 silly packumentCache full:https://registry.npmjs.org/detect-libc set size:47861 disposed:false
2112 http fetch GET 200 https://registry.npmjs.org/msgpackr-extract 350ms (cache revalidated)
2113 silly packumentCache full:https://registry.npmjs.org/msgpackr-extract set size:148696 disposed:false
2114 silly placeDep ROOT ansi-escapes@7.3.0 OK for: log-update@6.1.0 want: ^7.0.0
2115 silly placeDep ROOT cli-cursor@5.0.0 OK for: log-update@6.1.0 want: ^5.0.0
2116 silly placeDep node_modules/log-update slice-ansi@7.1.2 OK for: log-update@6.1.0 want: ^7.1.0
2117 silly placeDep ROOT strip-ansi@7.2.0 OK for: log-update@6.1.0 want: ^7.1.0
2118 silly placeDep node_modules/log-update wrap-ansi@9.0.2 OK for: log-update@6.1.0 want: ^9.0.0
2119 silly fetch manifest environment@^1.0.0
2120 silly packumentCache full:https://registry.npmjs.org/environment cache-miss
2121 silly fetch manifest restore-cursor@^5.0.0
2122 silly packumentCache full:https://registry.npmjs.org/restore-cursor cache-miss
2123 silly fetch manifest is-fullwidth-code-point@^5.0.0
2124 silly packumentCache full:https://registry.npmjs.org/is-fullwidth-code-point cache-hit
2125 silly fetch manifest ansi-regex@^6.2.2
2126 silly packumentCache full:https://registry.npmjs.org/ansi-regex cache-miss
2127 http fetch GET 200 https://registry.npmjs.org/environment 31ms (cache revalidated)
2128 silly packumentCache full:https://registry.npmjs.org/environment set size:13915 disposed:false
2129 http fetch GET 200 https://registry.npmjs.org/ansi-regex 32ms (cache revalidated)
2130 silly packumentCache full:https://registry.npmjs.org/ansi-regex set size:43572 disposed:false
2131 http fetch GET 200 https://registry.npmjs.org/restore-cursor 34ms (cache revalidated)
2132 silly packumentCache full:https://registry.npmjs.org/restore-cursor set size:17895 disposed:false
2133 silly placeDep ROOT environment@1.1.0 OK for: ansi-escapes@7.3.0 want: ^1.0.0
2134 silly placeDep ROOT restore-cursor@5.1.0 OK for: cli-cursor@5.0.0 want: ^5.0.0
2135 silly fetch manifest onetime@^7.0.0
2136 silly packumentCache full:https://registry.npmjs.org/onetime cache-miss
2137 http fetch GET 200 https://registry.npmjs.org/onetime 21ms (cache revalidated)
2138 silly packumentCache full:https://registry.npmjs.org/onetime set size:32314 disposed:false
2139 silly placeDep ROOT yallist@3.1.1 OK for: lru-cache@5.1.1 want: ^3.0.2
2140 silly placeDep ROOT mime-db@1.54.0 OK for: mime-types@3.0.2 want: ^1.54.0
2141 silly placeDep ROOT msgpackr-extract@3.0.3 OK for: msgpackr@1.11.12 want: ^3.0.2
2142 silly fetch manifest @msgpackr-extract/msgpackr-extract-darwin-arm64@3.0.3
2143 silly packumentCache full:https://registry.npmjs.org/@msgpackr-extract%2fmsgpackr-extract-darwin-arm64 cache-miss
2144 silly fetch manifest @msgpackr-extract/msgpackr-extract-darwin-x64@3.0.3
2145 silly packumentCache full:https://registry.npmjs.org/@msgpackr-extract%2fmsgpackr-extract-darwin-x64 cache-miss
2146 silly fetch manifest @msgpackr-extract/msgpackr-extract-linux-arm@3.0.3
2147 silly packumentCache full:https://registry.npmjs.org/@msgpackr-extract%2fmsgpackr-extract-linux-arm cache-miss
2148 silly fetch manifest @msgpackr-extract/msgpackr-extract-linux-arm64@3.0.3
2149 silly packumentCache full:https://registry.npmjs.org/@msgpackr-extract%2fmsgpackr-extract-linux-arm64 cache-miss
2150 silly fetch manifest @msgpackr-extract/msgpackr-extract-linux-x64@3.0.3
2151 silly packumentCache full:https://registry.npmjs.org/@msgpackr-extract%2fmsgpackr-extract-linux-x64 cache-miss
2152 silly fetch manifest @msgpackr-extract/msgpackr-extract-win32-x64@3.0.3
2153 silly packumentCache full:https://registry.npmjs.org/@msgpackr-extract%2fmsgpackr-extract-win32-x64 cache-miss
2154 http fetch GET 200 https://registry.npmjs.org/@msgpackr-extract%2fmsgpackr-extract-darwin-x64 38ms (cache revalidated)
2155 silly packumentCache full:https://registry.npmjs.org/@msgpackr-extract%2fmsgpackr-extract-darwin-x64 set size:24471 disposed:false
2156 http fetch GET 200 https://registry.npmjs.org/@msgpackr-extract%2fmsgpackr-extract-linux-x64 39ms (cache revalidated)
2157 silly packumentCache full:https://registry.npmjs.org/@msgpackr-extract%2fmsgpackr-extract-linux-x64 set size:24390 disposed:false
2158 http fetch GET 200 https://registry.npmjs.org/@msgpackr-extract%2fmsgpackr-extract-darwin-arm64 40ms (cache revalidated)
2159 silly packumentCache full:https://registry.npmjs.org/@msgpackr-extract%2fmsgpackr-extract-darwin-arm64 set size:24624 disposed:false
2160 http fetch GET 200 https://registry.npmjs.org/@msgpackr-extract%2fmsgpackr-extract-linux-arm 222ms (cache revalidated)
2161 silly packumentCache full:https://registry.npmjs.org/@msgpackr-extract%2fmsgpackr-extract-linux-arm set size:24389 disposed:false
2162 http fetch GET 200 https://registry.npmjs.org/@msgpackr-extract%2fmsgpackr-extract-linux-arm64 224ms (cache revalidated)
2163 silly packumentCache full:https://registry.npmjs.org/@msgpackr-extract%2fmsgpackr-extract-linux-arm64 set size:24535 disposed:false
2164 http fetch GET 200 https://registry.npmjs.org/@msgpackr-extract%2fmsgpackr-extract-win32-x64 336ms (cache revalidated)
2165 silly packumentCache full:https://registry.npmjs.org/@msgpackr-extract%2fmsgpackr-extract-win32-x64 set size:24400 disposed:false
2166 silly placeDep ROOT @msgpackr-extract/msgpackr-extract-darwin-arm64@3.0.3 OK for: msgpackr-extract@3.0.3 want: 3.0.3
2167 silly placeDep ROOT @msgpackr-extract/msgpackr-extract-darwin-x64@3.0.3 OK for: msgpackr-extract@3.0.3 want: 3.0.3
2168 silly placeDep ROOT @msgpackr-extract/msgpackr-extract-linux-arm@3.0.3 OK for: msgpackr-extract@3.0.3 want: 3.0.3
2169 silly placeDep ROOT @msgpackr-extract/msgpackr-extract-linux-arm64@3.0.3 OK for: msgpackr-extract@3.0.3 want: 3.0.3
2170 silly placeDep ROOT @msgpackr-extract/msgpackr-extract-linux-x64@3.0.3 OK for: msgpackr-extract@3.0.3 want: 3.0.3
2171 silly placeDep ROOT @msgpackr-extract/msgpackr-extract-win32-x64@3.0.3 OK for: msgpackr-extract@3.0.3 want: 3.0.3
2172 silly placeDep ROOT detect-libc@2.1.2 OK for: node-gyp-build-optional-packages@5.2.2 want: ^2.0.1
2173 silly placeDep ROOT hosted-git-info@9.0.3 OK for: npm-package-arg@13.0.2 want: ^9.0.0
2174 silly placeDep ROOT proc-log@6.1.0 OK for: npm-package-arg@13.0.2 want: ^6.0.0
2175 silly placeDep ROOT validate-npm-package-name@7.0.2 OK for: npm-package-arg@13.0.2 want: ^7.0.0
2176 silly fetch manifest lru-cache@^11.1.0
2177 silly packumentCache full:https://registry.npmjs.org/lru-cache cache-hit
2178 silly placeDep node_modules/hosted-git-info lru-cache@11.3.6 OK for: hosted-git-info@9.0.3 want: ^11.1.0
2179 silly placeDep ROOT ee-first@1.1.1 OK for: on-finished@2.4.1 want: 1.1.1
2180 silly placeDep ROOT wrappy@1.0.2 OK for: once@1.4.0 want: 1
2181 silly placeDep ROOT chalk@5.6.2 OK for: ora@9.3.0 want: ^5.6.2
2182 silly placeDep ROOT cli-spinners@3.4.0 OK for: ora@9.3.0 want: ^3.2.0
2183 silly placeDep ROOT is-interactive@2.0.0 OK for: ora@9.3.0 want: ^2.0.0
2184 silly placeDep ROOT is-unicode-supported@2.1.0 OK for: ora@9.3.0 want: ^2.1.0
2185 silly placeDep ROOT log-symbols@7.0.1 OK for: ora@9.3.0 want: ^7.0.1
2186 silly placeDep ROOT stdin-discarder@0.3.2 OK for: ora@9.3.0 want: ^0.3.1
2187 silly fetch manifest yoctocolors@^2.1.1
2188 silly packumentCache full:https://registry.npmjs.org/yoctocolors cache-miss
2189 http fetch GET 200 https://registry.npmjs.org/yoctocolors 25ms (cache revalidated)
2190 silly packumentCache full:https://registry.npmjs.org/yoctocolors set size:25767 disposed:false
2191 silly placeDep ROOT yoctocolors@2.1.2 OK for: log-symbols@7.0.1 want: ^2.1.1
2192 silly placeDep ROOT @npmcli/git@7.0.2 OK for: pacote@21.3.1 want: ^7.0.0
2193 silly placeDep ROOT @npmcli/installed-package-contents@4.0.0 OK for: pacote@21.3.1 want: ^4.0.0
2194 silly placeDep ROOT @npmcli/package-json@7.0.5 OK for: pacote@21.3.1 want: ^7.0.0
2195 silly placeDep ROOT @npmcli/promise-spawn@9.0.1 OK for: pacote@21.3.1 want: ^9.0.0
2196 silly placeDep ROOT @npmcli/run-script@10.0.4 OK for: pacote@21.3.1 want: ^10.0.0
2197 silly placeDep ROOT cacache@20.0.4 OK for: pacote@21.3.1 want: ^20.0.0
2198 silly placeDep ROOT fs-minipass@3.0.3 OK for: pacote@21.3.1 want: ^3.0.0
2199 silly placeDep ROOT minipass@7.1.3 OK for: pacote@21.3.1 want: ^7.0.2
2200 silly placeDep ROOT npm-packlist@10.0.4 OK for: pacote@21.3.1 want: ^10.0.1
2201 silly placeDep ROOT npm-pick-manifest@11.0.3 OK for: pacote@21.3.1 want: ^11.0.1
2202 silly placeDep ROOT npm-registry-fetch@19.1.1 OK for: pacote@21.3.1 want: ^19.0.0
2203 silly placeDep ROOT promise-retry@2.0.1 OK for: pacote@21.3.1 want: ^2.0.1
2204 silly placeDep ROOT sigstore@4.1.0 OK for: pacote@21.3.1 want: ^4.0.0
2205 silly placeDep ROOT ssri@13.0.1 OK for: pacote@21.3.1 want: ^13.0.0
2206 silly placeDep ROOT tar@7.5.15 OK for: pacote@21.3.1 want: ^7.4.3
2207 silly fetch manifest which@^6.0.0
2208 silly packumentCache full:https://registry.npmjs.org/which cache-hit
2209 silly fetch manifest lru-cache@^11.2.1
2210 silly packumentCache full:https://registry.npmjs.org/lru-cache cache-hit
2211 silly fetch manifest @gar/promise-retry@^1.0.0
2212 silly packumentCache full:https://registry.npmjs.org/@gar%2fpromise-retry cache-miss
2213 silly fetch manifest npm-bundled@^5.0.0
2214 silly packumentCache full:https://registry.npmjs.org/npm-bundled cache-miss
2215 silly fetch manifest npm-normalize-package-bin@^5.0.0
2216 silly packumentCache full:https://registry.npmjs.org/npm-normalize-package-bin cache-miss
2217 silly fetch manifest glob@^13.0.0
2218 silly packumentCache full:https://registry.npmjs.org/glob cache-miss
2219 silly fetch manifest spdx-expression-parse@^4.0.0
2220 silly packumentCache full:https://registry.npmjs.org/spdx-expression-parse cache-miss
2221 silly fetch manifest json-parse-even-better-errors@^5.0.0
2222 silly packumentCache full:https://registry.npmjs.org/json-parse-even-better-errors cache-miss
2223 silly fetch manifest node-gyp@^12.1.0
2224 silly packumentCache full:https://registry.npmjs.org/node-gyp cache-miss
2225 http fetch GET 200 https://registry.npmjs.org/glob 27ms (cache revalidated)
2226 silly packumentCache full:https://registry.npmjs.org/glob set size:469465 disposed:false
2227 silly fetch manifest @npmcli/node-gyp@^5.0.0
2228 silly packumentCache full:https://registry.npmjs.org/@npmcli%2fnode-gyp cache-miss
2229 http fetch GET 200 https://registry.npmjs.org/json-parse-even-better-errors 31ms (cache revalidated)
2230 silly packumentCache full:https://registry.npmjs.org/json-parse-even-better-errors set size:37274 disposed:false
2231 silly fetch manifest p-map@^7.0.2
2232 silly packumentCache full:https://registry.npmjs.org/p-map cache-miss
2233 http fetch GET 200 https://registry.npmjs.org/npm-normalize-package-bin 34ms (cache revalidated)
2234 silly packumentCache full:https://registry.npmjs.org/npm-normalize-package-bin set size:24461 disposed:false
2235 silly fetch manifest minipass@^7.0.3
2236 silly packumentCache full:https://registry.npmjs.org/minipass cache-hit
2237 silly fetch manifest @npmcli/fs@^5.0.0
2238 silly packumentCache full:https://registry.npmjs.org/@npmcli%2ffs cache-miss
2239 http fetch GET 200 https://registry.npmjs.org/npm-bundled 35ms (cache revalidated)
2240 silly packumentCache full:https://registry.npmjs.org/npm-bundled set size:41327 disposed:false
2241 silly fetch manifest minipass-flush@^1.0.5
2242 silly packumentCache full:https://registry.npmjs.org/minipass-flush cache-miss
2243 http fetch GET 200 https://registry.npmjs.org/spdx-expression-parse 36ms (cache revalidated)
2244 silly packumentCache full:https://registry.npmjs.org/spdx-expression-parse set size:29500 disposed:false
2245 silly fetch manifest minipass-collect@^2.0.1
2246 silly packumentCache full:https://registry.npmjs.org/minipass-collect cache-miss
2247 http fetch GET 200 https://registry.npmjs.org/@gar%2fpromise-retry 46ms (cache revalidated)
2248 silly packumentCache full:https://registry.npmjs.org/@gar%2fpromise-retry set size:11490 disposed:false
2249 silly fetch manifest minipass-pipeline@^1.2.4
2250 silly packumentCache full:https://registry.npmjs.org/minipass-pipeline cache-miss
2251 http fetch GET 200 https://registry.npmjs.org/p-map 24ms (cache revalidated)
2252 silly packumentCache full:https://registry.npmjs.org/p-map set size:52373 disposed:false
2253 silly fetch manifest ignore-walk@^8.0.0
2254 silly packumentCache full:https://registry.npmjs.org/ignore-walk cache-miss
2255 http fetch GET 200 https://registry.npmjs.org/minipass-flush 24ms (cache revalidated)
2256 silly packumentCache full:https://registry.npmjs.org/minipass-flush set size:21037 disposed:false
2257 silly fetch manifest npm-install-checks@^8.0.0
2258 silly packumentCache full:https://registry.npmjs.org/npm-install-checks cache-miss
2259 http fetch GET 200 https://registry.npmjs.org/@npmcli%2fnode-gyp 34ms (cache revalidated)
2260 silly packumentCache full:https://registry.npmjs.org/@npmcli%2fnode-gyp set size:24278 disposed:false
2261 silly fetch manifest minizlib@^3.0.1
2262 silly packumentCache full:https://registry.npmjs.org/minizlib cache-miss
2263 http fetch GET 200 https://registry.npmjs.org/@npmcli%2ffs 34ms (cache revalidated)
2264 silly packumentCache full:https://registry.npmjs.org/@npmcli%2ffs set size:40445 disposed:false
2265 silly fetch manifest jsonparse@^1.3.1
2266 silly packumentCache full:https://registry.npmjs.org/jsonparse cache-miss
2267 http fetch GET 200 https://registry.npmjs.org/minipass-pipeline 25ms (cache revalidated)
2268 silly packumentCache full:https://registry.npmjs.org/minipass-pipeline set size:32257 disposed:false
2269 silly fetch manifest @npmcli/redact@^4.0.0
2270 silly packumentCache full:https://registry.npmjs.org/@npmcli%2fredact cache-miss
2271 http fetch GET 200 https://registry.npmjs.org/ignore-walk 24ms (cache revalidated)
2272 silly packumentCache full:https://registry.npmjs.org/ignore-walk set size:71031 disposed:false
2273 silly fetch manifest minipass-fetch@^5.0.0
2274 silly packumentCache full:https://registry.npmjs.org/minipass-fetch cache-miss
2275 http fetch GET 200 https://registry.npmjs.org/npm-install-checks 22ms (cache revalidated)
2276 silly packumentCache full:https://registry.npmjs.org/npm-install-checks set size:59204 disposed:false
2277 silly fetch manifest make-fetch-happen@^15.0.0
2278 silly packumentCache full:https://registry.npmjs.org/make-fetch-happen cache-miss
2279 http fetch GET 200 https://registry.npmjs.org/minizlib 20ms (cache revalidated)
2280 silly packumentCache full:https://registry.npmjs.org/minizlib set size:62862 disposed:false
2281 silly fetch manifest err-code@^2.0.2
2282 silly packumentCache full:https://registry.npmjs.org/err-code cache-miss
2283 http fetch GET 200 https://registry.npmjs.org/jsonparse 20ms (cache revalidated)
2284 silly packumentCache full:https://registry.npmjs.org/jsonparse set size:15932 disposed:false
2285 silly fetch manifest retry@^0.12.0
2286 silly packumentCache full:https://registry.npmjs.org/retry cache-miss
2287 http fetch GET 200 https://registry.npmjs.org/@npmcli%2fredact 35ms (cache revalidated)
2288 silly packumentCache full:https://registry.npmjs.org/@npmcli%2fredact set size:32911 disposed:false
2289 silly fetch manifest @sigstore/bundle@^4.0.0
2290 silly packumentCache full:https://registry.npmjs.org/@sigstore%2fbundle cache-miss
2291 http fetch GET 200 https://registry.npmjs.org/make-fetch-happen 25ms (cache revalidated)
2292 silly packumentCache full:https://registry.npmjs.org/make-fetch-happen set size:373638 disposed:false
2293 silly fetch manifest @sigstore/core@^3.1.0
2294 silly packumentCache full:https://registry.npmjs.org/@sigstore%2fcore cache-miss
2295 http fetch GET 200 https://registry.npmjs.org/err-code 25ms (cache revalidated)
2296 silly packumentCache full:https://registry.npmjs.org/err-code set size:29518 disposed:false
2297 silly fetch manifest @sigstore/protobuf-specs@^0.5.0
2298 silly packumentCache full:https://registry.npmjs.org/@sigstore%2fprotobuf-specs cache-miss
2299 http fetch GET 200 https://registry.npmjs.org/retry 23ms (cache revalidated)
2300 silly packumentCache full:https://registry.npmjs.org/retry set size:31161 disposed:false
2301 silly fetch manifest @sigstore/sign@^4.1.0
2302 silly packumentCache full:https://registry.npmjs.org/@sigstore%2fsign cache-miss
2303 http fetch GET 200 https://registry.npmjs.org/minipass-fetch 32ms (cache revalidated)
2304 silly packumentCache full:https://registry.npmjs.org/minipass-fetch set size:109078 disposed:false
2305 silly fetch manifest @sigstore/tuf@^4.0.1
2306 silly packumentCache full:https://registry.npmjs.org/@sigstore%2ftuf cache-miss
2307 http fetch GET 200 https://registry.npmjs.org/@sigstore%2fcore 33ms (cache revalidated)
2308 silly packumentCache full:https://registry.npmjs.org/@sigstore%2fcore set size:15387 disposed:false
2309 silly fetch manifest @sigstore/verify@^3.1.0
2310 silly packumentCache full:https://registry.npmjs.org/@sigstore%2fverify cache-miss
2311 http fetch GET 200 https://registry.npmjs.org/@sigstore%2fprotobuf-specs 35ms (cache revalidated)
2312 silly packumentCache full:https://registry.npmjs.org/@sigstore%2fprotobuf-specs set size:27957 disposed:false
2313 silly fetch manifest @isaacs/fs-minipass@^4.0.0
2314 silly packumentCache full:https://registry.npmjs.org/@isaacs%2ffs-minipass cache-miss
2315 http fetch GET 200 https://registry.npmjs.org/@sigstore%2fsign 33ms (cache revalidated)
2316 silly packumentCache full:https://registry.npmjs.org/@sigstore%2fsign set size:39638 disposed:false
2317 silly fetch manifest chownr@^3.0.0
2318 silly packumentCache full:https://registry.npmjs.org/chownr cache-miss
2319 http fetch GET 200 https://registry.npmjs.org/@sigstore%2ftuf 37ms (cache revalidated)
2320 silly packumentCache full:https://registry.npmjs.org/@sigstore%2ftuf set size:39378 disposed:false
2321 silly fetch manifest minizlib@^3.1.0
2322 silly packumentCache full:https://registry.npmjs.org/minizlib cache-hit
2323 silly fetch manifest yallist@^5.0.0
2324 silly packumentCache full:https://registry.npmjs.org/yallist cache-hit
2325 http fetch GET 200 https://registry.npmjs.org/@sigstore%2fbundle 50ms (cache revalidated)
2326 silly packumentCache full:https://registry.npmjs.org/@sigstore%2fbundle set size:23167 disposed:false
2327 http fetch GET 200 https://registry.npmjs.org/chownr 20ms (cache revalidated)
2328 silly packumentCache full:https://registry.npmjs.org/chownr set size:22157 disposed:false
2329 http fetch GET 200 https://registry.npmjs.org/@sigstore%2fverify 33ms (cache revalidated)
2330 silly packumentCache full:https://registry.npmjs.org/@sigstore%2fverify set size:21996 disposed:false
2331 http fetch GET 200 https://registry.npmjs.org/minipass-collect 312ms (cache revalidated)
2332 silly packumentCache full:https://registry.npmjs.org/minipass-collect set size:12471 disposed:false
2333 http fetch GET 200 https://registry.npmjs.org/node-gyp 473ms (cache revalidated)
2334 silly packumentCache full:https://registry.npmjs.org/node-gyp set size:317909 disposed:false
2335 http fetch GET 200 https://registry.npmjs.org/@isaacs%2ffs-minipass 338ms (cache revalidated)
2336 silly packumentCache full:https://registry.npmjs.org/@isaacs%2ffs-minipass set size:7912 disposed:false
2337 silly placeDep ROOT @gar/promise-retry@1.0.3 OK for: @npmcli/git@7.0.2 want: ^1.0.0
2338 silly placeDep node_modules/@npmcli/git lru-cache@11.3.6 OK for: @npmcli/git@7.0.2 want: ^11.2.1
2339 silly placeDep node_modules/@npmcli/git which@6.0.1 OK for: @npmcli/git@7.0.2 want: ^6.0.0
2340 silly fetch manifest isexe@^4.0.0
2341 silly packumentCache full:https://registry.npmjs.org/isexe cache-hit
2342 silly placeDep ROOT npm-bundled@5.0.0 OK for: @npmcli/installed-package-contents@4.0.0 want: ^5.0.0
2343 silly placeDep ROOT npm-normalize-package-bin@5.0.0 OK for: @npmcli/installed-package-contents@4.0.0 want: ^5.0.0
2344 silly placeDep ROOT glob@13.0.6 OK for: @npmcli/package-json@7.0.5 want: ^13.0.0
2345 silly placeDep ROOT json-parse-even-better-errors@5.0.0 OK for: @npmcli/package-json@7.0.5 want: ^5.0.0
2346 silly placeDep ROOT spdx-expression-parse@4.0.0 OK for: @npmcli/package-json@7.0.5 want: ^4.0.0
2347 silly fetch manifest minimatch@^10.2.2
2348 silly packumentCache full:https://registry.npmjs.org/minimatch cache-miss
2349 silly fetch manifest path-scurry@^2.0.2
2350 silly packumentCache full:https://registry.npmjs.org/path-scurry cache-miss
2351 silly fetch manifest spdx-exceptions@^2.1.0
2352 silly packumentCache full:https://registry.npmjs.org/spdx-exceptions cache-miss
2353 silly fetch manifest spdx-license-ids@^3.0.0
2354 silly packumentCache full:https://registry.npmjs.org/spdx-license-ids cache-miss
2355 http fetch GET 200 https://registry.npmjs.org/spdx-exceptions 24ms (cache revalidated)
2356 silly packumentCache full:https://registry.npmjs.org/spdx-exceptions set size:21227 disposed:false
2357 http fetch GET 200 https://registry.npmjs.org/path-scurry 25ms (cache revalidated)
2358 silly packumentCache full:https://registry.npmjs.org/path-scurry set size:117612 disposed:false
2359 http fetch GET 200 https://registry.npmjs.org/spdx-license-ids 27ms (cache revalidated)
2360 silly packumentCache full:https://registry.npmjs.org/spdx-license-ids set size:81601 disposed:false
2361 http fetch GET 200 https://registry.npmjs.org/minimatch 31ms (cache revalidated)
2362 silly packumentCache full:https://registry.npmjs.org/minimatch set size:375282 disposed:false
2363 silly placeDep node_modules/@npmcli/promise-spawn which@6.0.1 OK for: @npmcli/promise-spawn@9.0.1 want: ^6.0.0
2364 silly placeDep ROOT @npmcli/node-gyp@5.0.0 OK for: @npmcli/run-script@10.0.4 want: ^5.0.0
2365 silly placeDep ROOT node-gyp@12.3.0 OK for: @npmcli/run-script@10.0.4 want: ^12.1.0
2366 silly fetch manifest env-paths@^2.2.0
2367 silly packumentCache full:https://registry.npmjs.org/env-paths cache-miss
2368 silly fetch manifest exponential-backoff@^3.1.1
2369 silly packumentCache full:https://registry.npmjs.org/exponential-backoff cache-miss
2370 silly fetch manifest graceful-fs@^4.2.6
2371 silly packumentCache full:https://registry.npmjs.org/graceful-fs cache-hit
2372 silly fetch manifest nopt@^9.0.0
2373 silly packumentCache full:https://registry.npmjs.org/nopt cache-miss
2374 silly fetch manifest undici@^6.25.0
2375 silly packumentCache full:https://registry.npmjs.org/undici cache-miss
2376 http cache https://registry.npmjs.org/undici 6ms (cache hit)
2377 silly packumentCache full:https://registry.npmjs.org/undici set size:1412963 disposed:false
2378 http fetch GET 200 https://registry.npmjs.org/env-paths 23ms (cache revalidated)
2379 silly packumentCache full:https://registry.npmjs.org/env-paths set size:26913 disposed:false
2380 http fetch GET 200 https://registry.npmjs.org/nopt 28ms (cache revalidated)
2381 silly packumentCache full:https://registry.npmjs.org/nopt set size:71485 disposed:false
2382 http fetch GET 200 https://registry.npmjs.org/exponential-backoff 248ms (cache revalidated)
2383 silly packumentCache full:https://registry.npmjs.org/exponential-backoff set size:55896 disposed:false
2384 silly placeDep ROOT @npmcli/fs@5.0.0 OK for: cacache@20.0.4 want: ^5.0.0
2385 silly placeDep node_modules/cacache lru-cache@11.3.6 OK for: cacache@20.0.4 want: ^11.1.0
2386 silly placeDep ROOT minipass-collect@2.0.1 OK for: cacache@20.0.4 want: ^2.0.1
2387 silly placeDep ROOT minipass-flush@1.0.7 OK for: cacache@20.0.4 want: ^1.0.5
2388 silly placeDep ROOT minipass-pipeline@1.2.4 OK for: cacache@20.0.4 want: ^1.2.4
2389 silly placeDep ROOT p-map@7.0.4 OK for: cacache@20.0.4 want: ^7.0.2
2390 silly fetch manifest minipass@^3.0.0
2391 silly packumentCache full:https://registry.npmjs.org/minipass cache-hit
2392 silly fetch manifest minipass@^3.0.0
2393 silly packumentCache full:https://registry.npmjs.org/minipass cache-hit
2394 silly placeDep ROOT minimatch@10.2.5 OK for: glob@13.0.6 want: ^10.2.2
2395 silly placeDep ROOT path-scurry@2.0.2 OK for: glob@13.0.6 want: ^2.0.2
2396 silly fetch manifest brace-expansion@^5.0.5
2397 silly packumentCache full:https://registry.npmjs.org/brace-expansion cache-miss
2398 silly fetch manifest lru-cache@^11.0.0
2399 silly packumentCache full:https://registry.npmjs.org/lru-cache cache-hit
2400 http fetch GET 200 https://registry.npmjs.org/brace-expansion 92ms (cache revalidated)
2401 silly packumentCache full:https://registry.npmjs.org/brace-expansion set size:70654 disposed:false
2402 silly placeDep ROOT brace-expansion@5.0.6 OK for: minimatch@10.2.5 want: ^5.0.5
2403 silly fetch manifest balanced-match@^4.0.2
2404 silly packumentCache full:https://registry.npmjs.org/balanced-match cache-miss
2405 http fetch GET 200 https://registry.npmjs.org/balanced-match 29ms (cache revalidated)
2406 silly packumentCache full:https://registry.npmjs.org/balanced-match set size:39082 disposed:false
2407 silly placeDep ROOT balanced-match@4.0.4 OK for: brace-expansion@5.0.6 want: ^4.0.2
2408 silly placeDep node_modules/minipass-flush minipass@3.3.6 OK for: minipass-flush@1.0.7 want: ^3.0.0
2409 silly fetch manifest yallist@^4.0.0
2410 silly packumentCache full:https://registry.npmjs.org/yallist cache-hit
2411 silly placeDep node_modules/minipass-pipeline minipass@3.3.6 OK for: minipass-pipeline@1.2.4 want: ^3.0.0
2412 silly placeDep ROOT env-paths@2.2.1 OK for: node-gyp@12.3.0 want: ^2.2.0
2413 silly placeDep ROOT exponential-backoff@3.1.3 OK for: node-gyp@12.3.0 want: ^3.1.1
2414 silly placeDep ROOT graceful-fs@4.2.11 OK for: node-gyp@12.3.0 want: ^4.2.6
2415 silly placeDep ROOT nopt@9.0.0 OK for: node-gyp@12.3.0 want: ^9.0.0
2416 silly placeDep node_modules/node-gyp undici@6.25.0 OK for: node-gyp@12.3.0 want: ^6.25.0
2417 silly placeDep node_modules/node-gyp which@6.0.1 OK for: node-gyp@12.3.0 want: ^6.0.0
2418 silly fetch manifest abbrev@^4.0.0
2419 silly packumentCache full:https://registry.npmjs.org/abbrev cache-miss
2420 http fetch GET 200 https://registry.npmjs.org/abbrev 28ms (cache revalidated)
2421 silly packumentCache full:https://registry.npmjs.org/abbrev set size:24244 disposed:false
2422 silly placeDep ROOT abbrev@4.0.0 OK for: nopt@9.0.0 want: ^4.0.0
2423 silly placeDep ROOT ignore-walk@8.0.0 OK for: npm-packlist@10.0.4 want: ^8.0.0
2424 silly placeDep ROOT npm-install-checks@8.0.0 OK for: npm-pick-manifest@11.0.3 want: ^8.0.0
2425 silly placeDep ROOT @npmcli/redact@4.0.0 OK for: npm-registry-fetch@19.1.1 want: ^4.0.0
2426 silly placeDep ROOT jsonparse@1.3.1 OK for: npm-registry-fetch@19.1.1 want: ^1.3.1
2427 silly placeDep ROOT make-fetch-happen@15.0.5 OK for: npm-registry-fetch@19.1.1 want: ^15.0.0
2428 silly placeDep ROOT minipass-fetch@5.0.2 OK for: npm-registry-fetch@19.1.1 want: ^5.0.0
2429 silly placeDep ROOT minizlib@3.1.0 OK for: npm-registry-fetch@19.1.1 want: ^3.0.1
2430 silly fetch manifest @npmcli/agent@^4.0.0
2431 silly packumentCache full:https://registry.npmjs.org/@npmcli%2fagent cache-miss
2432 silly fetch manifest http-cache-semantics@^4.1.1
2433 silly packumentCache full:https://registry.npmjs.org/http-cache-semantics cache-miss
2434 silly fetch manifest minipass-sized@^2.0.0
2435 silly packumentCache full:https://registry.npmjs.org/minipass-sized cache-miss
2436 http fetch GET 200 https://registry.npmjs.org/http-cache-semantics 25ms (cache revalidated)
2437 silly packumentCache full:https://registry.npmjs.org/http-cache-semantics set size:66288 disposed:false
2438 http fetch GET 200 https://registry.npmjs.org/minipass-sized 28ms (cache revalidated)
2439 silly packumentCache full:https://registry.npmjs.org/minipass-sized set size:14420 disposed:false
2440 http fetch GET 200 https://registry.npmjs.org/@npmcli%2fagent 31ms (cache revalidated)
2441 silly packumentCache full:https://registry.npmjs.org/@npmcli%2fagent set size:30932 disposed:false
2442 silly placeDep ROOT @npmcli/agent@4.0.0 OK for: make-fetch-happen@15.0.5 want: ^4.0.0
2443 silly placeDep ROOT http-cache-semantics@4.2.0 OK for: make-fetch-happen@15.0.5 want: ^4.1.1
2444 silly fetch manifest socks-proxy-agent@^8.0.3
2445 silly packumentCache full:https://registry.npmjs.org/socks-proxy-agent cache-miss
2446 http fetch GET 200 https://registry.npmjs.org/socks-proxy-agent 25ms (cache revalidated)
2447 silly packumentCache full:https://registry.npmjs.org/socks-proxy-agent set size:104740 disposed:false
2448 silly placeDep node_modules/@npmcli/agent lru-cache@11.3.6 OK for: @npmcli/agent@4.0.0 want: ^11.2.1
2449 silly placeDep ROOT socks-proxy-agent@8.0.5 OK for: @npmcli/agent@4.0.0 want: ^8.0.3
2450 silly fetch manifest socks@^2.8.3
2451 silly packumentCache full:https://registry.npmjs.org/socks cache-miss
2452 http fetch GET 200 https://registry.npmjs.org/socks 24ms (cache revalidated)
2453 silly packumentCache full:https://registry.npmjs.org/socks set size:173143 disposed:false
2454 silly placeDep ROOT minipass-sized@2.0.0 OK for: minipass-fetch@5.0.2 want: ^2.0.0
2455 silly placeDep node_modules/parse5 entities@8.0.0 OK for: parse5@8.0.1 want: ^8.0.0
2456 silly placeDep node_modules/parse5-html-rewriting-stream entities@6.0.1 OK for: parse5-html-rewriting-stream@8.0.0 want: ^6.0.0
2457 silly placeDep ROOT parse5-sax-parser@8.0.0 OK for: parse5-html-rewriting-stream@8.0.0 want: ^8.0.0
2458 silly placeDep node_modules/path-scurry lru-cache@11.3.6 OK for: path-scurry@2.0.2 want: ^11.0.0
2459 silly placeDep ROOT @napi-rs/nice@1.1.1 OK for: piscina@5.1.4 want: ^1.0.4
2460 silly fetch manifest @napi-rs/nice-darwin-x64@1.1.1
2461 silly packumentCache full:https://registry.npmjs.org/@napi-rs%2fnice-darwin-x64 cache-miss
2462 silly fetch manifest @napi-rs/nice-darwin-arm64@1.1.1
2463 silly packumentCache full:https://registry.npmjs.org/@napi-rs%2fnice-darwin-arm64 cache-miss
2464 silly fetch manifest @napi-rs/nice-linux-x64-gnu@1.1.1
2465 silly packumentCache full:https://registry.npmjs.org/@napi-rs%2fnice-linux-x64-gnu cache-miss
2466 silly fetch manifest @napi-rs/nice-win32-x64-msvc@1.1.1
2467 silly packumentCache full:https://registry.npmjs.org/@napi-rs%2fnice-win32-x64-msvc cache-miss
2468 silly fetch manifest @napi-rs/nice-linux-x64-musl@1.1.1
2469 silly packumentCache full:https://registry.npmjs.org/@napi-rs%2fnice-linux-x64-musl cache-miss
2470 silly fetch manifest @napi-rs/nice-linux-arm64-gnu@1.1.1
2471 silly packumentCache full:https://registry.npmjs.org/@napi-rs%2fnice-linux-arm64-gnu cache-miss
2472 silly fetch manifest @napi-rs/nice-win32-ia32-msvc@1.1.1
2473 silly packumentCache full:https://registry.npmjs.org/@napi-rs%2fnice-win32-ia32-msvc cache-miss
2474 http fetch GET 200 https://registry.npmjs.org/@napi-rs%2fnice-linux-x64-gnu 36ms (cache revalidated)
2475 silly packumentCache full:https://registry.npmjs.org/@napi-rs%2fnice-linux-x64-gnu set size:10229 disposed:false
2476 silly fetch manifest @napi-rs/nice-linux-arm-gnueabihf@1.1.1
2477 silly packumentCache full:https://registry.npmjs.org/@napi-rs%2fnice-linux-arm-gnueabihf cache-miss
2478 http fetch GET 200 https://registry.npmjs.org/@napi-rs%2fnice-linux-arm64-gnu 38ms (cache revalidated)
2479 silly packumentCache full:https://registry.npmjs.org/@napi-rs%2fnice-linux-arm64-gnu set size:10318 disposed:false
2480 silly fetch manifest @napi-rs/nice-android-arm64@1.1.1
2481 silly packumentCache full:https://registry.npmjs.org/@napi-rs%2fnice-android-arm64 cache-miss
2482 http fetch GET 200 https://registry.npmjs.org/@napi-rs%2fnice-darwin-x64 39ms (cache revalidated)
2483 silly packumentCache full:https://registry.npmjs.org/@napi-rs%2fnice-darwin-x64 set size:11922 disposed:false
2484 silly fetch manifest @napi-rs/nice-freebsd-x64@1.1.1
2485 silly packumentCache full:https://registry.npmjs.org/@napi-rs%2fnice-freebsd-x64 cache-miss
2486 http fetch GET 200 https://registry.npmjs.org/@napi-rs%2fnice-win32-x64-msvc 42ms (cache revalidated)
2487 silly packumentCache full:https://registry.npmjs.org/@napi-rs%2fnice-win32-x64-msvc set size:10178 disposed:false
2488 silly fetch manifest @napi-rs/nice-linux-arm64-musl@1.1.1
2489 silly packumentCache full:https://registry.npmjs.org/@napi-rs%2fnice-linux-arm64-musl cache-miss
2490 http fetch GET 200 https://registry.npmjs.org/@napi-rs%2fnice-linux-x64-musl 43ms (cache revalidated)
2491 silly packumentCache full:https://registry.npmjs.org/@napi-rs%2fnice-linux-x64-musl set size:10262 disposed:false
2492 silly fetch manifest @napi-rs/nice-android-arm-eabi@1.1.1
2493 silly packumentCache full:https://registry.npmjs.org/@napi-rs%2fnice-android-arm-eabi cache-miss
2494 http fetch GET 200 https://registry.npmjs.org/@napi-rs%2fnice-freebsd-x64 36ms (cache revalidated)
2495 silly packumentCache full:https://registry.npmjs.org/@napi-rs%2fnice-freebsd-x64 set size:10075 disposed:false
2496 silly fetch manifest @napi-rs/nice-win32-arm64-msvc@1.1.1
2497 silly packumentCache full:https://registry.npmjs.org/@napi-rs%2fnice-win32-arm64-msvc cache-miss
2498 http fetch GET 200 https://registry.npmjs.org/@napi-rs%2fnice-linux-arm-gnueabihf 40ms (cache revalidated)
2499 silly packumentCache full:https://registry.npmjs.org/@napi-rs%2fnice-linux-arm-gnueabihf set size:10376 disposed:false
2500 silly fetch manifest @napi-rs/nice-linux-ppc64-gnu@1.1.1
2501 silly packumentCache full:https://registry.npmjs.org/@napi-rs%2fnice-linux-ppc64-gnu cache-miss
2502 http fetch GET 200 https://registry.npmjs.org/@napi-rs%2fnice-android-arm-eabi 35ms (cache revalidated)
2503 silly packumentCache full:https://registry.npmjs.org/@napi-rs%2fnice-android-arm-eabi set size:10267 disposed:false
2504 silly fetch manifest @napi-rs/nice-linux-s390x-gnu@1.1.1
2505 silly packumentCache full:https://registry.npmjs.org/@napi-rs%2fnice-linux-s390x-gnu cache-miss
2506 http fetch GET 200 https://registry.npmjs.org/@napi-rs%2fnice-android-arm64 40ms (cache revalidated)
2507 silly packumentCache full:https://registry.npmjs.org/@napi-rs%2fnice-android-arm64 set size:10160 disposed:false
2508 silly fetch manifest @napi-rs/nice-linux-riscv64-gnu@1.1.1
2509 silly packumentCache full:https://registry.npmjs.org/@napi-rs%2fnice-linux-riscv64-gnu cache-miss
2510 http fetch GET 200 https://registry.npmjs.org/@napi-rs%2fnice-linux-arm64-musl 38ms (cache revalidated)
2511 silly packumentCache full:https://registry.npmjs.org/@napi-rs%2fnice-linux-arm64-musl set size:10350 disposed:false
2512 silly fetch manifest @napi-rs/nice-openharmony-arm64@1.1.1
2513 silly packumentCache full:https://registry.npmjs.org/@napi-rs%2fnice-openharmony-arm64 cache-miss
2514 http fetch GET 200 https://registry.npmjs.org/@napi-rs%2fnice-win32-arm64-msvc 34ms (cache revalidated)
2515 silly packumentCache full:https://registry.npmjs.org/@napi-rs%2fnice-win32-arm64-msvc set size:10263 disposed:false
2516 http fetch GET 200 https://registry.npmjs.org/@napi-rs%2fnice-linux-ppc64-gnu 38ms (cache revalidated)
2517 silly packumentCache full:https://registry.npmjs.org/@napi-rs%2fnice-linux-ppc64-gnu set size:8493 disposed:false
2518 http fetch GET 200 https://registry.npmjs.org/@napi-rs%2fnice-openharmony-arm64 40ms (cache revalidated)
2519 silly packumentCache full:https://registry.npmjs.org/@napi-rs%2fnice-openharmony-arm64 set size:4506 disposed:false
2520 http fetch GET 200 https://registry.npmjs.org/@napi-rs%2fnice-linux-riscv64-gnu 43ms (cache revalidated)
2521 silly packumentCache full:https://registry.npmjs.org/@napi-rs%2fnice-linux-riscv64-gnu set size:8562 disposed:false
2522 http fetch GET 200 https://registry.npmjs.org/@napi-rs%2fnice-linux-s390x-gnu 342ms (cache revalidated)
2523 silly packumentCache full:https://registry.npmjs.org/@napi-rs%2fnice-linux-s390x-gnu set size:8487 disposed:false
2524 http fetch GET 200 https://registry.npmjs.org/@napi-rs%2fnice-win32-ia32-msvc 584ms (cache revalidated)
2525 silly packumentCache full:https://registry.npmjs.org/@napi-rs%2fnice-win32-ia32-msvc set size:10218 disposed:false
2526 http fetch GET 200 https://registry.npmjs.org/@napi-rs%2fnice-darwin-arm64 841ms (cache revalidated)
2527 silly packumentCache full:https://registry.npmjs.org/@napi-rs%2fnice-darwin-arm64 set size:10116 disposed:false
2528 silly placeDep ROOT @napi-rs/nice-android-arm-eabi@1.1.1 OK for: @napi-rs/nice@1.1.1 want: 1.1.1
2529 silly placeDep ROOT @napi-rs/nice-android-arm64@1.1.1 OK for: @napi-rs/nice@1.1.1 want: 1.1.1
2530 silly placeDep ROOT @napi-rs/nice-darwin-arm64@1.1.1 OK for: @napi-rs/nice@1.1.1 want: 1.1.1
2531 silly placeDep ROOT @napi-rs/nice-darwin-x64@1.1.1 OK for: @napi-rs/nice@1.1.1 want: 1.1.1
2532 silly placeDep ROOT @napi-rs/nice-freebsd-x64@1.1.1 OK for: @napi-rs/nice@1.1.1 want: 1.1.1
2533 silly placeDep ROOT @napi-rs/nice-linux-arm-gnueabihf@1.1.1 OK for: @napi-rs/nice@1.1.1 want: 1.1.1
2534 silly placeDep ROOT @napi-rs/nice-linux-arm64-gnu@1.1.1 OK for: @napi-rs/nice@1.1.1 want: 1.1.1
2535 silly placeDep ROOT @napi-rs/nice-linux-arm64-musl@1.1.1 OK for: @napi-rs/nice@1.1.1 want: 1.1.1
2536 silly placeDep ROOT @napi-rs/nice-linux-ppc64-gnu@1.1.1 OK for: @napi-rs/nice@1.1.1 want: 1.1.1
2537 silly placeDep ROOT @napi-rs/nice-linux-riscv64-gnu@1.1.1 OK for: @napi-rs/nice@1.1.1 want: 1.1.1
2538 silly placeDep ROOT @napi-rs/nice-linux-s390x-gnu@1.1.1 OK for: @napi-rs/nice@1.1.1 want: 1.1.1
2539 silly placeDep ROOT @napi-rs/nice-linux-x64-gnu@1.1.1 OK for: @napi-rs/nice@1.1.1 want: 1.1.1
2540 silly placeDep ROOT @napi-rs/nice-linux-x64-musl@1.1.1 OK for: @napi-rs/nice@1.1.1 want: 1.1.1
2541 silly placeDep ROOT @napi-rs/nice-openharmony-arm64@1.1.1 OK for: @napi-rs/nice@1.1.1 want: 1.1.1
2542 silly placeDep ROOT @napi-rs/nice-win32-arm64-msvc@1.1.1 OK for: @napi-rs/nice@1.1.1 want: 1.1.1
2543 silly placeDep ROOT @napi-rs/nice-win32-ia32-msvc@1.1.1 OK for: @napi-rs/nice@1.1.1 want: 1.1.1
2544 silly placeDep ROOT @napi-rs/nice-win32-x64-msvc@1.1.1 OK for: @napi-rs/nice@1.1.1 want: 1.1.1
2545 silly placeDep ROOT nanoid@3.3.12 OK for: postcss@8.5.14 want: ^3.3.11
2546 silly placeDep ROOT err-code@2.0.3 OK for: promise-retry@2.0.1 want: ^2.0.2
2547 silly placeDep ROOT retry@0.12.0 OK for: promise-retry@2.0.1 want: ^0.12.0
2548 silly placeDep ROOT forwarded@0.2.0 OK for: proxy-addr@2.0.7 want: 0.2.0
2549 silly placeDep ROOT ipaddr.js@1.9.1 OK for: proxy-addr@2.0.7 want: 1.9.1
2550 silly placeDep ROOT side-channel@1.1.0 OK for: qs@6.15.1 want: ^1.1.0
2551 silly fetch manifest es-errors@^1.3.0
2552 silly packumentCache full:https://registry.npmjs.org/es-errors cache-miss
2553 silly fetch manifest object-inspect@^1.13.3
2554 silly packumentCache full:https://registry.npmjs.org/object-inspect cache-miss
2555 silly fetch manifest side-channel-list@^1.0.0
2556 silly packumentCache full:https://registry.npmjs.org/side-channel-list cache-miss
2557 silly fetch manifest side-channel-map@^1.0.1
2558 silly packumentCache full:https://registry.npmjs.org/side-channel-map cache-miss
2559 silly fetch manifest side-channel-weakmap@^1.0.2
2560 silly packumentCache full:https://registry.npmjs.org/side-channel-weakmap cache-miss
2561 http fetch GET 200 https://registry.npmjs.org/side-channel-map 24ms (cache revalidated)
2562 silly packumentCache full:https://registry.npmjs.org/side-channel-map set size:9126 disposed:false
2563 http fetch GET 200 https://registry.npmjs.org/side-channel-list 24ms (cache revalidated)
2564 silly packumentCache full:https://registry.npmjs.org/side-channel-list set size:9021 disposed:false
2565 http fetch GET 200 https://registry.npmjs.org/es-errors 28ms (cache revalidated)
2566 silly packumentCache full:https://registry.npmjs.org/es-errors set size:16918 disposed:false
2567 http fetch GET 200 https://registry.npmjs.org/side-channel-weakmap 28ms (cache revalidated)
2568 silly packumentCache full:https://registry.npmjs.org/side-channel-weakmap set size:12620 disposed:false
2569 http fetch GET 200 https://registry.npmjs.org/object-inspect 342ms (cache revalidated)
2570 silly packumentCache full:https://registry.npmjs.org/object-inspect set size:101912 disposed:false
2571 silly placeDep ROOT unpipe@1.0.0 OK for: raw-body@3.0.2 want: ~1.0.0
2572 silly placeDep ROOT onetime@7.0.0 OK for: restore-cursor@5.1.0 want: ^7.0.0
2573 silly fetch manifest mimic-function@^5.0.0
2574 silly packumentCache full:https://registry.npmjs.org/mimic-function cache-miss
2575 http fetch GET 200 https://registry.npmjs.org/mimic-function 30ms (cache revalidated)
2576 silly packumentCache full:https://registry.npmjs.org/mimic-function set size:6356 disposed:false
2577 silly placeDep ROOT mimic-function@5.0.1 OK for: onetime@7.0.0 want: ^5.0.0
2578 silly placeDep ROOT @oxc-project/types@0.113.0 OK for: rolldown@1.0.0-rc.4 want: =0.113.0
2579 silly placeDep ROOT @rolldown/binding-android-arm64@1.0.0-rc.4 OK for: rolldown@1.0.0-rc.4 want: 1.0.0-rc.4
2580 silly placeDep ROOT @rolldown/binding-darwin-arm64@1.0.0-rc.4 OK for: rolldown@1.0.0-rc.4 want: 1.0.0-rc.4
2581 silly placeDep ROOT @rolldown/binding-darwin-x64@1.0.0-rc.4 OK for: rolldown@1.0.0-rc.4 want: 1.0.0-rc.4
2582 silly placeDep ROOT @rolldown/binding-freebsd-x64@1.0.0-rc.4 OK for: rolldown@1.0.0-rc.4 want: 1.0.0-rc.4
2583 silly placeDep ROOT @rolldown/binding-linux-arm-gnueabihf@1.0.0-rc.4 OK for: rolldown@1.0.0-rc.4 want: 1.0.0-rc.4
2584 silly placeDep ROOT @rolldown/binding-linux-arm64-gnu@1.0.0-rc.4 OK for: rolldown@1.0.0-rc.4 want: 1.0.0-rc.4
2585 silly placeDep ROOT @rolldown/binding-linux-arm64-musl@1.0.0-rc.4 OK for: rolldown@1.0.0-rc.4 want: 1.0.0-rc.4
2586 silly placeDep ROOT @rolldown/binding-linux-x64-gnu@1.0.0-rc.4 OK for: rolldown@1.0.0-rc.4 want: 1.0.0-rc.4
2587 silly placeDep ROOT @rolldown/binding-linux-x64-musl@1.0.0-rc.4 OK for: rolldown@1.0.0-rc.4 want: 1.0.0-rc.4
2588 silly placeDep ROOT @rolldown/binding-openharmony-arm64@1.0.0-rc.4 OK for: rolldown@1.0.0-rc.4 want: 1.0.0-rc.4
2589 silly placeDep ROOT @rolldown/binding-wasm32-wasi@1.0.0-rc.4 OK for: rolldown@1.0.0-rc.4 want: 1.0.0-rc.4
2590 silly placeDep ROOT @rolldown/binding-win32-arm64-msvc@1.0.0-rc.4 OK for: rolldown@1.0.0-rc.4 want: 1.0.0-rc.4
2591 silly placeDep ROOT @rolldown/binding-win32-x64-msvc@1.0.0-rc.4 OK for: rolldown@1.0.0-rc.4 want: 1.0.0-rc.4
2592 silly placeDep ROOT @rolldown/pluginutils@1.0.0-rc.4 OK for: rolldown@1.0.0-rc.4 want: 1.0.0-rc.4
2593 silly fetch manifest @napi-rs/wasm-runtime@^1.1.1
2594 silly packumentCache full:https://registry.npmjs.org/@napi-rs%2fwasm-runtime cache-miss
2595 http fetch GET 200 https://registry.npmjs.org/@napi-rs%2fwasm-runtime 128ms (cache revalidated)
2596 silly packumentCache full:https://registry.npmjs.org/@napi-rs%2fwasm-runtime set size:71273 disposed:false
2597 silly fetch manifest @emnapi/core@^1.7.1
2598 silly packumentCache full:https://registry.npmjs.org/@emnapi%2fcore cache-miss
2599 http fetch GET 200 https://registry.npmjs.org/@emnapi%2fcore 1107ms (cache revalidated)
2600 silly packumentCache full:https://registry.npmjs.org/@emnapi%2fcore set size:105841 disposed:false
2601 silly fetch manifest @emnapi/runtime@^1.7.1
2602 silly packumentCache full:https://registry.npmjs.org/@emnapi%2fruntime cache-miss
2603 http fetch GET 200 https://registry.npmjs.org/@emnapi%2fruntime 39ms (cache revalidated)
2604 silly packumentCache full:https://registry.npmjs.org/@emnapi%2fruntime set size:108129 disposed:false
2605 silly placeDep ROOT @napi-rs/wasm-runtime@1.1.4 OK for: @rolldown/binding-wasm32-wasi@1.0.0-rc.4 want: ^1.1.1
2606 silly placeDep ROOT @emnapi/core@1.10.0 OK for: @napi-rs/wasm-runtime@1.1.4 want: ^1.7.1
2607 silly placeDep ROOT @emnapi/runtime@1.10.0 OK for: @napi-rs/wasm-runtime@1.1.4 want: ^1.7.1
2608 silly fetch manifest @tybys/wasm-util@^0.10.1
2609 silly packumentCache full:https://registry.npmjs.org/@tybys%2fwasm-util cache-miss
2610 silly fetch manifest @emnapi/wasi-threads@1.2.1
2611 silly packumentCache full:https://registry.npmjs.org/@emnapi%2fwasi-threads cache-miss
2612 http fetch GET 200 https://registry.npmjs.org/@emnapi%2fwasi-threads 36ms (cache revalidated)
2613 silly packumentCache full:https://registry.npmjs.org/@emnapi%2fwasi-threads set size:24206 disposed:false
2614 http fetch GET 200 https://registry.npmjs.org/@tybys%2fwasm-util 45ms (cache revalidated)
2615 silly packumentCache full:https://registry.npmjs.org/@tybys%2fwasm-util set size:57759 disposed:false
2616 silly placeDep ROOT @emnapi/wasi-threads@1.2.1 OK for: @emnapi/core@1.10.0 want: 1.2.1
2617 silly placeDep ROOT @tybys/wasm-util@0.10.2 OK for: @napi-rs/wasm-runtime@1.1.4 want: ^0.10.1
2618 silly placeDep ROOT is-promise@4.0.0 OK for: router@2.2.0 want: ^4.0.0
2619 silly placeDep ROOT path-to-regexp@8.4.2 OK for: router@2.2.0 want: ^8.0.0
2620 silly placeDep ROOT @parcel/watcher@2.5.6 OK for: sass@1.97.3 want: ^2.4.1
2621 silly placeDep node_modules/sass chokidar@4.0.3 OK for: sass@1.97.3 want: ^4.0.0
2622 silly placeDep ROOT immutable@5.1.5 OK for: sass@1.97.3 want: ^5.0.2
2623 silly fetch manifest is-glob@^4.0.3
2624 silly packumentCache full:https://registry.npmjs.org/is-glob cache-miss
2625 silly fetch manifest node-addon-api@^7.0.0
2626 silly packumentCache full:https://registry.npmjs.org/node-addon-api cache-hit
2627 silly fetch manifest @parcel/watcher-darwin-x64@2.5.6
2628 silly packumentCache full:https://registry.npmjs.org/@parcel%2fwatcher-darwin-x64 cache-miss
2629 silly fetch manifest @parcel/watcher-darwin-arm64@2.5.6
2630 silly packumentCache full:https://registry.npmjs.org/@parcel%2fwatcher-darwin-arm64 cache-miss
2631 silly fetch manifest @parcel/watcher-win32-x64@2.5.6
2632 silly packumentCache full:https://registry.npmjs.org/@parcel%2fwatcher-win32-x64 cache-miss
2633 silly fetch manifest @parcel/watcher-win32-arm64@2.5.6
2634 silly packumentCache full:https://registry.npmjs.org/@parcel%2fwatcher-win32-arm64 cache-miss
2635 silly fetch manifest @parcel/watcher-win32-ia32@2.5.6
2636 silly packumentCache full:https://registry.npmjs.org/@parcel%2fwatcher-win32-ia32 cache-miss
2637 silly fetch manifest @parcel/watcher-linux-x64-glibc@2.5.6
2638 silly packumentCache full:https://registry.npmjs.org/@parcel%2fwatcher-linux-x64-glibc cache-miss
2639 http fetch GET 200 https://registry.npmjs.org/is-glob 33ms (cache revalidated)
2640 silly packumentCache full:https://registry.npmjs.org/is-glob set size:40530 disposed:false
2641 silly fetch manifest @parcel/watcher-linux-x64-musl@2.5.6
2642 silly packumentCache full:https://registry.npmjs.org/@parcel%2fwatcher-linux-x64-musl cache-miss
2643 http fetch GET 200 https://registry.npmjs.org/@parcel%2fwatcher-win32-ia32 40ms (cache revalidated)
2644 silly packumentCache full:https://registry.npmjs.org/@parcel%2fwatcher-win32-ia32 set size:20007 disposed:false
2645 silly fetch manifest @parcel/watcher-linux-arm64-glibc@2.5.6
2646 silly packumentCache full:https://registry.npmjs.org/@parcel%2fwatcher-linux-arm64-glibc cache-miss
2647 http fetch GET 200 https://registry.npmjs.org/@parcel%2fwatcher-darwin-arm64 41ms (cache revalidated)
2648 silly packumentCache full:https://registry.npmjs.org/@parcel%2fwatcher-darwin-arm64 set size:26656 disposed:false
2649 silly fetch manifest @parcel/watcher-linux-arm64-musl@2.5.6
2650 silly packumentCache full:https://registry.npmjs.org/@parcel%2fwatcher-linux-arm64-musl cache-miss
2651 http fetch GET 200 https://registry.npmjs.org/@parcel%2fwatcher-win32-arm64 42ms (cache revalidated)
2652 silly packumentCache full:https://registry.npmjs.org/@parcel%2fwatcher-win32-arm64 set size:24926 disposed:false
2653 silly fetch manifest @parcel/watcher-linux-arm-glibc@2.5.6
2654 silly packumentCache full:https://registry.npmjs.org/@parcel%2fwatcher-linux-arm-glibc cache-miss
2655 http fetch GET 200 https://registry.npmjs.org/@parcel%2fwatcher-linux-x64-glibc 45ms (cache revalidated)
2656 silly packumentCache full:https://registry.npmjs.org/@parcel%2fwatcher-linux-x64-glibc set size:27128 disposed:false
2657 silly fetch manifest @parcel/watcher-linux-arm-musl@2.5.6
2658 silly packumentCache full:https://registry.npmjs.org/@parcel%2fwatcher-linux-arm-musl cache-miss
2659 http fetch GET 200 https://registry.npmjs.org/@parcel%2fwatcher-win32-x64 48ms (cache revalidated)
2660 silly packumentCache full:https://registry.npmjs.org/@parcel%2fwatcher-win32-x64 set size:26356 disposed:false
2661 silly fetch manifest @parcel/watcher-android-arm64@2.5.6
2662 silly packumentCache full:https://registry.npmjs.org/@parcel%2fwatcher-android-arm64 cache-miss
2663 http fetch GET 200 https://registry.npmjs.org/@parcel%2fwatcher-darwin-x64 51ms (cache revalidated)
2664 silly packumentCache full:https://registry.npmjs.org/@parcel%2fwatcher-darwin-x64 set size:26457 disposed:false
2665 silly fetch manifest @parcel/watcher-freebsd-x64@2.5.6
2666 silly packumentCache full:https://registry.npmjs.org/@parcel%2fwatcher-freebsd-x64 cache-miss
2667 http fetch GET 200 https://registry.npmjs.org/@parcel%2fwatcher-linux-arm64-glibc 34ms (cache revalidated)
2668 silly packumentCache full:https://registry.npmjs.org/@parcel%2fwatcher-linux-arm64-glibc set size:27327 disposed:false
2669 silly fetch manifest readdirp@^4.0.1
2670 silly packumentCache full:https://registry.npmjs.org/readdirp cache-hit
2671 http fetch GET 200 https://registry.npmjs.org/@parcel%2fwatcher-linux-arm64-musl 35ms (cache revalidated)
2672 silly packumentCache full:https://registry.npmjs.org/@parcel%2fwatcher-linux-arm64-musl set size:27225 disposed:false
2673 http fetch GET 200 https://registry.npmjs.org/@parcel%2fwatcher-linux-arm-glibc 36ms (cache revalidated)
2674 silly packumentCache full:https://registry.npmjs.org/@parcel%2fwatcher-linux-arm-glibc set size:27125 disposed:false
2675 http fetch GET 200 https://registry.npmjs.org/@parcel%2fwatcher-freebsd-x64 42ms (cache revalidated)
2676 silly packumentCache full:https://registry.npmjs.org/@parcel%2fwatcher-freebsd-x64 set size:20079 disposed:false
2677 http fetch GET 200 https://registry.npmjs.org/@parcel%2fwatcher-android-arm64 45ms (cache revalidated)
2678 silly packumentCache full:https://registry.npmjs.org/@parcel%2fwatcher-android-arm64 set size:25111 disposed:false
2679 http fetch GET 200 https://registry.npmjs.org/@parcel%2fwatcher-linux-arm-musl 49ms (cache revalidated)
2680 silly packumentCache full:https://registry.npmjs.org/@parcel%2fwatcher-linux-arm-musl set size:7305 disposed:false
2681 http fetch GET 200 https://registry.npmjs.org/@parcel%2fwatcher-linux-x64-musl 291ms (cache revalidated)
2682 silly packumentCache full:https://registry.npmjs.org/@parcel%2fwatcher-linux-x64-musl set size:27028 disposed:false
2683 silly placeDep ROOT @parcel/watcher-android-arm64@2.5.6 OK for: @parcel/watcher@2.5.6 want: 2.5.6
2684 silly placeDep ROOT @parcel/watcher-darwin-arm64@2.5.6 OK for: @parcel/watcher@2.5.6 want: 2.5.6
2685 silly placeDep ROOT @parcel/watcher-darwin-x64@2.5.6 OK for: @parcel/watcher@2.5.6 want: 2.5.6
2686 silly placeDep ROOT @parcel/watcher-freebsd-x64@2.5.6 OK for: @parcel/watcher@2.5.6 want: 2.5.6
2687 silly placeDep ROOT @parcel/watcher-linux-arm-glibc@2.5.6 OK for: @parcel/watcher@2.5.6 want: 2.5.6
2688 silly placeDep ROOT @parcel/watcher-linux-arm-musl@2.5.6 OK for: @parcel/watcher@2.5.6 want: 2.5.6
2689 silly placeDep ROOT @parcel/watcher-linux-arm64-glibc@2.5.6 OK for: @parcel/watcher@2.5.6 want: 2.5.6
2690 silly placeDep ROOT @parcel/watcher-linux-arm64-musl@2.5.6 OK for: @parcel/watcher@2.5.6 want: 2.5.6
2691 silly placeDep ROOT @parcel/watcher-linux-x64-glibc@2.5.6 OK for: @parcel/watcher@2.5.6 want: 2.5.6
2692 silly placeDep ROOT @parcel/watcher-linux-x64-musl@2.5.6 OK for: @parcel/watcher@2.5.6 want: 2.5.6
2693 silly placeDep ROOT @parcel/watcher-win32-arm64@2.5.6 OK for: @parcel/watcher@2.5.6 want: 2.5.6
2694 silly placeDep ROOT @parcel/watcher-win32-ia32@2.5.6 OK for: @parcel/watcher@2.5.6 want: 2.5.6
2695 silly placeDep ROOT @parcel/watcher-win32-x64@2.5.6 OK for: @parcel/watcher@2.5.6 want: 2.5.6
2696 silly placeDep ROOT is-glob@4.0.3 OK for: @parcel/watcher@2.5.6 want: ^4.0.3
2697 silly placeDep node_modules/@parcel/watcher node-addon-api@7.1.1 OK for: @parcel/watcher@2.5.6 want: ^7.0.0
2698 silly fetch manifest is-extglob@^2.1.1
2699 silly packumentCache full:https://registry.npmjs.org/is-extglob cache-miss
2700 http fetch GET 200 https://registry.npmjs.org/is-extglob 25ms (cache revalidated)
2701 silly packumentCache full:https://registry.npmjs.org/is-extglob set size:11766 disposed:false
2702 silly placeDep ROOT is-extglob@2.1.1 OK for: is-glob@4.0.3 want: ^2.1.1
2703 silly placeDep ROOT xmlchars@2.2.0 OK for: saxes@6.0.0 want: ^2.2.0
2704 silly placeDep ROOT shebang-regex@3.0.0 OK for: shebang-command@2.0.0 want: ^3.0.0
2705 silly placeDep ROOT es-errors@1.3.0 OK for: side-channel@1.1.0 want: ^1.3.0
2706 silly placeDep ROOT object-inspect@1.13.4 OK for: side-channel@1.1.0 want: ^1.13.3
2707 silly placeDep ROOT side-channel-list@1.0.1 OK for: side-channel@1.1.0 want: ^1.0.0
2708 silly placeDep ROOT side-channel-map@1.0.1 OK for: side-channel@1.1.0 want: ^1.0.1
2709 silly placeDep ROOT side-channel-weakmap@1.0.2 OK for: side-channel@1.1.0 want: ^1.0.2
2710 silly fetch manifest call-bound@^1.0.2
2711 silly packumentCache full:https://registry.npmjs.org/call-bound cache-miss
2712 silly fetch manifest get-intrinsic@^1.2.5
2713 silly packumentCache full:https://registry.npmjs.org/get-intrinsic cache-miss
2714 silly fetch manifest call-bound@^1.0.2
2715 silly packumentCache full:https://registry.npmjs.org/call-bound cache-miss
2716 silly fetch manifest get-intrinsic@^1.2.5
2717 silly packumentCache full:https://registry.npmjs.org/get-intrinsic cache-miss
2718 http fetch GET 200 https://registry.npmjs.org/call-bound 23ms (cache revalidated)
2719 silly packumentCache full:https://registry.npmjs.org/call-bound set size:15317 disposed:false
2720 http fetch GET 200 https://registry.npmjs.org/get-intrinsic 24ms (cache revalidated)
2721 silly packumentCache full:https://registry.npmjs.org/get-intrinsic set size:60985 disposed:false
2722 http fetch GET 200 https://registry.npmjs.org/call-bound 25ms (cache revalidated)
2723 silly packumentCache full:https://registry.npmjs.org/call-bound set size:15317 disposed:false
2724 silly packumentCache full:https://registry.npmjs.org/call-bound dispose
2725 http fetch GET 200 https://registry.npmjs.org/get-intrinsic 28ms (cache revalidated)
2726 silly packumentCache full:https://registry.npmjs.org/get-intrinsic set size:60985 disposed:false
2727 silly packumentCache full:https://registry.npmjs.org/get-intrinsic dispose
2728 silly placeDep ROOT call-bound@1.0.4 OK for: side-channel-map@1.0.1 want: ^1.0.2
2729 silly placeDep ROOT get-intrinsic@1.3.0 OK for: side-channel-map@1.0.1 want: ^1.2.5
2730 silly fetch manifest call-bind-apply-helpers@^1.0.2
2731 silly packumentCache full:https://registry.npmjs.org/call-bind-apply-helpers cache-miss
2732 silly fetch manifest get-intrinsic@^1.3.0
2733 silly packumentCache full:https://registry.npmjs.org/get-intrinsic cache-hit
2734 silly fetch manifest gopd@^1.2.0
2735 silly packumentCache full:https://registry.npmjs.org/gopd cache-miss
2736 silly fetch manifest hasown@^2.0.2
2737 silly packumentCache full:https://registry.npmjs.org/hasown cache-miss
2738 silly fetch manifest get-proto@^1.0.1
2739 silly packumentCache full:https://registry.npmjs.org/get-proto cache-miss
2740 silly fetch manifest has-symbols@^1.1.0
2741 silly packumentCache full:https://registry.npmjs.org/has-symbols cache-miss
2742 silly fetch manifest function-bind@^1.1.2
2743 silly packumentCache full:https://registry.npmjs.org/function-bind cache-miss
2744 silly fetch manifest es-object-atoms@^1.1.1
2745 silly packumentCache full:https://registry.npmjs.org/es-object-atoms cache-miss
2746 http fetch GET 200 https://registry.npmjs.org/function-bind 23ms (cache revalidated)
2747 silly packumentCache full:https://registry.npmjs.org/function-bind set size:15733 disposed:false
2748 silly fetch manifest math-intrinsics@^1.1.0
2749 silly packumentCache full:https://registry.npmjs.org/math-intrinsics cache-miss
2750 http fetch GET 200 https://registry.npmjs.org/gopd 26ms (cache revalidated)
2751 silly packumentCache full:https://registry.npmjs.org/gopd set size:11458 disposed:false
2752 silly fetch manifest es-define-property@^1.0.1
2753 silly packumentCache full:https://registry.npmjs.org/es-define-property cache-miss
2754 http fetch GET 200 https://registry.npmjs.org/get-proto 26ms (cache revalidated)
2755 silly packumentCache full:https://registry.npmjs.org/get-proto set size:8300 disposed:false
2756 silly fetch manifest call-bind-apply-helpers@^1.0.2
2757 silly packumentCache full:https://registry.npmjs.org/call-bind-apply-helpers cache-miss
2758 http fetch GET 200 https://registry.npmjs.org/es-object-atoms 27ms (cache revalidated)
2759 silly packumentCache full:https://registry.npmjs.org/es-object-atoms set size:15304 disposed:false
2760 http fetch GET 200 https://registry.npmjs.org/call-bind-apply-helpers 31ms (cache revalidated)
2761 silly packumentCache full:https://registry.npmjs.org/call-bind-apply-helpers set size:12744 disposed:false
2762 http fetch GET 200 https://registry.npmjs.org/hasown 32ms (cache revalidated)
2763 silly packumentCache full:https://registry.npmjs.org/hasown set size:15429 disposed:false
2764 http fetch GET 200 https://registry.npmjs.org/math-intrinsics 23ms (cache revalidated)
2765 silly packumentCache full:https://registry.npmjs.org/math-intrinsics set size:9265 disposed:false
2766 http fetch GET 200 https://registry.npmjs.org/call-bind-apply-helpers 21ms (cache revalidated)
2767 silly packumentCache full:https://registry.npmjs.org/call-bind-apply-helpers set size:12744 disposed:false
2768 silly packumentCache full:https://registry.npmjs.org/call-bind-apply-helpers dispose
2769 http fetch GET 200 https://registry.npmjs.org/es-define-property 22ms (cache revalidated)
2770 silly packumentCache full:https://registry.npmjs.org/es-define-property set size:8542 disposed:false
2771 http fetch GET 200 https://registry.npmjs.org/has-symbols 554ms (cache revalidated)
2772 silly packumentCache full:https://registry.npmjs.org/has-symbols set size:21550 disposed:false
2773 silly placeDep ROOT call-bind-apply-helpers@1.0.2 OK for: call-bound@1.0.4 want: ^1.0.2
2774 silly placeDep ROOT function-bind@1.1.2 OK for: call-bind-apply-helpers@1.0.2 want: ^1.1.2
2775 silly placeDep ROOT es-define-property@1.0.1 OK for: get-intrinsic@1.3.0 want: ^1.0.1
2776 silly placeDep ROOT es-object-atoms@1.1.1 OK for: get-intrinsic@1.3.0 want: ^1.1.1
2777 silly placeDep ROOT get-proto@1.0.1 OK for: get-intrinsic@1.3.0 want: ^1.0.1
2778 silly placeDep ROOT gopd@1.2.0 OK for: get-intrinsic@1.3.0 want: ^1.2.0
2779 silly placeDep ROOT has-symbols@1.1.0 OK for: get-intrinsic@1.3.0 want: ^1.1.0
2780 silly placeDep ROOT hasown@2.0.3 OK for: get-intrinsic@1.3.0 want: ^2.0.2
2781 silly placeDep ROOT math-intrinsics@1.1.0 OK for: get-intrinsic@1.3.0 want: ^1.1.0
2782 silly fetch manifest dunder-proto@^1.0.1
2783 silly packumentCache full:https://registry.npmjs.org/dunder-proto cache-miss
2784 http fetch GET 200 https://registry.npmjs.org/dunder-proto 26ms (cache revalidated)
2785 silly packumentCache full:https://registry.npmjs.org/dunder-proto set size:8256 disposed:false
2786 silly placeDep ROOT dunder-proto@1.0.1 OK for: get-proto@1.0.1 want: ^1.0.1
2787 silly placeDep ROOT @sigstore/bundle@4.0.0 OK for: sigstore@4.1.0 want: ^4.0.0
2788 silly placeDep ROOT @sigstore/core@3.2.0 OK for: sigstore@4.1.0 want: ^3.1.0
2789 silly placeDep ROOT @sigstore/protobuf-specs@0.5.1 OK for: sigstore@4.1.0 want: ^0.5.0
2790 silly placeDep ROOT @sigstore/sign@4.1.1 OK for: sigstore@4.1.0 want: ^4.1.0
2791 silly placeDep ROOT @sigstore/tuf@4.0.2 OK for: sigstore@4.1.0 want: ^4.0.1
2792 silly placeDep ROOT @sigstore/verify@3.1.0 OK for: sigstore@4.1.0 want: ^3.1.0
2793 silly fetch manifest tuf-js@^4.1.0
2794 silly packumentCache full:https://registry.npmjs.org/tuf-js cache-miss
2795 http fetch GET 200 https://registry.npmjs.org/tuf-js 25ms (cache revalidated)
2796 silly packumentCache full:https://registry.npmjs.org/tuf-js set size:67490 disposed:false
2797 silly placeDep ROOT tuf-js@4.1.0 OK for: @sigstore/tuf@4.0.2 want: ^4.1.0
2798 silly fetch manifest @tufjs/models@4.1.0
2799 silly packumentCache full:https://registry.npmjs.org/@tufjs%2fmodels cache-miss
2800 http fetch GET 200 https://registry.npmjs.org/@tufjs%2fmodels 49ms (cache revalidated)
2801 silly packumentCache full:https://registry.npmjs.org/@tufjs%2fmodels set size:31346 disposed:false
2802 silly placeDep ROOT ansi-styles@6.2.3 OK for: slice-ansi@8.0.0 want: ^6.2.3
2803 silly placeDep ROOT is-fullwidth-code-point@5.1.0 OK for: slice-ansi@8.0.0 want: ^5.1.0
2804 silly fetch manifest get-east-asian-width@^1.3.1
2805 silly packumentCache full:https://registry.npmjs.org/get-east-asian-width cache-hit
2806 silly placeDep ROOT get-east-asian-width@1.6.0 OK for: is-fullwidth-code-point@5.1.0 want: ^1.3.1
2807 silly placeDep ROOT socks@2.8.9 OK for: socks-proxy-agent@8.0.5 want: ^2.8.3
2808 silly fetch manifest smart-buffer@^4.2.0
2809 silly packumentCache full:https://registry.npmjs.org/smart-buffer cache-miss
2810 http fetch GET 200 https://registry.npmjs.org/smart-buffer 25ms (cache revalidated)
2811 silly packumentCache full:https://registry.npmjs.org/smart-buffer set size:87065 disposed:false
2812 silly placeDep ROOT smart-buffer@4.2.0 OK for: socks@2.8.9 want: ^4.2.0
2813 silly placeDep ROOT buffer-from@1.1.2 OK for: source-map-support@0.5.21 want: ^1.0.0
2814 silly placeDep node_modules/source-map-support source-map@0.6.1 OK for: source-map-support@0.5.21 want: ^0.6.0
2815 silly placeDep ROOT spdx-exceptions@2.5.0 OK for: spdx-expression-parse@4.0.0 want: ^2.1.0
2816 silly placeDep ROOT spdx-license-ids@3.0.23 OK for: spdx-expression-parse@4.0.0 want: ^3.0.0
2817 silly placeDep ROOT ansi-regex@6.2.2 OK for: strip-ansi@7.2.0 want: ^6.2.2
2818 silly placeDep ROOT @isaacs/fs-minipass@4.0.1 OK for: tar@7.5.15 want: ^4.0.0
2819 silly placeDep ROOT chownr@3.0.0 OK for: tar@7.5.15 want: ^3.0.0
2820 silly placeDep node_modules/tar yallist@5.0.0 OK for: tar@7.5.15 want: ^5.0.0
2821 silly placeDep ROOT fdir@6.5.0 OK for: tinyglobby@0.2.15 want: ^6.5.0
2822 silly placeDep ROOT tldts@7.0.30 OK for: tough-cookie@6.0.1 want: ^7.0.5
2823 silly fetch manifest tldts-core@^7.0.30
2824 silly packumentCache full:https://registry.npmjs.org/tldts-core cache-miss
2825 http fetch GET 200 https://registry.npmjs.org/tldts-core 28ms (cache revalidated)
2826 silly packumentCache full:https://registry.npmjs.org/tldts-core set size:3044074 disposed:false
2827 silly placeDep ROOT tldts-core@7.0.30 OK for: tldts@7.0.30 want: ^7.0.30
2828 silly placeDep ROOT @tufjs/models@4.1.0 OK for: tuf-js@4.1.0 want: 4.1.0
2829 silly fetch manifest @tufjs/canonical-json@2.0.0
2830 silly packumentCache full:https://registry.npmjs.org/@tufjs%2fcanonical-json cache-miss
2831 http fetch GET 200 https://registry.npmjs.org/@tufjs%2fcanonical-json 42ms (cache revalidated)
2832 silly packumentCache full:https://registry.npmjs.org/@tufjs%2fcanonical-json set size:7336 disposed:false
2833 silly placeDep ROOT @tufjs/canonical-json@2.0.0 OK for: @tufjs/models@4.1.0 want: 2.0.0
2834 silly placeDep node_modules/type-is content-type@2.0.0 OK for: type-is@2.1.0 want: ^2.0.0
2835 silly placeDep ROOT media-typer@1.1.0 OK for: type-is@2.1.0 want: ^1.1.0
2836 silly placeDep ROOT escalade@3.2.0 OK for: update-browserslist-db@1.2.3 want: ^3.2.0
2837 silly placeDep ROOT fsevents@2.3.3 OK for: vite@7.3.2 want: ~2.3.3
2838 silly placeDep ROOT rollup@4.60.4 OK for: vite@7.3.2 want: ^4.43.0
2839 silly fetch manifest @types/estree@1.0.8
2840 silly packumentCache full:https://registry.npmjs.org/@types%2festree cache-miss
2841 silly fetch manifest @rollup/rollup-darwin-arm64@4.60.4
2842 silly packumentCache full:https://registry.npmjs.org/@rollup%2frollup-darwin-arm64 cache-miss
2843 silly fetch manifest @rollup/rollup-android-arm64@4.60.4
2844 silly packumentCache full:https://registry.npmjs.org/@rollup%2frollup-android-arm64 cache-miss
2845 silly fetch manifest @rollup/rollup-win32-arm64-msvc@4.60.4
2846 silly packumentCache full:https://registry.npmjs.org/@rollup%2frollup-win32-arm64-msvc cache-miss
2847 silly fetch manifest @rollup/rollup-freebsd-arm64@4.60.4
2848 silly packumentCache full:https://registry.npmjs.org/@rollup%2frollup-freebsd-arm64 cache-miss
2849 silly fetch manifest @rollup/rollup-linux-arm64-gnu@4.60.4
2850 silly packumentCache full:https://registry.npmjs.org/@rollup%2frollup-linux-arm64-gnu cache-miss
2851 silly fetch manifest @rollup/rollup-linux-arm64-musl@4.60.4
2852 silly packumentCache full:https://registry.npmjs.org/@rollup%2frollup-linux-arm64-musl cache-miss
2853 http fetch GET 200 https://registry.npmjs.org/@rollup%2frollup-darwin-arm64 238ms (cache updated)
2854 silly packumentCache full:https://registry.npmjs.org/@rollup%2frollup-darwin-arm64 set size:undefined disposed:false
2855 silly fetch manifest @rollup/rollup-android-arm-eabi@4.60.4
2856 silly packumentCache full:https://registry.npmjs.org/@rollup%2frollup-android-arm-eabi cache-miss
2857 http fetch GET 200 https://registry.npmjs.org/@rollup%2frollup-android-arm64 243ms (cache updated)
2858 silly packumentCache full:https://registry.npmjs.org/@rollup%2frollup-android-arm64 set size:undefined disposed:false
2859 silly fetch manifest @rollup/rollup-linux-arm-gnueabihf@4.60.4
2860 silly packumentCache full:https://registry.npmjs.org/@rollup%2frollup-linux-arm-gnueabihf cache-miss
2861 http fetch GET 200 https://registry.npmjs.org/@types%2festree 254ms (cache revalidated)
2862 silly packumentCache full:https://registry.npmjs.org/@types%2festree set size:76072 disposed:false
2863 silly fetch manifest @rollup/rollup-linux-arm-musleabihf@4.60.4
2864 silly packumentCache full:https://registry.npmjs.org/@rollup%2frollup-linux-arm-musleabihf cache-miss
2865 http fetch GET 200 https://registry.npmjs.org/@rollup%2frollup-win32-arm64-msvc 258ms (cache updated)
2866 silly packumentCache full:https://registry.npmjs.org/@rollup%2frollup-win32-arm64-msvc set size:undefined disposed:false
2867 silly fetch manifest @rollup/rollup-win32-ia32-msvc@4.60.4
2868 silly packumentCache full:https://registry.npmjs.org/@rollup%2frollup-win32-ia32-msvc cache-miss
2869 http fetch GET 200 https://registry.npmjs.org/@rollup%2frollup-freebsd-arm64 367ms (cache updated)
2870 silly packumentCache full:https://registry.npmjs.org/@rollup%2frollup-freebsd-arm64 set size:undefined disposed:false
2871 silly fetch manifest @rollup/rollup-linux-loong64-gnu@4.60.4
2872 silly packumentCache full:https://registry.npmjs.org/@rollup%2frollup-linux-loong64-gnu cache-miss
2873 http fetch GET 200 https://registry.npmjs.org/@rollup%2frollup-linux-arm64-gnu 411ms (cache updated)
2874 silly packumentCache full:https://registry.npmjs.org/@rollup%2frollup-linux-arm64-gnu set size:undefined disposed:false
2875 silly fetch manifest @rollup/rollup-linux-loong64-musl@4.60.4
2876 silly packumentCache full:https://registry.npmjs.org/@rollup%2frollup-linux-loong64-musl cache-miss
2877 http fetch GET 200 https://registry.npmjs.org/@rollup%2frollup-android-arm-eabi 193ms (cache updated)
2878 silly packumentCache full:https://registry.npmjs.org/@rollup%2frollup-android-arm-eabi set size:undefined disposed:false
2879 silly fetch manifest @rollup/rollup-linux-riscv64-gnu@4.60.4
2880 silly packumentCache full:https://registry.npmjs.org/@rollup%2frollup-linux-riscv64-gnu cache-miss
2881 http fetch GET 200 https://registry.npmjs.org/@rollup%2frollup-linux-arm64-musl 442ms (cache updated)
2882 silly packumentCache full:https://registry.npmjs.org/@rollup%2frollup-linux-arm64-musl set size:undefined disposed:false
2883 silly fetch manifest @rollup/rollup-linux-riscv64-musl@4.60.4
2884 silly packumentCache full:https://registry.npmjs.org/@rollup%2frollup-linux-riscv64-musl cache-miss
2885 http fetch GET 200 https://registry.npmjs.org/@rollup%2frollup-linux-loong64-gnu 110ms (cache updated)
2886 silly packumentCache full:https://registry.npmjs.org/@rollup%2frollup-linux-loong64-gnu set size:undefined disposed:false
2887 silly fetch manifest @rollup/rollup-linux-ppc64-gnu@4.60.4
2888 silly packumentCache full:https://registry.npmjs.org/@rollup%2frollup-linux-ppc64-gnu cache-miss
2889 http fetch GET 200 https://registry.npmjs.org/@rollup%2frollup-linux-loong64-musl 71ms (cache updated)
2890 silly packumentCache full:https://registry.npmjs.org/@rollup%2frollup-linux-loong64-musl set size:undefined disposed:false
2891 silly fetch manifest @rollup/rollup-linux-ppc64-musl@4.60.4
2892 silly packumentCache full:https://registry.npmjs.org/@rollup%2frollup-linux-ppc64-musl cache-miss
2893 http fetch GET 200 https://registry.npmjs.org/@rollup%2frollup-win32-ia32-msvc 233ms (cache updated)
2894 silly packumentCache full:https://registry.npmjs.org/@rollup%2frollup-win32-ia32-msvc set size:undefined disposed:false
2895 silly fetch manifest @rollup/rollup-linux-s390x-gnu@4.60.4
2896 silly packumentCache full:https://registry.npmjs.org/@rollup%2frollup-linux-s390x-gnu cache-miss
2897 http fetch GET 200 https://registry.npmjs.org/@rollup%2frollup-linux-riscv64-musl 104ms (cache updated)
2898 silly packumentCache full:https://registry.npmjs.org/@rollup%2frollup-linux-riscv64-musl set size:undefined disposed:false
2899 silly fetch manifest @rollup/rollup-darwin-x64@4.60.4
2900 silly packumentCache full:https://registry.npmjs.org/@rollup%2frollup-darwin-x64 cache-miss
2901 http fetch GET 200 https://registry.npmjs.org/@rollup%2frollup-linux-ppc64-musl 63ms (cache updated)
2902 silly packumentCache full:https://registry.npmjs.org/@rollup%2frollup-linux-ppc64-musl set size:undefined disposed:false
2903 silly fetch manifest @rollup/rollup-win32-x64-gnu@4.60.4
2904 silly packumentCache full:https://registry.npmjs.org/@rollup%2frollup-win32-x64-gnu cache-miss
2905 http fetch GET 200 https://registry.npmjs.org/@rollup%2frollup-linux-arm-musleabihf 420ms (cache updated)
2906 silly packumentCache full:https://registry.npmjs.org/@rollup%2frollup-linux-arm-musleabihf set size:undefined disposed:false
2907 silly fetch manifest @rollup/rollup-win32-x64-msvc@4.60.4
2908 silly packumentCache full:https://registry.npmjs.org/@rollup%2frollup-win32-x64-msvc cache-miss
2909 http fetch GET 200 https://registry.npmjs.org/@rollup%2frollup-win32-x64-gnu 125ms (cache updated)
2910 silly packumentCache full:https://registry.npmjs.org/@rollup%2frollup-win32-x64-gnu set size:undefined disposed:false
2911 silly fetch manifest @rollup/rollup-freebsd-x64@4.60.4
2912 silly packumentCache full:https://registry.npmjs.org/@rollup%2frollup-freebsd-x64 cache-miss
2913 http fetch GET 200 https://registry.npmjs.org/@rollup%2frollup-linux-ppc64-gnu 198ms (cache updated)
2914 silly packumentCache full:https://registry.npmjs.org/@rollup%2frollup-linux-ppc64-gnu set size:undefined disposed:false
2915 silly fetch manifest @rollup/rollup-linux-x64-gnu@4.60.4
2916 silly packumentCache full:https://registry.npmjs.org/@rollup%2frollup-linux-x64-gnu cache-miss
2917 http fetch GET 200 https://registry.npmjs.org/@rollup%2frollup-linux-riscv64-gnu 243ms (cache updated)
2918 silly packumentCache full:https://registry.npmjs.org/@rollup%2frollup-linux-riscv64-gnu set size:undefined disposed:false
2919 silly fetch manifest @rollup/rollup-linux-x64-musl@4.60.4
2920 silly packumentCache full:https://registry.npmjs.org/@rollup%2frollup-linux-x64-musl cache-miss
2921 http fetch GET 200 https://registry.npmjs.org/@rollup%2frollup-darwin-x64 145ms (cache updated)
2922 silly packumentCache full:https://registry.npmjs.org/@rollup%2frollup-darwin-x64 set size:undefined disposed:false
2923 silly fetch manifest @rollup/rollup-openbsd-x64@4.60.4
2924 silly packumentCache full:https://registry.npmjs.org/@rollup%2frollup-openbsd-x64 cache-miss
2925 http fetch GET 200 https://registry.npmjs.org/@rollup%2frollup-linux-arm-gnueabihf 564ms (cache updated)
2926 silly packumentCache full:https://registry.npmjs.org/@rollup%2frollup-linux-arm-gnueabihf set size:undefined disposed:false
2927 silly fetch manifest @rollup/rollup-openharmony-arm64@4.60.4
2928 silly packumentCache full:https://registry.npmjs.org/@rollup%2frollup-openharmony-arm64 cache-miss
2929 http fetch GET 200 https://registry.npmjs.org/@rollup%2frollup-openbsd-x64 120ms (cache updated)
2930 silly packumentCache full:https://registry.npmjs.org/@rollup%2frollup-openbsd-x64 set size:undefined disposed:false
2931 http fetch GET 200 https://registry.npmjs.org/@rollup%2frollup-linux-s390x-gnu 323ms (cache updated)
2932 silly packumentCache full:https://registry.npmjs.org/@rollup%2frollup-linux-s390x-gnu set size:undefined disposed:false
2933 http fetch GET 200 https://registry.npmjs.org/@rollup%2frollup-freebsd-x64 194ms (cache updated)
2934 silly packumentCache full:https://registry.npmjs.org/@rollup%2frollup-freebsd-x64 set size:undefined disposed:false
2935 http fetch GET 200 https://registry.npmjs.org/@rollup%2frollup-openharmony-arm64 97ms (cache updated)
2936 silly packumentCache full:https://registry.npmjs.org/@rollup%2frollup-openharmony-arm64 set size:undefined disposed:false
2937 http fetch GET 200 https://registry.npmjs.org/@rollup%2frollup-linux-x64-musl 244ms (cache updated)
2938 silly packumentCache full:https://registry.npmjs.org/@rollup%2frollup-linux-x64-musl set size:undefined disposed:false
2939 http fetch GET 200 https://registry.npmjs.org/@rollup%2frollup-win32-x64-msvc 260ms (cache updated)
2940 silly packumentCache full:https://registry.npmjs.org/@rollup%2frollup-win32-x64-msvc set size:undefined disposed:false
2941 http fetch GET 200 https://registry.npmjs.org/@rollup%2frollup-linux-x64-gnu 262ms (cache updated)
2942 silly packumentCache full:https://registry.npmjs.org/@rollup%2frollup-linux-x64-gnu set size:undefined disposed:false
2943 silly placeDep ROOT @rollup/rollup-android-arm-eabi@4.60.4 OK for: rollup@4.60.4 want: 4.60.4
2944 silly placeDep ROOT @rollup/rollup-android-arm64@4.60.4 OK for: rollup@4.60.4 want: 4.60.4
2945 silly placeDep ROOT @rollup/rollup-darwin-arm64@4.60.4 OK for: rollup@4.60.4 want: 4.60.4
2946 silly placeDep ROOT @rollup/rollup-darwin-x64@4.60.4 OK for: rollup@4.60.4 want: 4.60.4
2947 silly placeDep ROOT @rollup/rollup-freebsd-arm64@4.60.4 OK for: rollup@4.60.4 want: 4.60.4
2948 silly placeDep ROOT @rollup/rollup-freebsd-x64@4.60.4 OK for: rollup@4.60.4 want: 4.60.4
2949 silly placeDep ROOT @rollup/rollup-linux-arm-gnueabihf@4.60.4 OK for: rollup@4.60.4 want: 4.60.4
2950 silly placeDep ROOT @rollup/rollup-linux-arm-musleabihf@4.60.4 OK for: rollup@4.60.4 want: 4.60.4
2951 silly placeDep ROOT @rollup/rollup-linux-arm64-gnu@4.60.4 OK for: rollup@4.60.4 want: 4.60.4
2952 silly placeDep ROOT @rollup/rollup-linux-arm64-musl@4.60.4 OK for: rollup@4.60.4 want: 4.60.4
2953 silly placeDep ROOT @rollup/rollup-linux-loong64-gnu@4.60.4 OK for: rollup@4.60.4 want: 4.60.4
2954 silly placeDep ROOT @rollup/rollup-linux-loong64-musl@4.60.4 OK for: rollup@4.60.4 want: 4.60.4
2955 silly placeDep ROOT @rollup/rollup-linux-ppc64-gnu@4.60.4 OK for: rollup@4.60.4 want: 4.60.4
2956 silly placeDep ROOT @rollup/rollup-linux-ppc64-musl@4.60.4 OK for: rollup@4.60.4 want: 4.60.4
2957 silly placeDep ROOT @rollup/rollup-linux-riscv64-gnu@4.60.4 OK for: rollup@4.60.4 want: 4.60.4
2958 silly placeDep ROOT @rollup/rollup-linux-riscv64-musl@4.60.4 OK for: rollup@4.60.4 want: 4.60.4
2959 silly placeDep ROOT @rollup/rollup-linux-s390x-gnu@4.60.4 OK for: rollup@4.60.4 want: 4.60.4
2960 silly placeDep ROOT @rollup/rollup-linux-x64-gnu@4.60.4 OK for: rollup@4.60.4 want: 4.60.4
2961 silly placeDep ROOT @rollup/rollup-linux-x64-musl@4.60.4 OK for: rollup@4.60.4 want: 4.60.4
2962 silly placeDep ROOT @rollup/rollup-openbsd-x64@4.60.4 OK for: rollup@4.60.4 want: 4.60.4
2963 silly placeDep ROOT @rollup/rollup-openharmony-arm64@4.60.4 OK for: rollup@4.60.4 want: 4.60.4
2964 silly placeDep ROOT @rollup/rollup-win32-arm64-msvc@4.60.4 OK for: rollup@4.60.4 want: 4.60.4
2965 silly placeDep ROOT @rollup/rollup-win32-ia32-msvc@4.60.4 OK for: rollup@4.60.4 want: 4.60.4
2966 silly placeDep ROOT @rollup/rollup-win32-x64-gnu@4.60.4 OK for: rollup@4.60.4 want: 4.60.4
2967 silly placeDep ROOT @rollup/rollup-win32-x64-msvc@4.60.4 OK for: rollup@4.60.4 want: 4.60.4
2968 silly placeDep ROOT @types/estree@1.0.8 OK for: rollup@4.60.4 want: 1.0.8
2969 silly fetch manifest msw@^2.4.9
2970 silly packumentCache full:https://registry.npmjs.org/msw cache-miss
2971 http fetch GET 200 https://registry.npmjs.org/msw 342ms (cache revalidated)
2972 silly packumentCache full:https://registry.npmjs.org/msw set size:2020540 disposed:false
2973 silly fetch manifest typescript@>= 4.8.x
2974 silly packumentCache full:https://registry.npmjs.org/typescript cache-miss
2975 http cache https://registry.npmjs.org/typescript 28ms (cache hit)
2976 silly packumentCache full:https://registry.npmjs.org/typescript set size:15409943 disposed:false
2977 silly fetch manifest @vitejs/devtools@^0.1.18
2978 silly packumentCache full:https://registry.npmjs.org/@vitejs%2fdevtools cache-miss
2979 http fetch GET 200 https://registry.npmjs.org/@vitejs%2fdevtools 304ms (cache updated)
2980 silly packumentCache full:https://registry.npmjs.org/@vitejs%2fdevtools set size:undefined disposed:false
2981 silly fetch manifest esbuild@^0.27.0 || ^0.28.0
2982 silly packumentCache full:https://registry.npmjs.org/esbuild cache-miss
2983 http cache https://registry.npmjs.org/esbuild 6ms (cache hit)
2984 silly packumentCache full:https://registry.npmjs.org/esbuild set size:1254708 disposed:false
2985 silly fetch manifest less@^4.0.0
2986 silly packumentCache full:https://registry.npmjs.org/less cache-hit
2987 silly fetch manifest sass@^1.70.0
2988 silly packumentCache full:https://registry.npmjs.org/sass cache-hit
2989 silly fetch manifest postcss@^8.3.3
2990 silly packumentCache full:https://registry.npmjs.org/postcss cache-hit
2991 silly placeDep ROOT @vitest/expect@4.1.6 OK for: vitest@4.1.6 want: 4.1.6
2992 silly placeDep ROOT @vitest/mocker@4.1.6 OK for: vitest@4.1.6 want: 4.1.6
2993 silly placeDep ROOT @vitest/pretty-format@4.1.6 OK for: vitest@4.1.6 want: 4.1.6
2994 silly placeDep ROOT @vitest/runner@4.1.6 OK for: vitest@4.1.6 want: 4.1.6
2995 silly placeDep ROOT @vitest/snapshot@4.1.6 OK for: vitest@4.1.6 want: 4.1.6
2996 silly placeDep ROOT @vitest/spy@4.1.6 OK for: vitest@4.1.6 want: 4.1.6
2997 silly placeDep ROOT @vitest/utils@4.1.6 OK for: vitest@4.1.6 want: 4.1.6
2998 silly placeDep ROOT es-module-lexer@2.1.0 OK for: vitest@4.1.6 want: ^2.0.0
2999 silly placeDep ROOT expect-type@1.3.0 OK for: vitest@4.1.6 want: ^1.3.0
3000 silly placeDep ROOT obug@2.1.1 OK for: vitest@4.1.6 want: ^2.1.1
3001 silly placeDep ROOT pathe@2.0.3 OK for: vitest@4.1.6 want: ^2.0.3
3002 silly placeDep ROOT std-env@4.1.0 OK for: vitest@4.1.6 want: ^4.0.0-rc.1
3003 silly placeDep ROOT tinybench@2.9.0 OK for: vitest@4.1.6 want: ^2.9.0
3004 silly placeDep ROOT tinyexec@1.1.2 OK for: vitest@4.1.6 want: ^1.0.2
3005 silly placeDep ROOT tinyrainbow@3.1.0 OK for: vitest@4.1.6 want: ^3.1.0
3006 silly placeDep ROOT why-is-node-running@2.3.0 OK for: vitest@4.1.6 want: ^2.3.0
3007 silly fetch manifest @types/chai@^5.2.2
3008 silly packumentCache full:https://registry.npmjs.org/@types%2fchai cache-miss
3009 silly fetch manifest chai@^6.2.2
3010 silly packumentCache full:https://registry.npmjs.org/chai cache-miss
3011 silly fetch manifest estree-walker@^3.0.3
3012 silly packumentCache full:https://registry.npmjs.org/estree-walker cache-miss
3013 silly fetch manifest siginfo@^2.0.0
3014 silly packumentCache full:https://registry.npmjs.org/siginfo cache-miss
3015 silly fetch manifest stackback@0.0.2
3016 silly packumentCache full:https://registry.npmjs.org/stackback cache-miss
3017 http fetch GET 200 https://registry.npmjs.org/estree-walker 22ms (cache revalidated)
3018 silly packumentCache full:https://registry.npmjs.org/estree-walker set size:60887 disposed:false
3019 http fetch GET 200 https://registry.npmjs.org/siginfo 24ms (cache revalidated)
3020 silly packumentCache full:https://registry.npmjs.org/siginfo set size:8524 disposed:false
3021 http fetch GET 200 https://registry.npmjs.org/stackback 24ms (cache revalidated)
3022 silly packumentCache full:https://registry.npmjs.org/stackback set size:4594 disposed:false
3023 http fetch GET 200 https://registry.npmjs.org/@types%2fchai 45ms (cache revalidated)
3024 silly packumentCache full:https://registry.npmjs.org/@types%2fchai set size:226260 disposed:false
3025 http fetch GET 200 https://registry.npmjs.org/chai 53ms (cache revalidated)
3026 silly packumentCache full:https://registry.npmjs.org/chai set size:232540 disposed:false
3027 silly placeDep ROOT @types/chai@5.2.3 OK for: @vitest/expect@4.1.6 want: ^5.2.2
3028 silly placeDep ROOT chai@6.2.2 OK for: @vitest/expect@4.1.6 want: ^6.2.2
3029 silly fetch manifest @types/deep-eql@*
3030 silly packumentCache full:https://registry.npmjs.org/@types%2fdeep-eql cache-miss
3031 silly fetch manifest assertion-error@^2.0.1
3032 silly packumentCache full:https://registry.npmjs.org/assertion-error cache-miss
3033 http fetch GET 200 https://registry.npmjs.org/@types%2fdeep-eql 29ms (cache revalidated)
3034 silly packumentCache full:https://registry.npmjs.org/@types%2fdeep-eql set size:6411 disposed:false
3035 http fetch GET 200 https://registry.npmjs.org/assertion-error 30ms (cache revalidated)
3036 silly packumentCache full:https://registry.npmjs.org/assertion-error set size:14438 disposed:false
3037 silly placeDep ROOT @types/deep-eql@4.0.2 OK for: @types/chai@5.2.3 want: *
3038 silly placeDep ROOT assertion-error@2.0.1 OK for: @types/chai@5.2.3 want: ^2.0.1
3039 silly placeDep ROOT estree-walker@3.0.3 OK for: @vitest/mocker@4.1.6 want: ^3.0.3
3040 silly placeDep node_modules/@vitest/utils convert-source-map@2.0.0 OK for: @vitest/utils@4.1.6 want: ^2.0.0
3041 silly placeDep ROOT glob-to-regexp@0.4.1 OK for: watchpack@2.5.1 want: ^0.4.1
3042 silly placeDep ROOT tr46@6.0.0 OK for: whatwg-url@16.0.1 want: ^6.0.0
3043 silly fetch manifest punycode@^2.3.1
3044 silly packumentCache full:https://registry.npmjs.org/punycode cache-miss
3045 http fetch GET 200 https://registry.npmjs.org/punycode 24ms (cache revalidated)
3046 silly packumentCache full:https://registry.npmjs.org/punycode set size:61278 disposed:false
3047 silly placeDep ROOT punycode@2.3.1 OK for: tr46@6.0.0 want: ^2.3.1
3048 silly placeDep ROOT isexe@2.0.0 OK for: which@2.0.2 want: ^2.0.0
3049 silly placeDep ROOT siginfo@2.0.0 OK for: why-is-node-running@2.3.0 want: ^2.0.0
3050 silly placeDep ROOT stackback@0.0.2 OK for: why-is-node-running@2.3.0 want: 0.0.2
3051 silly placeDep node_modules/wrap-ansi ansi-styles@4.3.0 OK for: wrap-ansi@6.2.0 want: ^4.0.0
3052 silly placeDep node_modules/wrap-ansi string-width@4.2.3 OK for: wrap-ansi@6.2.0 want: ^4.1.0
3053 silly placeDep node_modules/wrap-ansi strip-ansi@6.0.1 OK for: wrap-ansi@6.2.0 want: ^6.0.0
3054 silly fetch manifest color-convert@^2.0.1
3055 silly packumentCache full:https://registry.npmjs.org/color-convert cache-miss
3056 silly fetch manifest strip-ansi@^6.0.1
3057 silly packumentCache full:https://registry.npmjs.org/strip-ansi cache-hit
3058 silly fetch manifest emoji-regex@^8.0.0
3059 silly packumentCache full:https://registry.npmjs.org/emoji-regex cache-miss
3060 silly fetch manifest is-fullwidth-code-point@^3.0.0
3061 silly packumentCache full:https://registry.npmjs.org/is-fullwidth-code-point cache-hit
3062 silly fetch manifest ansi-regex@^5.0.1
3063 silly packumentCache full:https://registry.npmjs.org/ansi-regex cache-hit
3064 http fetch GET 200 https://registry.npmjs.org/color-convert 30ms (cache revalidated)
3065 silly packumentCache full:https://registry.npmjs.org/color-convert set size:72663 disposed:false
3066 http fetch GET 200 https://registry.npmjs.org/emoji-regex 334ms (cache revalidated)
3067 silly packumentCache full:https://registry.npmjs.org/emoji-regex set size:89064 disposed:false
3068 silly placeDep ROOT cliui@9.0.1 OK for: yargs@18.0.0 want: ^9.0.1
3069 silly placeDep ROOT get-caller-file@2.0.5 OK for: yargs@18.0.0 want: ^2.0.5
3070 silly placeDep node_modules/yargs string-width@7.2.0 OK for: yargs@18.0.0 want: ^7.2.0
3071 silly placeDep ROOT y18n@5.0.8 OK for: yargs@18.0.0 want: ^5.0.5
3072 silly placeDep ROOT yargs-parser@22.0.0 OK for: yargs@18.0.0 want: ^22.0.0
3073 silly fetch manifest emoji-regex@^10.3.0
3074 silly packumentCache full:https://registry.npmjs.org/emoji-regex cache-hit
3075 silly placeDep node_modules/cliui string-width@7.2.0 OK for: cliui@9.0.1 want: ^7.2.0
3076 silly placeDep node_modules/cliui wrap-ansi@9.0.2 OK for: cliui@9.0.1 want: ^9.0.0
3077 silly placeDep node_modules/@npmcli/git isexe@4.0.0 OK for: which@6.0.1 want: ^4.0.0
3078 silly placeDep node_modules/@npmcli/promise-spawn isexe@4.0.0 OK for: which@6.0.1 want: ^4.0.0
3079 silly placeDep ROOT emoji-regex@10.6.0 OK for: string-width@7.2.0 want: ^10.3.0
3080 silly placeDep node_modules/listr2 string-width@7.2.0 OK for: wrap-ansi@9.0.2 want: ^7.0.0
3081 silly placeDep node_modules/log-update string-width@7.2.0 OK for: wrap-ansi@9.0.2 want: ^7.0.0
3082 silly placeDep node_modules/minipass-flush yallist@4.0.0 OK for: minipass@3.3.6 want: ^4.0.0
3083 silly placeDep node_modules/minipass-pipeline yallist@4.0.0 OK for: minipass@3.3.6 want: ^4.0.0
3084 silly placeDep node_modules/node-gyp isexe@4.0.0 OK for: which@6.0.1 want: ^4.0.0
3085 silly placeDep node_modules/sass readdirp@4.1.2 OK for: chokidar@4.0.3 want: ^4.0.1
3086 silly placeDep ROOT color-convert@2.0.1 OK for: ansi-styles@4.3.0 want: ^2.0.1
3087 silly fetch manifest color-name@~1.1.4
3088 silly packumentCache full:https://registry.npmjs.org/color-name cache-miss
3089 http fetch GET 200 https://registry.npmjs.org/color-name 32ms (cache revalidated)
3090 silly packumentCache full:https://registry.npmjs.org/color-name set size:19467 disposed:false
3091 silly placeDep ROOT color-name@1.1.4 OK for: color-convert@2.0.1 want: ~1.1.4
3092 silly placeDep node_modules/wrap-ansi emoji-regex@8.0.0 OK for: string-width@4.2.3 want: ^8.0.0
3093 silly placeDep node_modules/wrap-ansi is-fullwidth-code-point@3.0.0 OK for: string-width@4.2.3 want: ^3.0.0
3094 silly placeDep node_modules/wrap-ansi ansi-regex@5.0.1 OK for: strip-ansi@6.0.1 want: ^5.0.1
3095 silly reify moves {}
3096 silly audit bulk request {
3096 silly audit   '@angular/build': [ '21.2.11' ],
3096 silly audit   tslib: [ '2.8.1' ],
3096 silly audit   typescript: [ '5.9.3' ],
3096 silly audit   '@angular/compiler': [ '21.2.13' ],
3096 silly audit   '@angular/compiler-cli': [ '21.2.13' ],
3096 silly audit   '@angular/cli': [ '21.2.11' ],
3096 silly audit   '@angular/common': [ '21.2.13' ],
3096 silly audit   rxjs: [ '7.8.2' ],
3096 silly audit   '@angular/core': [ '21.2.13' ],
3096 silly audit   '@angular/forms': [ '21.2.13' ],
3096 silly audit   '@angular/platform-browser': [ '21.2.13' ],
3096 silly audit   '@angular/router': [ '21.2.13' ],
3096 silly audit   jsdom: [ '28.1.0' ],
3096 silly audit   prettier: [ '3.8.3' ],
3096 silly audit   vitest: [ '4.1.6' ],
3096 silly audit   '@ampproject/remapping': [ '2.3.0' ],
3096 silly audit   '@angular-devkit/architect': [ '0.2102.11' ],
3096 silly audit   '@babel/core': [ '7.29.0' ],
3096 silly audit   '@babel/helper-annotate-as-pure': [ '7.27.3' ],
3096 silly audit   '@babel/helper-split-export-declaration': [ '7.24.7' ],
3096 silly audit   '@inquirer/confirm': [ '5.1.21' ],
3096 silly audit   '@vitejs/plugin-basic-ssl': [ '2.1.4' ],
3096 silly audit   vite: [ '7.3.2' ],
3096 silly audit   beasties: [ '0.4.1' ],
3096 silly audit   browserslist: [ '4.28.2' ],
3096 silly audit   esbuild: [ '0.27.3' ],
3096 silly audit   'https-proxy-agent': [ '7.0.6' ],
3096 silly audit   'istanbul-lib-instrument': [ '6.0.3' ],
3096 silly audit   'jsonc-parser': [ '3.3.1' ],
3096 silly audit   listr2: [ '9.0.5' ],
3096 silly audit   lmdb: [ '3.5.1' ],
3096 silly audit   'magic-string': [ '0.30.21' ],
3096 silly audit   mrmime: [ '2.0.1' ],
3096 silly audit   'parse5-html-rewriting-stream': [ '8.0.0' ],
3096 silly audit   picomatch: [ '4.0.4' ],
3096 silly audit   piscina: [ '5.1.4' ],
3096 silly audit   rolldown: [ '1.0.0-rc.4' ],
3096 silly audit   sass: [ '1.97.3' ],
3096 silly audit   semver: [ '7.7.4', '6.3.1' ],
3096 silly audit   'source-map-support': [ '0.5.21' ],
3096 silly audit   tinyglobby: [ '0.2.15' ],
3096 silly audit   undici: [ '7.24.4', '6.25.0' ],
3096 silly audit   watchpack: [ '2.5.1' ],
3096 silly audit   '@jridgewell/gen-mapping': [ '0.3.13' ],
3096 silly audit   '@jridgewell/trace-mapping': [ '0.3.31' ],
3096 silly audit   '@angular-devkit/core': [ '21.2.11' ],
3096 silly audit   ajv: [ '8.18.0' ],
3096 silly audit   'ajv-formats': [ '3.0.1' ],
3096 silly audit   'source-map': [ '0.7.6', '0.6.1' ],
3096 silly audit   '@angular-devkit/schematics': [ '21.2.11' ],
3096 silly audit   '@inquirer/prompts': [ '7.10.1' ],
3096 silly audit   '@listr2/prompt-adapter-inquirer': [ '3.0.5' ],
3096 silly audit   '@modelcontextprotocol/sdk': [ '1.26.0' ],
3096 silly audit   '@schematics/angular': [ '21.2.11' ],
3096 silly audit   '@yarnpkg/lockfile': [ '1.1.0' ],
3096 silly audit   algoliasearch: [ '5.48.1' ],
3096 silly audit   ini: [ '6.0.0' ],
3096 silly audit   'npm-package-arg': [ '13.0.2' ],
3096 silly audit   pacote: [ '21.3.1' ],
3096 silly audit   yargs: [ '18.0.0' ],
3096 silly audit   zod: [ '4.3.6' ],
3096 silly audit   ora: [ '9.3.0' ],
3096 silly audit   '@jridgewell/sourcemap-codec': [ '1.5.5' ],
3096 silly audit   chokidar: [ '5.0.0', '4.0.3' ],
3096 silly audit   'convert-source-map': [ '1.9.0', '2.0.0' ],
3096 silly audit   'reflect-metadata': [ '0.2.2' ],
3096 silly audit   '@standard-schema/spec': [ '1.1.0' ],
3096 silly audit   '@babel/code-frame': [ '7.29.0' ],
3096 silly audit   '@babel/generator': [ '7.29.1' ],
3096 silly audit   '@babel/helper-compilation-targets': [ '7.28.6' ],
3096 silly audit   '@babel/helper-module-transforms': [ '7.28.6' ],
3096 silly audit   '@babel/helpers': [ '7.29.2' ],
3096 silly audit   '@babel/parser': [ '7.29.3' ],
3096 silly audit   '@babel/template': [ '7.28.6' ],
3096 silly audit   '@babel/traverse': [ '7.29.0' ],
3096 silly audit   '@babel/types': [ '7.29.0' ],
3096 silly audit   '@jridgewell/remapping': [ '2.3.5' ],
3096 silly audit   debug: [ '4.4.3' ],
3096 silly audit   gensync: [ '1.0.0-beta.2' ],
3096 silly audit   json5: [ '2.2.3' ],
3096 silly audit   '@babel/helper-validator-identifier': [ '7.28.5' ],
3096 silly audit   'js-tokens': [ '4.0.0' ],
3096 silly audit   picocolors: [ '1.1.1' ],
3096 silly audit   jsesc: [ '3.1.0' ],
3096 silly audit   '@babel/compat-data': [ '7.29.3' ],
3096 silly audit   '@babel/helper-validator-option': [ '7.27.1' ],
3096 silly audit   'lru-cache': [ '5.1.1', '11.3.6' ],
3096 silly audit   '@babel/helper-module-imports': [ '7.28.6' ],
3096 silly audit   '@babel/helper-globals': [ '7.28.0' ],
3096 silly audit   '@babel/helper-string-parser': [ '7.27.1' ],
3096 silly audit   '@inquirer/core': [ '10.3.2' ],
3096 silly audit   '@inquirer/type': [ '3.0.10' ],
3096 silly audit   '@inquirer/ansi': [ '1.0.2' ],
3096 silly audit   '@inquirer/figures': [ '1.0.15' ],
3096 silly audit   'cli-width': [ '4.1.0' ],
3096 silly audit   'mute-stream': [ '2.0.0' ],
3096 silly audit   'signal-exit': [ '4.1.0' ],
3096 silly audit   'wrap-ansi': [ '6.2.0', '9.0.2' ],
3096 silly audit   'yoctocolors-cjs': [ '2.1.3' ],
3096 silly audit   '@inquirer/checkbox': [ '4.3.2' ],
3096 silly audit   '@inquirer/editor': [ '4.2.23' ],
3096 silly audit   '@inquirer/expand': [ '4.0.23' ],
3096 silly audit   '@inquirer/input': [ '4.3.1' ],
3096 silly audit   '@inquirer/number': [ '3.0.23' ],
3096 silly audit   '@inquirer/password': [ '4.0.23' ],
3096 silly audit   '@inquirer/rawlist': [ '4.1.11' ],
3096 silly audit   '@inquirer/search': [ '3.2.2' ],
3096 silly audit   '@inquirer/select': [ '4.4.2' ],
3096 silly audit   '@inquirer/external-editor': [ '1.0.3' ],
3096 silly audit   chardet: [ '2.1.1' ],
3096 silly audit   'iconv-lite': [ '0.7.2' ],
3096 silly audit   '@jridgewell/resolve-uri': [ '3.1.2' ],
3096 silly audit   '@hono/node-server': [ '1.19.14' ],
3096 silly audit   hono: [ '4.12.18' ],
3096 silly audit   'content-type': [ '1.0.5', '2.0.0' ],
3096 silly audit   cors: [ '2.8.6' ],
3096 silly audit   'cross-spawn': [ '7.0.6' ],
3096 silly audit   eventsource: [ '3.0.7' ],
3096 silly audit   'eventsource-parser': [ '3.0.8' ],
3096 silly audit   express: [ '5.2.1' ],
3096 silly audit   'express-rate-limit': [ '8.5.2' ],
3096 silly audit   jose: [ '6.2.3' ],
3096 silly audit   'json-schema-typed': [ '8.0.2' ],
3096 silly audit   'pkce-challenge': [ '5.0.1' ],
3096 silly audit   'raw-body': [ '3.0.2' ],
3096 silly audit   'zod-to-json-schema': [ '3.25.2' ],
3096 silly audit   'fast-deep-equal': [ '3.1.3' ],
3096 silly audit   'fast-uri': [ '3.1.2' ],
3096 silly audit   'json-schema-traverse': [ '1.0.0' ],
3096 silly audit   'require-from-string': [ '2.0.2' ],
3096 silly audit   '@algolia/abtesting': [ '1.14.1' ],
3096 silly audit   '@algolia/client-abtesting': [ '5.48.1' ],
3096 silly audit   '@algolia/client-analytics': [ '5.48.1' ],
3096 silly audit   '@algolia/client-common': [ '5.48.1' ],
3096 silly audit   '@algolia/client-insights': [ '5.48.1' ],
3096 silly audit   '@algolia/client-personalization': [ '5.48.1' ],
3096 silly audit   '@algolia/client-query-suggestions': [ '5.48.1' ],
3096 silly audit   '@algolia/client-search': [ '5.48.1' ],
3096 silly audit   '@algolia/ingestion': [ '1.48.1' ],
3096 silly audit   '@algolia/monitoring': [ '1.48.1' ],
3096 silly audit   '@algolia/recommend': [ '5.48.1' ],
3096 silly audit   '@algolia/requester-browser-xhr': [ '5.48.1' ],
3096 silly audit   '@algolia/requester-fetch': [ '5.48.1' ],
3096 silly audit   '@algolia/requester-node-http': [ '5.48.1' ],
3096 silly audit   'css-select': [ '6.0.0' ],
3096 silly audit   'css-what': [ '7.0.0' ],
3096 silly audit   'dom-serializer': [ '2.0.0' ],
3096 silly audit   domhandler: [ '5.0.3' ],
3096 silly audit   htmlparser2: [ '10.1.0' ],
3096 silly audit   postcss: [ '8.5.14' ],
3096 silly audit   'postcss-media-query-parser': [ '0.2.3' ],
3096 silly audit   'postcss-safe-parser': [ '7.0.1' ],
3096 silly audit   'baseline-browser-mapping': [ '2.10.29' ],
3096 silly audit   'caniuse-lite': [ '1.0.30001792' ],
3096 silly audit   'electron-to-chromium': [ '1.5.356' ],
3096 silly audit   'node-releases': [ '2.0.44' ],
3096 silly audit   'update-browserslist-db': [ '1.2.3' ],
3096 silly audit   readdirp: [ '5.0.0', '4.1.2' ],
3096 silly audit   'object-assign': [ '4.1.1' ],
3096 silly audit   vary: [ '1.1.2' ],
3096 silly audit   'path-key': [ '3.1.1' ],
3096 silly audit   'shebang-command': [ '2.0.0' ],
3096 silly audit   which: [ '2.0.2', '6.0.1' ],
3096 silly audit   boolbase: [ '1.0.0' ],
3096 silly audit   domutils: [ '3.2.2' ],
3096 silly audit   'nth-check': [ '2.1.1' ],
3096 silly audit   ms: [ '2.1.3' ],
3096 silly audit   domelementtype: [ '2.3.0' ],
3096 silly audit   entities: [ '4.5.0', '7.0.1', '8.0.0', '6.0.1' ],
3096 silly audit   '@esbuild/aix-ppc64': [ '0.27.3' ],
3096 silly audit   '@esbuild/android-arm': [ '0.27.3' ],
3096 silly audit   '@esbuild/android-arm64': [ '0.27.3' ],
3096 silly audit   '@esbuild/android-x64': [ '0.27.3' ],
3096 silly audit   '@esbuild/darwin-arm64': [ '0.27.3' ],
3096 silly audit   '@esbuild/darwin-x64': [ '0.27.3' ],
3096 silly audit   '@esbuild/freebsd-arm64': [ '0.27.3' ],
3096 silly audit   '@esbuild/freebsd-x64': [ '0.27.3' ],
3096 silly audit   '@esbuild/linux-arm': [ '0.27.3' ],
3096 silly audit   '@esbuild/linux-arm64': [ '0.27.3' ],
3096 silly audit   '@esbuild/linux-ia32': [ '0.27.3' ],
3096 silly audit   '@esbuild/linux-loong64': [ '0.27.3' ],
3096 silly audit   '@esbuild/linux-mips64el': [ '0.27.3' ],
3096 silly audit   '@esbuild/linux-ppc64': [ '0.27.3' ],
3096 silly audit   '@esbuild/linux-riscv64': [ '0.27.3' ],
3096 silly audit   '@esbuild/linux-s390x': [ '0.27.3' ],
3096 silly audit   '@esbuild/linux-x64': [ '0.27.3' ],
3096 silly audit   '@esbuild/netbsd-arm64': [ '0.27.3' ],
3096 silly audit   '@esbuild/netbsd-x64': [ '0.27.3' ],
3096 silly audit   '@esbuild/openbsd-arm64': [ '0.27.3' ],
3096 silly audit   '@esbuild/openbsd-x64': [ '0.27.3' ],
3096 silly audit   '@esbuild/openharmony-arm64': [ '0.27.3' ],
3096 silly audit   '@esbuild/sunos-x64': [ '0.27.3' ],
3096 silly audit   '@esbuild/win32-arm64': [ '0.27.3' ],
3096 silly audit   '@esbuild/win32-ia32': [ '0.27.3' ],
3096 silly audit   '@esbuild/win32-x64': [ '0.27.3' ],
3096 silly audit   accepts: [ '2.0.0' ],
3096 silly audit   'body-parser': [ '2.2.2' ],
3096 silly audit   'content-disposition': [ '1.1.0' ],
3096 silly audit   cookie: [ '0.7.2' ],
3096 silly audit   'cookie-signature': [ '1.2.2' ],
3096 silly audit   depd: [ '2.0.0' ],
3096 silly audit   encodeurl: [ '2.0.0' ],
3096 silly audit   'escape-html': [ '1.0.3' ],
3096 silly audit   etag: [ '1.8.1' ],
3096 silly audit   finalhandler: [ '2.1.1' ],
3096 silly audit   fresh: [ '2.0.0' ],
3096 silly audit   'http-errors': [ '2.0.1' ],
3096 silly audit   'merge-descriptors': [ '2.0.0' ],
3096 silly audit   'mime-types': [ '3.0.2' ],
3096 silly audit   'on-finished': [ '2.4.1' ],
3096 silly audit   once: [ '1.4.0' ],
3096 silly audit   parseurl: [ '1.3.3' ],
3096 silly audit   'proxy-addr': [ '2.0.7' ],
3096 silly audit   qs: [ '6.15.1' ],
3096 silly audit   'range-parser': [ '1.2.1' ],
3096 silly audit   router: [ '2.2.0' ],
3096 silly audit   send: [ '1.2.1' ],
3096 silly audit   'serve-static': [ '2.2.1' ],
3096 silly audit   statuses: [ '2.0.2' ],
3096 silly audit   'type-is': [ '2.1.0' ],
3096 silly audit   negotiator: [ '1.0.0' ],
3096 silly audit   bytes: [ '3.1.2' ],
3096 silly audit   'ip-address': [ '10.2.0' ],
3096 silly audit   inherits: [ '2.0.4' ],
3096 silly audit   setprototypeof: [ '1.2.0' ],
3096 silly audit   toidentifier: [ '1.0.1' ],
3096 silly audit   'agent-base': [ '7.1.4' ],
3096 silly audit   'safer-buffer': [ '2.1.2' ],
3096 silly audit   '@istanbuljs/schema': [ '0.1.6' ],
3096 silly audit   'istanbul-lib-coverage': [ '3.2.2' ],
3096 silly audit   '@acemir/cssom': [ '0.9.31' ],
3096 silly audit   '@asamuzakjp/dom-selector': [ '6.8.1' ],
3096 silly audit   '@bramus/specificity': [ '2.4.2' ],
3096 silly audit   '@exodus/bytes': [ '1.15.0' ],
3096 silly audit   cssstyle: [ '6.2.0' ],
3096 silly audit   'data-urls': [ '7.0.0' ],
3096 silly audit   'decimal.js': [ '10.6.0' ],
3096 silly audit   'html-encoding-sniffer': [ '6.0.0' ],
3096 silly audit   'http-proxy-agent': [ '7.0.2' ],
3096 silly audit   'is-potential-custom-element-name': [ '1.0.1' ],
3096 silly audit   parse5: [ '8.0.1' ],
3096 silly audit   saxes: [ '6.0.0' ],
3096 silly audit   'symbol-tree': [ '3.2.4' ],
3096 silly audit   'tough-cookie': [ '6.0.1' ],
3096 silly audit   'w3c-xmlserializer': [ '5.0.0' ],
3096 silly audit   'webidl-conversions': [ '8.0.1' ],
3096 silly audit   'whatwg-mimetype': [ '5.0.0' ],
3096 silly audit   'whatwg-url': [ '16.0.1' ],
3096 silly audit   'xml-name-validator': [ '5.0.0' ],
3096 silly audit   '@asamuzakjp/nwsapi': [ '2.3.9' ],
3096 silly audit   'bidi-js': [ '1.0.3' ],
3096 silly audit   'css-tree': [ '3.2.1' ],
3096 silly audit   'mdn-data': [ '2.27.1' ],
3096 silly audit   'source-map-js': [ '1.2.1' ],
3096 silly audit   '@asamuzakjp/css-color': [ '5.1.11' ],
3096 silly audit   '@csstools/css-syntax-patches-for-csstree': [ '1.1.4' ],
3096 silly audit   '@asamuzakjp/generational-cache': [ '1.0.1' ],
3096 silly audit   '@csstools/css-calc': [ '3.2.1' ],
3096 silly audit   '@csstools/css-parser-algorithms': [ '4.0.0' ],
3096 silly audit   '@csstools/css-tokenizer': [ '4.0.0' ],
3096 silly audit   '@csstools/css-color-parser': [ '4.1.1' ],
3096 silly audit   '@csstools/color-helpers': [ '6.0.2' ],
3096 silly audit   'cli-truncate': [ '5.2.0' ],
3096 silly audit   colorette: [ '2.0.20' ],
3096 silly audit   eventemitter3: [ '5.0.4' ],
3096 silly audit   'log-update': [ '6.1.0' ],
3096 silly audit   rfdc: [ '1.4.1' ],
3096 silly audit   'slice-ansi': [ '8.0.0', '7.1.2' ],
3096 silly audit   'string-width': [ '8.2.1', '4.2.3', '7.2.0' ],
3096 silly audit   '@harperfast/extended-iterable': [ '1.0.3' ],
3096 silly audit   '@lmdb/lmdb-darwin-arm64': [ '3.5.1' ],
3096 silly audit   '@lmdb/lmdb-darwin-x64': [ '3.5.1' ],
3096 silly audit   '@lmdb/lmdb-linux-arm': [ '3.5.1' ],
3096 silly audit   '@lmdb/lmdb-linux-arm64': [ '3.5.1' ],
3096 silly audit   '@lmdb/lmdb-linux-x64': [ '3.5.1' ],
3096 silly audit   '@lmdb/lmdb-win32-arm64': [ '3.5.1' ],
3096 silly audit   '@lmdb/lmdb-win32-x64': [ '3.5.1' ],
3096 silly audit   msgpackr: [ '1.11.12' ],
3096 silly audit   'node-addon-api': [ '6.1.0', '7.1.1' ],
3096 silly audit   'node-gyp-build-optional-packages': [ '5.2.2' ],
3096 silly audit   'ordered-binary': [ '1.6.1' ],
3096 silly audit   'weak-lru-cache': [ '1.2.2' ],
3096 silly audit   'ansi-escapes': [ '7.3.0' ],
3096 silly audit   'cli-cursor': [ '5.0.0' ],
3096 silly audit   'strip-ansi': [ '7.2.0', '6.0.1' ],
3096 silly audit   environment: [ '1.1.0' ],
3096 silly audit   'restore-cursor': [ '5.1.0' ],
3096 silly audit   yallist: [ '3.1.1', '5.0.0', '4.0.0' ],
3096 silly audit   'mime-db': [ '1.54.0' ],
3096 silly audit   'msgpackr-extract': [ '3.0.3' ],
3096 silly audit   '@msgpackr-extract/msgpackr-extract-darwin-arm64': [ '3.0.3' ],
3096 silly audit   '@msgpackr-extract/msgpackr-extract-darwin-x64': [ '3.0.3' ],
3096 silly audit   '@msgpackr-extract/msgpackr-extract-linux-arm': [ '3.0.3' ],
3096 silly audit   '@msgpackr-extract/msgpackr-extract-linux-arm64': [ '3.0.3' ],
3096 silly audit   '@msgpackr-extract/msgpackr-extract-linux-x64': [ '3.0.3' ],
3096 silly audit   '@msgpackr-extract/msgpackr-extract-win32-x64': [ '3.0.3' ],
3096 silly audit   'detect-libc': [ '2.1.2' ],
3096 silly audit   'hosted-git-info': [ '9.0.3' ],
3096 silly audit   'proc-log': [ '6.1.0' ],
3096 silly audit   'validate-npm-package-name': [ '7.0.2' ],
3096 silly audit   'ee-first': [ '1.1.1' ],
3096 silly audit   wrappy: [ '1.0.2' ],
3096 silly audit   chalk: [ '5.6.2' ],
3096 silly audit   'cli-spinners': [ '3.4.0' ],
3096 silly audit   'is-interactive': [ '2.0.0' ],
3096 silly audit   'is-unicode-supported': [ '2.1.0' ],
3096 silly audit   'log-symbols': [ '7.0.1' ],
3096 silly audit   'stdin-discarder': [ '0.3.2' ],
3096 silly audit   yoctocolors: [ '2.1.2' ],
3096 silly audit   '@npmcli/git': [ '7.0.2' ],
3096 silly audit   '@npmcli/installed-package-contents': [ '4.0.0' ],
3096 silly audit   '@npmcli/package-json': [ '7.0.5' ],
3096 silly audit   '@npmcli/promise-spawn': [ '9.0.1' ],
3096 silly audit   '@npmcli/run-script': [ '10.0.4' ],
3096 silly audit   cacache: [ '20.0.4' ],
3096 silly audit   'fs-minipass': [ '3.0.3' ],
3096 silly audit   minipass: [ '7.1.3', '3.3.6' ],
3096 silly audit   'npm-packlist': [ '10.0.4' ],
3096 silly audit   'npm-pick-manifest': [ '11.0.3' ],
3096 silly audit   'npm-registry-fetch': [ '19.1.1' ],
3096 silly audit   'promise-retry': [ '2.0.1' ],
3096 silly audit   sigstore: [ '4.1.0' ],
3096 silly audit   ssri: [ '13.0.1' ],
3096 silly audit   tar: [ '7.5.15' ],
3096 silly audit   '@gar/promise-retry': [ '1.0.3' ],
3096 silly audit   'npm-bundled': [ '5.0.0' ],
3096 silly audit   'npm-normalize-package-bin': [ '5.0.0' ],
3096 silly audit   glob: [ '13.0.6' ],
3096 silly audit   'json-parse-even-better-errors': [ '5.0.0' ],
3096 silly audit   'spdx-expression-parse': [ '4.0.0' ],
3096 silly audit   '@npmcli/node-gyp': [ '5.0.0' ],
3096 silly audit   'node-gyp': [ '12.3.0' ],
3096 silly audit   '@npmcli/fs': [ '5.0.0' ],
3096 silly audit   'minipass-collect': [ '2.0.1' ],
3096 silly audit   'minipass-flush': [ '1.0.7' ],
3096 silly audit   'minipass-pipeline': [ '1.2.4' ],
3096 silly audit   'p-map': [ '7.0.4' ],
3096 silly audit   minimatch: [ '10.2.5' ],
3096 silly audit   'path-scurry': [ '2.0.2' ],
3096 silly audit   'brace-expansion': [ '5.0.6' ],
3096 silly audit   'balanced-match': [ '4.0.4' ],
3096 silly audit   'env-paths': [ '2.2.1' ],
3096 silly audit   'exponential-backoff': [ '3.1.3' ],
3096 silly audit   'graceful-fs': [ '4.2.11' ],
3096 silly audit   nopt: [ '9.0.0' ],
3096 silly audit   abbrev: [ '4.0.0' ],
3096 silly audit   'ignore-walk': [ '8.0.0' ],
3096 silly audit   'npm-install-checks': [ '8.0.0' ],
3096 silly audit   '@npmcli/redact': [ '4.0.0' ],
3096 silly audit   jsonparse: [ '1.3.1' ],
3096 silly audit   'make-fetch-happen': [ '15.0.5' ],
3096 silly audit   'minipass-fetch': [ '5.0.2' ],
3096 silly audit   minizlib: [ '3.1.0' ],
3096 silly audit   '@npmcli/agent': [ '4.0.0' ],
3096 silly audit   'http-cache-semantics': [ '4.2.0' ],
3096 silly audit   'socks-proxy-agent': [ '8.0.5' ],
3096 silly audit   'minipass-sized': [ '2.0.0' ],
3096 silly audit   'parse5-sax-parser': [ '8.0.0' ],
3096 silly audit   '@napi-rs/nice': [ '1.1.1' ],
3096 silly audit   '@napi-rs/nice-android-arm-eabi': [ '1.1.1' ],
3096 silly audit   '@napi-rs/nice-android-arm64': [ '1.1.1' ],
3096 silly audit   '@napi-rs/nice-darwin-arm64': [ '1.1.1' ],
3096 silly audit   '@napi-rs/nice-darwin-x64': [ '1.1.1' ],
3096 silly audit   '@napi-rs/nice-freebsd-x64': [ '1.1.1' ],
3096 silly audit   '@napi-rs/nice-linux-arm-gnueabihf': [ '1.1.1' ],
3096 silly audit   '@napi-rs/nice-linux-arm64-gnu': [ '1.1.1' ],
3096 silly audit   '@napi-rs/nice-linux-arm64-musl': [ '1.1.1' ],
3096 silly audit   '@napi-rs/nice-linux-ppc64-gnu': [ '1.1.1' ],
3096 silly audit   '@napi-rs/nice-linux-riscv64-gnu': [ '1.1.1' ],
3096 silly audit   '@napi-rs/nice-linux-s390x-gnu': [ '1.1.1' ],
3096 silly audit   '@napi-rs/nice-linux-x64-gnu': [ '1.1.1' ],
3096 silly audit   '@napi-rs/nice-linux-x64-musl': [ '1.1.1' ],
3096 silly audit   '@napi-rs/nice-openharmony-arm64': [ '1.1.1' ],
3096 silly audit   '@napi-rs/nice-win32-arm64-msvc': [ '1.1.1' ],
3096 silly audit   '@napi-rs/nice-win32-ia32-msvc': [ '1.1.1' ],
3096 silly audit   '@napi-rs/nice-win32-x64-msvc': [ '1.1.1' ],
3096 silly audit   nanoid: [ '3.3.12' ],
3096 silly audit   'err-code': [ '2.0.3' ],
3096 silly audit   retry: [ '0.12.0' ],
3096 silly audit   forwarded: [ '0.2.0' ],
3096 silly audit   'ipaddr.js': [ '1.9.1' ],
3096 silly audit   'side-channel': [ '1.1.0' ],
3096 silly audit   unpipe: [ '1.0.0' ],
3096 silly audit   onetime: [ '7.0.0' ],
3096 silly audit   'mimic-function': [ '5.0.1' ],
3096 silly audit   '@oxc-project/types': [ '0.113.0' ],
3096 silly audit   '@rolldown/binding-android-arm64': [ '1.0.0-rc.4' ],
3096 silly audit   '@rolldown/binding-darwin-arm64': [ '1.0.0-rc.4' ],
3096 silly audit   '@rolldown/binding-darwin-x64': [ '1.0.0-rc.4' ],
3096 silly audit   '@rolldown/binding-freebsd-x64': [ '1.0.0-rc.4' ],
3096 silly audit   '@rolldown/binding-linux-arm-gnueabihf': [ '1.0.0-rc.4' ],
3096 silly audit   '@rolldown/binding-linux-arm64-gnu': [ '1.0.0-rc.4' ],
3096 silly audit   '@rolldown/binding-linux-arm64-musl': [ '1.0.0-rc.4' ],
3096 silly audit   '@rolldown/binding-linux-x64-gnu': [ '1.0.0-rc.4' ],
3096 silly audit   '@rolldown/binding-linux-x64-musl': [ '1.0.0-rc.4' ],
3096 silly audit   '@rolldown/binding-openharmony-arm64': [ '1.0.0-rc.4' ],
3096 silly audit   '@rolldown/binding-wasm32-wasi': [ '1.0.0-rc.4' ],
3096 silly audit   '@rolldown/binding-win32-arm64-msvc': [ '1.0.0-rc.4' ],
3096 silly audit   '@rolldown/binding-win32-x64-msvc': [ '1.0.0-rc.4' ],
3096 silly audit   '@rolldown/pluginutils': [ '1.0.0-rc.4' ],
3096 silly audit   '@napi-rs/wasm-runtime': [ '1.1.4' ],
3096 silly audit   '@emnapi/core': [ '1.10.0' ],
3096 silly audit   '@emnapi/runtime': [ '1.10.0' ],
3096 silly audit   '@emnapi/wasi-threads': [ '1.2.1' ],
3096 silly audit   '@tybys/wasm-util': [ '0.10.2' ],
3096 silly audit   'is-promise': [ '4.0.0' ],
3096 silly audit   'path-to-regexp': [ '8.4.2' ],
3096 silly audit   '@parcel/watcher': [ '2.5.6' ],
3096 silly audit   immutable: [ '5.1.5' ],
3096 silly audit   '@parcel/watcher-android-arm64': [ '2.5.6' ],
3096 silly audit   '@parcel/watcher-darwin-arm64': [ '2.5.6' ],
3096 silly audit   '@parcel/watcher-darwin-x64': [ '2.5.6' ],
3096 silly audit   '@parcel/watcher-freebsd-x64': [ '2.5.6' ],
3096 silly audit   '@parcel/watcher-linux-arm-glibc': [ '2.5.6' ],
3096 silly audit   '@parcel/watcher-linux-arm-musl': [ '2.5.6' ],
3096 silly audit   '@parcel/watcher-linux-arm64-glibc': [ '2.5.6' ],
3096 silly audit   '@parcel/watcher-linux-arm64-musl': [ '2.5.6' ],
3096 silly audit   '@parcel/watcher-linux-x64-glibc': [ '2.5.6' ],
3096 silly audit   '@parcel/watcher-linux-x64-musl': [ '2.5.6' ],
3096 silly audit   '@parcel/watcher-win32-arm64': [ '2.5.6' ],
3096 silly audit   '@parcel/watcher-win32-ia32': [ '2.5.6' ],
3096 silly audit   '@parcel/watcher-win32-x64': [ '2.5.6' ],
3096 silly audit   'is-glob': [ '4.0.3' ],
3096 silly audit   'is-extglob': [ '2.1.1' ],
3096 silly audit   xmlchars: [ '2.2.0' ],
3096 silly audit   'shebang-regex': [ '3.0.0' ],
3096 silly audit   'es-errors': [ '1.3.0' ],
3096 silly audit   'object-inspect': [ '1.13.4' ],
3096 silly audit   'side-channel-list': [ '1.0.1' ],
3096 silly audit   'side-channel-map': [ '1.0.1' ],
3096 silly audit   'side-channel-weakmap': [ '1.0.2' ],
3096 silly audit   'call-bound': [ '1.0.4' ],
3096 silly audit   'get-intrinsic': [ '1.3.0' ],
3096 silly audit   'call-bind-apply-helpers': [ '1.0.2' ],
3096 silly audit   'function-bind': [ '1.1.2' ],
3096 silly audit   'es-define-property': [ '1.0.1' ],
3096 silly audit   'es-object-atoms': [ '1.1.1' ],
3096 silly audit   'get-proto': [ '1.0.1' ],
3096 silly audit   gopd: [ '1.2.0' ],
3096 silly audit   'has-symbols': [ '1.1.0' ],
3096 silly audit   hasown: [ '2.0.3' ],
3096 silly audit   'math-intrinsics': [ '1.1.0' ],
3096 silly audit   'dunder-proto': [ '1.0.1' ],
3096 silly audit   '@sigstore/bundle': [ '4.0.0' ],
3096 silly audit   '@sigstore/core': [ '3.2.0' ],
3096 silly audit   '@sigstore/protobuf-specs': [ '0.5.1' ],
3096 silly audit   '@sigstore/sign': [ '4.1.1' ],
3096 silly audit   '@sigstore/tuf': [ '4.0.2' ],
3096 silly audit   '@sigstore/verify': [ '3.1.0' ],
3096 silly audit   'tuf-js': [ '4.1.0' ],
3096 silly audit   'ansi-styles': [ '6.2.3', '4.3.0' ],
3096 silly audit   'is-fullwidth-code-point': [ '5.1.0', '3.0.0' ],
3096 silly audit   'get-east-asian-width': [ '1.6.0' ],
3096 silly audit   socks: [ '2.8.9' ],
3096 silly audit   'smart-buffer': [ '4.2.0' ],
3096 silly audit   'buffer-from': [ '1.1.2' ],
3096 silly audit   'spdx-exceptions': [ '2.5.0' ],
3096 silly audit   'spdx-license-ids': [ '3.0.23' ],
3096 silly audit   'ansi-regex': [ '6.2.2', '5.0.1' ],
3096 silly audit   '@isaacs/fs-minipass': [ '4.0.1' ],
3096 silly audit   chownr: [ '3.0.0' ],
3096 silly audit   fdir: [ '6.5.0' ],
3096 silly audit   tldts: [ '7.0.30' ],
3096 silly audit   'tldts-core': [ '7.0.30' ],
3096 silly audit   '@tufjs/models': [ '4.1.0' ],
3096 silly audit   '@tufjs/canonical-json': [ '2.0.0' ],
3096 silly audit   'media-typer': [ '1.1.0' ],
3096 silly audit   escalade: [ '3.2.0' ],
3096 silly audit   fsevents: [ '2.3.3' ],
3096 silly audit   rollup: [ '4.60.4' ],
3096 silly audit   '@rollup/rollup-android-arm-eabi': [ '4.60.4' ],
3096 silly audit   '@rollup/rollup-android-arm64': [ '4.60.4' ],
3096 silly audit   '@rollup/rollup-darwin-arm64': [ '4.60.4' ],
3096 silly audit   '@rollup/rollup-darwin-x64': [ '4.60.4' ],
3096 silly audit   '@rollup/rollup-freebsd-arm64': [ '4.60.4' ],
3096 silly audit   '@rollup/rollup-freebsd-x64': [ '4.60.4' ],
3096 silly audit   '@rollup/rollup-linux-arm-gnueabihf': [ '4.60.4' ],
3096 silly audit   '@rollup/rollup-linux-arm-musleabihf': [ '4.60.4' ],
3096 silly audit   '@rollup/rollup-linux-arm64-gnu': [ '4.60.4' ],
3096 silly audit   '@rollup/rollup-linux-arm64-musl': [ '4.60.4' ],
3096 silly audit   '@rollup/rollup-linux-loong64-gnu': [ '4.60.4' ],
3096 silly audit   '@rollup/rollup-linux-loong64-musl': [ '4.60.4' ],
3096 silly audit   '@rollup/rollup-linux-ppc64-gnu': [ '4.60.4' ],
3096 silly audit   '@rollup/rollup-linux-ppc64-musl': [ '4.60.4' ],
3096 silly audit   '@rollup/rollup-linux-riscv64-gnu': [ '4.60.4' ],
3096 silly audit   '@rollup/rollup-linux-riscv64-musl': [ '4.60.4' ],
3096 silly audit   '@rollup/rollup-linux-s390x-gnu': [ '4.60.4' ],
3096 silly audit   '@rollup/rollup-linux-x64-gnu': [ '4.60.4' ],
3096 silly audit   '@rollup/rollup-linux-x64-musl': [ '4.60.4' ],
3096 silly audit   '@rollup/rollup-openbsd-x64': [ '4.60.4' ],
3096 silly audit   '@rollup/rollup-openharmony-arm64': [ '4.60.4' ],
3096 silly audit   '@rollup/rollup-win32-arm64-msvc': [ '4.60.4' ],
3096 silly audit   '@rollup/rollup-win32-ia32-msvc': [ '4.60.4' ],
3096 silly audit   '@rollup/rollup-win32-x64-gnu': [ '4.60.4' ],
3096 silly audit   '@rollup/rollup-win32-x64-msvc': [ '4.60.4' ],
3096 silly audit   '@types/estree': [ '1.0.8' ],
3096 silly audit   '@vitest/expect': [ '4.1.6' ],
3096 silly audit   '@vitest/mocker': [ '4.1.6' ],
3096 silly audit   '@vitest/pretty-format': [ '4.1.6' ],
3096 silly audit   '@vitest/runner': [ '4.1.6' ],
3096 silly audit   '@vitest/snapshot': [ '4.1.6' ],
3096 silly audit   '@vitest/spy': [ '4.1.6' ],
3096 silly audit   '@vitest/utils': [ '4.1.6' ],
3096 silly audit   'es-module-lexer': [ '2.1.0' ],
3096 silly audit   'expect-type': [ '1.3.0' ],
3096 silly audit   obug: [ '2.1.1' ],
3096 silly audit   pathe: [ '2.0.3' ],
3096 silly audit   'std-env': [ '4.1.0' ],
3096 silly audit   tinybench: [ '2.9.0' ],
3096 silly audit   tinyexec: [ '1.1.2' ],
3096 silly audit   tinyrainbow: [ '3.1.0' ],
3096 silly audit   'why-is-node-running': [ '2.3.0' ],
3096 silly audit   '@types/chai': [ '5.2.3' ],
3096 silly audit   chai: [ '6.2.2' ],
3096 silly audit   '@types/deep-eql': [ '4.0.2' ],
3096 silly audit   'assertion-error': [ '2.0.1' ],
3096 silly audit   'estree-walker': [ '3.0.3' ],
3096 silly audit   'glob-to-regexp': [ '0.4.1' ],
3096 silly audit   tr46: [ '6.0.0' ],
3096 silly audit   punycode: [ '2.3.1' ],
3096 silly audit   isexe: [ '2.0.0', '4.0.0' ],
3096 silly audit   siginfo: [ '2.0.0' ],
3096 silly audit   stackback: [ '0.0.2' ],
3096 silly audit   cliui: [ '9.0.1' ],
3096 silly audit   'get-caller-file': [ '2.0.5' ],
3096 silly audit   y18n: [ '5.0.8' ],
3096 silly audit   'yargs-parser': [ '22.0.0' ],
3096 silly audit   'emoji-regex': [ '10.6.0', '8.0.0' ],
3096 silly audit   'color-convert': [ '2.0.1' ],
3096 silly audit   'color-name': [ '1.1.4' ]
3096 silly audit }
3097 verbose reify failed optional dependency /Users/dam113/Desktop/my-app/node_modules/@rollup/rollup-win32-x64-msvc
3098 silly reify mark deleted [
3098 silly reify   '/Users/dam113/Desktop/my-app/node_modules/@rollup/rollup-win32-x64-msvc'
3098 silly reify ]
3099 verbose reify failed optional dependency /Users/dam113/Desktop/my-app/node_modules/@rollup/rollup-win32-x64-gnu
3100 silly reify mark deleted [
3100 silly reify   '/Users/dam113/Desktop/my-app/node_modules/@rollup/rollup-win32-x64-gnu'
3100 silly reify ]
3101 verbose reify failed optional dependency /Users/dam113/Desktop/my-app/node_modules/@rollup/rollup-win32-ia32-msvc
3102 silly reify mark deleted [
3102 silly reify   '/Users/dam113/Desktop/my-app/node_modules/@rollup/rollup-win32-ia32-msvc'
3102 silly reify ]
3103 verbose reify failed optional dependency /Users/dam113/Desktop/my-app/node_modules/@rollup/rollup-win32-arm64-msvc
3104 silly reify mark deleted [
3104 silly reify   '/Users/dam113/Desktop/my-app/node_modules/@rollup/rollup-win32-arm64-msvc'
3104 silly reify ]
3105 verbose reify failed optional dependency /Users/dam113/Desktop/my-app/node_modules/@rollup/rollup-openharmony-arm64
3106 silly reify mark deleted [
3106 silly reify   '/Users/dam113/Desktop/my-app/node_modules/@rollup/rollup-openharmony-arm64'
3106 silly reify ]
3107 verbose reify failed optional dependency /Users/dam113/Desktop/my-app/node_modules/@rollup/rollup-openbsd-x64
3108 silly reify mark deleted [
3108 silly reify   '/Users/dam113/Desktop/my-app/node_modules/@rollup/rollup-openbsd-x64'
3108 silly reify ]
3109 verbose reify failed optional dependency /Users/dam113/Desktop/my-app/node_modules/@rollup/rollup-linux-x64-musl
3110 silly reify mark deleted [
3110 silly reify   '/Users/dam113/Desktop/my-app/node_modules/@rollup/rollup-linux-x64-musl'
3110 silly reify ]
3111 verbose reify failed optional dependency /Users/dam113/Desktop/my-app/node_modules/@rollup/rollup-linux-x64-gnu
3112 silly reify mark deleted [
3112 silly reify   '/Users/dam113/Desktop/my-app/node_modules/@rollup/rollup-linux-x64-gnu'
3112 silly reify ]
3113 verbose reify failed optional dependency /Users/dam113/Desktop/my-app/node_modules/@rollup/rollup-linux-s390x-gnu
3114 silly reify mark deleted [
3114 silly reify   '/Users/dam113/Desktop/my-app/node_modules/@rollup/rollup-linux-s390x-gnu'
3114 silly reify ]
3115 verbose reify failed optional dependency /Users/dam113/Desktop/my-app/node_modules/@rollup/rollup-linux-riscv64-musl
3116 silly reify mark deleted [
3116 silly reify   '/Users/dam113/Desktop/my-app/node_modules/@rollup/rollup-linux-riscv64-musl'
3116 silly reify ]
3117 verbose reify failed optional dependency /Users/dam113/Desktop/my-app/node_modules/@rollup/rollup-linux-riscv64-gnu
3118 silly reify mark deleted [
3118 silly reify   '/Users/dam113/Desktop/my-app/node_modules/@rollup/rollup-linux-riscv64-gnu'
3118 silly reify ]
3119 verbose reify failed optional dependency /Users/dam113/Desktop/my-app/node_modules/@rollup/rollup-linux-ppc64-musl
3120 silly reify mark deleted [
3120 silly reify   '/Users/dam113/Desktop/my-app/node_modules/@rollup/rollup-linux-ppc64-musl'
3120 silly reify ]
3121 verbose reify failed optional dependency /Users/dam113/Desktop/my-app/node_modules/@rollup/rollup-linux-ppc64-gnu
3122 silly reify mark deleted [
3122 silly reify   '/Users/dam113/Desktop/my-app/node_modules/@rollup/rollup-linux-ppc64-gnu'
3122 silly reify ]
3123 verbose reify failed optional dependency /Users/dam113/Desktop/my-app/node_modules/@rollup/rollup-linux-loong64-musl
3124 silly reify mark deleted [
3124 silly reify   '/Users/dam113/Desktop/my-app/node_modules/@rollup/rollup-linux-loong64-musl'
3124 silly reify ]
3125 verbose reify failed optional dependency /Users/dam113/Desktop/my-app/node_modules/@rollup/rollup-linux-loong64-gnu
3126 silly reify mark deleted [
3126 silly reify   '/Users/dam113/Desktop/my-app/node_modules/@rollup/rollup-linux-loong64-gnu'
3126 silly reify ]
3127 verbose reify failed optional dependency /Users/dam113/Desktop/my-app/node_modules/@rollup/rollup-linux-arm64-musl
3128 silly reify mark deleted [
3128 silly reify   '/Users/dam113/Desktop/my-app/node_modules/@rollup/rollup-linux-arm64-musl'
3128 silly reify ]
3129 verbose reify failed optional dependency /Users/dam113/Desktop/my-app/node_modules/@rollup/rollup-linux-arm64-gnu
3130 silly reify mark deleted [
3130 silly reify   '/Users/dam113/Desktop/my-app/node_modules/@rollup/rollup-linux-arm64-gnu'
3130 silly reify ]
3131 verbose reify failed optional dependency /Users/dam113/Desktop/my-app/node_modules/@rollup/rollup-linux-arm-musleabihf
3132 silly reify mark deleted [
3132 silly reify   '/Users/dam113/Desktop/my-app/node_modules/@rollup/rollup-linux-arm-musleabihf'
3132 silly reify ]
3133 verbose reify failed optional dependency /Users/dam113/Desktop/my-app/node_modules/@rollup/rollup-linux-arm-gnueabihf
3134 silly reify mark deleted [
3134 silly reify   '/Users/dam113/Desktop/my-app/node_modules/@rollup/rollup-linux-arm-gnueabihf'
3134 silly reify ]
3135 verbose reify failed optional dependency /Users/dam113/Desktop/my-app/node_modules/@rollup/rollup-freebsd-x64
3136 silly reify mark deleted [
3136 silly reify   '/Users/dam113/Desktop/my-app/node_modules/@rollup/rollup-freebsd-x64'
3136 silly reify ]
3137 verbose reify failed optional dependency /Users/dam113/Desktop/my-app/node_modules/@rollup/rollup-freebsd-arm64
3138 silly reify mark deleted [
3138 silly reify   '/Users/dam113/Desktop/my-app/node_modules/@rollup/rollup-freebsd-arm64'
3138 silly reify ]
3139 verbose reify failed optional dependency /Users/dam113/Desktop/my-app/node_modules/@rollup/rollup-darwin-x64
3140 silly reify mark deleted [
3140 silly reify   '/Users/dam113/Desktop/my-app/node_modules/@rollup/rollup-darwin-x64'
3140 silly reify ]
3141 verbose reify failed optional dependency /Users/dam113/Desktop/my-app/node_modules/@rollup/rollup-android-arm64
3142 silly reify mark deleted [
3142 silly reify   '/Users/dam113/Desktop/my-app/node_modules/@rollup/rollup-android-arm64'
3142 silly reify ]
3143 verbose reify failed optional dependency /Users/dam113/Desktop/my-app/node_modules/@rollup/rollup-android-arm-eabi
3144 silly reify mark deleted [
3144 silly reify   '/Users/dam113/Desktop/my-app/node_modules/@rollup/rollup-android-arm-eabi'
3144 silly reify ]
3145 verbose reify failed optional dependency /Users/dam113/Desktop/my-app/node_modules/@parcel/watcher-win32-x64
3146 silly reify mark deleted [
3146 silly reify   '/Users/dam113/Desktop/my-app/node_modules/@parcel/watcher-win32-x64'
3146 silly reify ]
3147 verbose reify failed optional dependency /Users/dam113/Desktop/my-app/node_modules/@parcel/watcher-win32-ia32
3148 silly reify mark deleted [
3148 silly reify   '/Users/dam113/Desktop/my-app/node_modules/@parcel/watcher-win32-ia32'
3148 silly reify ]
3149 verbose reify failed optional dependency /Users/dam113/Desktop/my-app/node_modules/@parcel/watcher-win32-arm64
3150 silly reify mark deleted [
3150 silly reify   '/Users/dam113/Desktop/my-app/node_modules/@parcel/watcher-win32-arm64'
3150 silly reify ]
3151 verbose reify failed optional dependency /Users/dam113/Desktop/my-app/node_modules/@parcel/watcher-linux-x64-musl
3152 silly reify mark deleted [
3152 silly reify   '/Users/dam113/Desktop/my-app/node_modules/@parcel/watcher-linux-x64-musl'
3152 silly reify ]
3153 verbose reify failed optional dependency /Users/dam113/Desktop/my-app/node_modules/@parcel/watcher-linux-x64-glibc
3154 silly reify mark deleted [
3154 silly reify   '/Users/dam113/Desktop/my-app/node_modules/@parcel/watcher-linux-x64-glibc'
3154 silly reify ]
3155 verbose reify failed optional dependency /Users/dam113/Desktop/my-app/node_modules/@parcel/watcher-linux-arm64-musl
3156 silly reify mark deleted [
3156 silly reify   '/Users/dam113/Desktop/my-app/node_modules/@parcel/watcher-linux-arm64-musl'
3156 silly reify ]
3157 verbose reify failed optional dependency /Users/dam113/Desktop/my-app/node_modules/@parcel/watcher-linux-arm64-glibc
3158 silly reify mark deleted [
3158 silly reify   '/Users/dam113/Desktop/my-app/node_modules/@parcel/watcher-linux-arm64-glibc'
3158 silly reify ]
3159 verbose reify failed optional dependency /Users/dam113/Desktop/my-app/node_modules/@parcel/watcher-linux-arm-musl
3160 silly reify mark deleted [
3160 silly reify   '/Users/dam113/Desktop/my-app/node_modules/@parcel/watcher-linux-arm-musl'
3160 silly reify ]
3161 verbose reify failed optional dependency /Users/dam113/Desktop/my-app/node_modules/@parcel/watcher-linux-arm-glibc
3162 silly reify mark deleted [
3162 silly reify   '/Users/dam113/Desktop/my-app/node_modules/@parcel/watcher-linux-arm-glibc'
3162 silly reify ]
3163 verbose reify failed optional dependency /Users/dam113/Desktop/my-app/node_modules/@parcel/watcher-freebsd-x64
3164 silly reify mark deleted [
3164 silly reify   '/Users/dam113/Desktop/my-app/node_modules/@parcel/watcher-freebsd-x64'
3164 silly reify ]
3165 verbose reify failed optional dependency /Users/dam113/Desktop/my-app/node_modules/@parcel/watcher-darwin-x64
3166 silly reify mark deleted [
3166 silly reify   '/Users/dam113/Desktop/my-app/node_modules/@parcel/watcher-darwin-x64'
3166 silly reify ]
3167 verbose reify failed optional dependency /Users/dam113/Desktop/my-app/node_modules/@parcel/watcher-android-arm64
3168 silly reify mark deleted [
3168 silly reify   '/Users/dam113/Desktop/my-app/node_modules/@parcel/watcher-android-arm64'
3168 silly reify ]
3169 verbose reify failed optional dependency /Users/dam113/Desktop/my-app/node_modules/@rolldown/binding-win32-x64-msvc
3170 silly reify mark deleted [
3170 silly reify   '/Users/dam113/Desktop/my-app/node_modules/@rolldown/binding-win32-x64-msvc'
3170 silly reify ]
3171 verbose reify failed optional dependency /Users/dam113/Desktop/my-app/node_modules/@rolldown/binding-win32-arm64-msvc
3172 silly reify mark deleted [
3172 silly reify   '/Users/dam113/Desktop/my-app/node_modules/@rolldown/binding-win32-arm64-msvc'
3172 silly reify ]
3173 verbose reify failed optional dependency /Users/dam113/Desktop/my-app/node_modules/@rolldown/binding-wasm32-wasi
3174 silly reify mark deleted [
3174 silly reify   '/Users/dam113/Desktop/my-app/node_modules/@rolldown/binding-wasm32-wasi'
3174 silly reify ]
3175 verbose reify failed optional dependency /Users/dam113/Desktop/my-app/node_modules/@napi-rs/wasm-runtime
3176 silly reify mark deleted [ '/Users/dam113/Desktop/my-app/node_modules/@napi-rs/wasm-runtime' ]
3177 verbose reify failed optional dependency /Users/dam113/Desktop/my-app/node_modules/@emnapi/core
3178 silly reify mark deleted [ '/Users/dam113/Desktop/my-app/node_modules/@emnapi/core' ]
3179 verbose reify failed optional dependency /Users/dam113/Desktop/my-app/node_modules/@emnapi/runtime
3180 silly reify mark deleted [ '/Users/dam113/Desktop/my-app/node_modules/@emnapi/runtime' ]
3181 verbose reify failed optional dependency /Users/dam113/Desktop/my-app/node_modules/@tybys/wasm-util
3182 silly reify mark deleted [ '/Users/dam113/Desktop/my-app/node_modules/@tybys/wasm-util' ]
3183 verbose reify failed optional dependency /Users/dam113/Desktop/my-app/node_modules/@emnapi/wasi-threads
3184 silly reify mark deleted [ '/Users/dam113/Desktop/my-app/node_modules/@emnapi/wasi-threads' ]
3185 verbose reify failed optional dependency /Users/dam113/Desktop/my-app/node_modules/@rolldown/binding-openharmony-arm64
3186 silly reify mark deleted [
3186 silly reify   '/Users/dam113/Desktop/my-app/node_modules/@rolldown/binding-openharmony-arm64'
3186 silly reify ]
3187 verbose reify failed optional dependency /Users/dam113/Desktop/my-app/node_modules/@rolldown/binding-linux-x64-musl
3188 silly reify mark deleted [
3188 silly reify   '/Users/dam113/Desktop/my-app/node_modules/@rolldown/binding-linux-x64-musl'
3188 silly reify ]
3189 verbose reify failed optional dependency /Users/dam113/Desktop/my-app/node_modules/@rolldown/binding-linux-x64-gnu
3190 silly reify mark deleted [
3190 silly reify   '/Users/dam113/Desktop/my-app/node_modules/@rolldown/binding-linux-x64-gnu'
3190 silly reify ]
3191 verbose reify failed optional dependency /Users/dam113/Desktop/my-app/node_modules/@rolldown/binding-linux-arm64-musl
3192 silly reify mark deleted [
3192 silly reify   '/Users/dam113/Desktop/my-app/node_modules/@rolldown/binding-linux-arm64-musl'
3192 silly reify ]
3193 verbose reify failed optional dependency /Users/dam113/Desktop/my-app/node_modules/@rolldown/binding-linux-arm64-gnu
3194 silly reify mark deleted [
3194 silly reify   '/Users/dam113/Desktop/my-app/node_modules/@rolldown/binding-linux-arm64-gnu'
3194 silly reify ]
3195 verbose reify failed optional dependency /Users/dam113/Desktop/my-app/node_modules/@rolldown/binding-linux-arm-gnueabihf
3196 silly reify mark deleted [
3196 silly reify   '/Users/dam113/Desktop/my-app/node_modules/@rolldown/binding-linux-arm-gnueabihf'
3196 silly reify ]
3197 verbose reify failed optional dependency /Users/dam113/Desktop/my-app/node_modules/@rolldown/binding-freebsd-x64
3198 silly reify mark deleted [
3198 silly reify   '/Users/dam113/Desktop/my-app/node_modules/@rolldown/binding-freebsd-x64'
3198 silly reify ]
3199 verbose reify failed optional dependency /Users/dam113/Desktop/my-app/node_modules/@rolldown/binding-darwin-x64
3200 silly reify mark deleted [
3200 silly reify   '/Users/dam113/Desktop/my-app/node_modules/@rolldown/binding-darwin-x64'
3200 silly reify ]
3201 verbose reify failed optional dependency /Users/dam113/Desktop/my-app/node_modules/@rolldown/binding-android-arm64
3202 silly reify mark deleted [
3202 silly reify   '/Users/dam113/Desktop/my-app/node_modules/@rolldown/binding-android-arm64'
3202 silly reify ]
3203 verbose reify failed optional dependency /Users/dam113/Desktop/my-app/node_modules/@napi-rs/nice-win32-x64-msvc
3204 silly reify mark deleted [
3204 silly reify   '/Users/dam113/Desktop/my-app/node_modules/@napi-rs/nice-win32-x64-msvc'
3204 silly reify ]
3205 verbose reify failed optional dependency /Users/dam113/Desktop/my-app/node_modules/@napi-rs/nice-win32-ia32-msvc
3206 silly reify mark deleted [
3206 silly reify   '/Users/dam113/Desktop/my-app/node_modules/@napi-rs/nice-win32-ia32-msvc'
3206 silly reify ]
3207 verbose reify failed optional dependency /Users/dam113/Desktop/my-app/node_modules/@napi-rs/nice-win32-arm64-msvc
3208 silly reify mark deleted [
3208 silly reify   '/Users/dam113/Desktop/my-app/node_modules/@napi-rs/nice-win32-arm64-msvc'
3208 silly reify ]
3209 verbose reify failed optional dependency /Users/dam113/Desktop/my-app/node_modules/@napi-rs/nice-openharmony-arm64
3210 silly reify mark deleted [
3210 silly reify   '/Users/dam113/Desktop/my-app/node_modules/@napi-rs/nice-openharmony-arm64'
3210 silly reify ]
3211 verbose reify failed optional dependency /Users/dam113/Desktop/my-app/node_modules/@napi-rs/nice-linux-x64-musl
3212 silly reify mark deleted [
3212 silly reify   '/Users/dam113/Desktop/my-app/node_modules/@napi-rs/nice-linux-x64-musl'
3212 silly reify ]
3213 verbose reify failed optional dependency /Users/dam113/Desktop/my-app/node_modules/@napi-rs/nice-linux-x64-gnu
3214 silly reify mark deleted [
3214 silly reify   '/Users/dam113/Desktop/my-app/node_modules/@napi-rs/nice-linux-x64-gnu'
3214 silly reify ]
3215 verbose reify failed optional dependency /Users/dam113/Desktop/my-app/node_modules/@napi-rs/nice-linux-s390x-gnu
3216 silly reify mark deleted [
3216 silly reify   '/Users/dam113/Desktop/my-app/node_modules/@napi-rs/nice-linux-s390x-gnu'
3216 silly reify ]
3217 verbose reify failed optional dependency /Users/dam113/Desktop/my-app/node_modules/@napi-rs/nice-linux-riscv64-gnu
3218 silly reify mark deleted [
3218 silly reify   '/Users/dam113/Desktop/my-app/node_modules/@napi-rs/nice-linux-riscv64-gnu'
3218 silly reify ]
3219 verbose reify failed optional dependency /Users/dam113/Desktop/my-app/node_modules/@napi-rs/nice-linux-ppc64-gnu
3220 silly reify mark deleted [
3220 silly reify   '/Users/dam113/Desktop/my-app/node_modules/@napi-rs/nice-linux-ppc64-gnu'
3220 silly reify ]
3221 verbose reify failed optional dependency /Users/dam113/Desktop/my-app/node_modules/@napi-rs/nice-linux-arm64-musl
3222 silly reify mark deleted [
3222 silly reify   '/Users/dam113/Desktop/my-app/node_modules/@napi-rs/nice-linux-arm64-musl'
3222 silly reify ]
3223 verbose reify failed optional dependency /Users/dam113/Desktop/my-app/node_modules/@napi-rs/nice-linux-arm64-gnu
3224 silly reify mark deleted [
3224 silly reify   '/Users/dam113/Desktop/my-app/node_modules/@napi-rs/nice-linux-arm64-gnu'
3224 silly reify ]
3225 verbose reify failed optional dependency /Users/dam113/Desktop/my-app/node_modules/@napi-rs/nice-linux-arm-gnueabihf
3226 silly reify mark deleted [
3226 silly reify   '/Users/dam113/Desktop/my-app/node_modules/@napi-rs/nice-linux-arm-gnueabihf'
3226 silly reify ]
3227 verbose reify failed optional dependency /Users/dam113/Desktop/my-app/node_modules/@napi-rs/nice-freebsd-x64
3228 silly reify mark deleted [
3228 silly reify   '/Users/dam113/Desktop/my-app/node_modules/@napi-rs/nice-freebsd-x64'
3228 silly reify ]
3229 verbose reify failed optional dependency /Users/dam113/Desktop/my-app/node_modules/@napi-rs/nice-darwin-x64
3230 silly reify mark deleted [
3230 silly reify   '/Users/dam113/Desktop/my-app/node_modules/@napi-rs/nice-darwin-x64'
3230 silly reify ]
3231 verbose reify failed optional dependency /Users/dam113/Desktop/my-app/node_modules/@napi-rs/nice-android-arm64
3232 silly reify mark deleted [
3232 silly reify   '/Users/dam113/Desktop/my-app/node_modules/@napi-rs/nice-android-arm64'
3232 silly reify ]
3233 verbose reify failed optional dependency /Users/dam113/Desktop/my-app/node_modules/@napi-rs/nice-android-arm-eabi
3234 silly reify mark deleted [
3234 silly reify   '/Users/dam113/Desktop/my-app/node_modules/@napi-rs/nice-android-arm-eabi'
3234 silly reify ]
3235 verbose reify failed optional dependency /Users/dam113/Desktop/my-app/node_modules/@msgpackr-extract/msgpackr-extract-win32-x64
3236 silly reify mark deleted [
3236 silly reify   '/Users/dam113/Desktop/my-app/node_modules/@msgpackr-extract/msgpackr-extract-win32-x64'
3236 silly reify ]
3237 verbose reify failed optional dependency /Users/dam113/Desktop/my-app/node_modules/@msgpackr-extract/msgpackr-extract-linux-x64
3238 silly reify mark deleted [
3238 silly reify   '/Users/dam113/Desktop/my-app/node_modules/@msgpackr-extract/msgpackr-extract-linux-x64'
3238 silly reify ]
3239 verbose reify failed optional dependency /Users/dam113/Desktop/my-app/node_modules/@msgpackr-extract/msgpackr-extract-linux-arm64
3240 silly reify mark deleted [
3240 silly reify   '/Users/dam113/Desktop/my-app/node_modules/@msgpackr-extract/msgpackr-extract-linux-arm64'
3240 silly reify ]
3241 verbose reify failed optional dependency /Users/dam113/Desktop/my-app/node_modules/@msgpackr-extract/msgpackr-extract-linux-arm
3242 silly reify mark deleted [
3242 silly reify   '/Users/dam113/Desktop/my-app/node_modules/@msgpackr-extract/msgpackr-extract-linux-arm'
3242 silly reify ]
3243 verbose reify failed optional dependency /Users/dam113/Desktop/my-app/node_modules/@msgpackr-extract/msgpackr-extract-darwin-x64
3244 silly reify mark deleted [
3244 silly reify   '/Users/dam113/Desktop/my-app/node_modules/@msgpackr-extract/msgpackr-extract-darwin-x64'
3244 silly reify ]
3245 verbose reify failed optional dependency /Users/dam113/Desktop/my-app/node_modules/@lmdb/lmdb-win32-x64
3246 silly reify mark deleted [ '/Users/dam113/Desktop/my-app/node_modules/@lmdb/lmdb-win32-x64' ]
3247 verbose reify failed optional dependency /Users/dam113/Desktop/my-app/node_modules/@lmdb/lmdb-win32-arm64
3248 silly reify mark deleted [ '/Users/dam113/Desktop/my-app/node_modules/@lmdb/lmdb-win32-arm64' ]
3249 verbose reify failed optional dependency /Users/dam113/Desktop/my-app/node_modules/@lmdb/lmdb-linux-x64
3250 silly reify mark deleted [ '/Users/dam113/Desktop/my-app/node_modules/@lmdb/lmdb-linux-x64' ]
3251 verbose reify failed optional dependency /Users/dam113/Desktop/my-app/node_modules/@lmdb/lmdb-linux-arm64
3252 silly reify mark deleted [ '/Users/dam113/Desktop/my-app/node_modules/@lmdb/lmdb-linux-arm64' ]
3253 verbose reify failed optional dependency /Users/dam113/Desktop/my-app/node_modules/@lmdb/lmdb-linux-arm
3254 silly reify mark deleted [ '/Users/dam113/Desktop/my-app/node_modules/@lmdb/lmdb-linux-arm' ]
3255 verbose reify failed optional dependency /Users/dam113/Desktop/my-app/node_modules/@lmdb/lmdb-darwin-x64
3256 silly reify mark deleted [ '/Users/dam113/Desktop/my-app/node_modules/@lmdb/lmdb-darwin-x64' ]
3257 verbose reify failed optional dependency /Users/dam113/Desktop/my-app/node_modules/@esbuild/win32-x64
3258 silly reify mark deleted [ '/Users/dam113/Desktop/my-app/node_modules/@esbuild/win32-x64' ]
3259 verbose reify failed optional dependency /Users/dam113/Desktop/my-app/node_modules/@esbuild/win32-ia32
3260 silly reify mark deleted [ '/Users/dam113/Desktop/my-app/node_modules/@esbuild/win32-ia32' ]
3261 verbose reify failed optional dependency /Users/dam113/Desktop/my-app/node_modules/@esbuild/win32-arm64
3262 silly reify mark deleted [ '/Users/dam113/Desktop/my-app/node_modules/@esbuild/win32-arm64' ]
3263 verbose reify failed optional dependency /Users/dam113/Desktop/my-app/node_modules/@esbuild/sunos-x64
3264 silly reify mark deleted [ '/Users/dam113/Desktop/my-app/node_modules/@esbuild/sunos-x64' ]
3265 verbose reify failed optional dependency /Users/dam113/Desktop/my-app/node_modules/@esbuild/openharmony-arm64
3266 silly reify mark deleted [
3266 silly reify   '/Users/dam113/Desktop/my-app/node_modules/@esbuild/openharmony-arm64'
3266 silly reify ]
3267 verbose reify failed optional dependency /Users/dam113/Desktop/my-app/node_modules/@esbuild/openbsd-x64
3268 silly reify mark deleted [ '/Users/dam113/Desktop/my-app/node_modules/@esbuild/openbsd-x64' ]
3269 verbose reify failed optional dependency /Users/dam113/Desktop/my-app/node_modules/@esbuild/openbsd-arm64
3270 silly reify mark deleted [ '/Users/dam113/Desktop/my-app/node_modules/@esbuild/openbsd-arm64' ]
3271 verbose reify failed optional dependency /Users/dam113/Desktop/my-app/node_modules/@esbuild/netbsd-x64
3272 silly reify mark deleted [ '/Users/dam113/Desktop/my-app/node_modules/@esbuild/netbsd-x64' ]
3273 verbose reify failed optional dependency /Users/dam113/Desktop/my-app/node_modules/@esbuild/netbsd-arm64
3274 silly reify mark deleted [ '/Users/dam113/Desktop/my-app/node_modules/@esbuild/netbsd-arm64' ]
3275 verbose reify failed optional dependency /Users/dam113/Desktop/my-app/node_modules/@esbuild/linux-x64
3276 silly reify mark deleted [ '/Users/dam113/Desktop/my-app/node_modules/@esbuild/linux-x64' ]
3277 verbose reify failed optional dependency /Users/dam113/Desktop/my-app/node_modules/@esbuild/linux-s390x
3278 silly reify mark deleted [ '/Users/dam113/Desktop/my-app/node_modules/@esbuild/linux-s390x' ]
3279 verbose reify failed optional dependency /Users/dam113/Desktop/my-app/node_modules/@esbuild/linux-riscv64
3280 silly reify mark deleted [ '/Users/dam113/Desktop/my-app/node_modules/@esbuild/linux-riscv64' ]
3281 verbose reify failed optional dependency /Users/dam113/Desktop/my-app/node_modules/@esbuild/linux-ppc64
3282 silly reify mark deleted [ '/Users/dam113/Desktop/my-app/node_modules/@esbuild/linux-ppc64' ]
3283 verbose reify failed optional dependency /Users/dam113/Desktop/my-app/node_modules/@esbuild/linux-mips64el
3284 silly reify mark deleted [ '/Users/dam113/Desktop/my-app/node_modules/@esbuild/linux-mips64el' ]
3285 verbose reify failed optional dependency /Users/dam113/Desktop/my-app/node_modules/@esbuild/linux-loong64
3286 silly reify mark deleted [ '/Users/dam113/Desktop/my-app/node_modules/@esbuild/linux-loong64' ]
3287 verbose reify failed optional dependency /Users/dam113/Desktop/my-app/node_modules/@esbuild/linux-ia32
3288 silly reify mark deleted [ '/Users/dam113/Desktop/my-app/node_modules/@esbuild/linux-ia32' ]
3289 verbose reify failed optional dependency /Users/dam113/Desktop/my-app/node_modules/@esbuild/linux-arm64
3290 silly reify mark deleted [ '/Users/dam113/Desktop/my-app/node_modules/@esbuild/linux-arm64' ]
3291 verbose reify failed optional dependency /Users/dam113/Desktop/my-app/node_modules/@esbuild/linux-arm
3292 silly reify mark deleted [ '/Users/dam113/Desktop/my-app/node_modules/@esbuild/linux-arm' ]
3293 verbose reify failed optional dependency /Users/dam113/Desktop/my-app/node_modules/@esbuild/freebsd-x64
3294 silly reify mark deleted [ '/Users/dam113/Desktop/my-app/node_modules/@esbuild/freebsd-x64' ]
3295 verbose reify failed optional dependency /Users/dam113/Desktop/my-app/node_modules/@esbuild/freebsd-arm64
3296 silly reify mark deleted [ '/Users/dam113/Desktop/my-app/node_modules/@esbuild/freebsd-arm64' ]
3297 verbose reify failed optional dependency /Users/dam113/Desktop/my-app/node_modules/@esbuild/darwin-x64
3298 silly reify mark deleted [ '/Users/dam113/Desktop/my-app/node_modules/@esbuild/darwin-x64' ]
3299 verbose reify failed optional dependency /Users/dam113/Desktop/my-app/node_modules/@esbuild/android-x64
3300 silly reify mark deleted [ '/Users/dam113/Desktop/my-app/node_modules/@esbuild/android-x64' ]
3301 verbose reify failed optional dependency /Users/dam113/Desktop/my-app/node_modules/@esbuild/android-arm64
3302 silly reify mark deleted [ '/Users/dam113/Desktop/my-app/node_modules/@esbuild/android-arm64' ]
3303 verbose reify failed optional dependency /Users/dam113/Desktop/my-app/node_modules/@esbuild/android-arm
3304 silly reify mark deleted [ '/Users/dam113/Desktop/my-app/node_modules/@esbuild/android-arm' ]
3305 verbose reify failed optional dependency /Users/dam113/Desktop/my-app/node_modules/@esbuild/aix-ppc64
3306 silly reify mark deleted [ '/Users/dam113/Desktop/my-app/node_modules/@esbuild/aix-ppc64' ]
3307 http cache color-convert@https://registry.npmjs.org/color-convert/-/color-convert-2.0.1.tgz 0ms (cache hit)
3308 http cache y18n@https://registry.npmjs.org/y18n/-/y18n-5.0.8.tgz 0ms (cache hit)
3309 http cache color-name@https://registry.npmjs.org/color-name/-/color-name-1.1.4.tgz 0ms (cache hit)
3310 http cache get-caller-file@https://registry.npmjs.org/get-caller-file/-/get-caller-file-2.0.5.tgz 0ms (cache hit)
3311 http cache yargs-parser@https://registry.npmjs.org/yargs-parser/-/yargs-parser-22.0.0.tgz 0ms (cache hit)
3312 http cache stackback@https://registry.npmjs.org/stackback/-/stackback-0.0.2.tgz 0ms (cache hit)
3313 http cache emoji-regex@https://registry.npmjs.org/emoji-regex/-/emoji-regex-10.6.0.tgz 0ms (cache hit)
3314 http cache isexe@https://registry.npmjs.org/isexe/-/isexe-2.0.0.tgz 0ms (cache hit)
3315 http cache siginfo@https://registry.npmjs.org/siginfo/-/siginfo-2.0.0.tgz 0ms (cache hit)
3316 http cache cliui@https://registry.npmjs.org/cliui/-/cliui-9.0.1.tgz 0ms (cache hit)
3317 http cache punycode@https://registry.npmjs.org/punycode/-/punycode-2.3.1.tgz 0ms (cache hit)
3318 http cache glob-to-regexp@https://registry.npmjs.org/glob-to-regexp/-/glob-to-regexp-0.4.1.tgz 0ms (cache hit)
3319 http cache chai@https://registry.npmjs.org/chai/-/chai-6.2.2.tgz 0ms (cache hit)
3320 http cache estree-walker@https://registry.npmjs.org/estree-walker/-/estree-walker-3.0.3.tgz 0ms (cache hit)
3321 http cache @types/deep-eql@https://registry.npmjs.org/@types/deep-eql/-/deep-eql-4.0.2.tgz 0ms (cache hit)
3322 http cache tinyrainbow@https://registry.npmjs.org/tinyrainbow/-/tinyrainbow-3.1.0.tgz 0ms (cache hit)
3323 http cache assertion-error@https://registry.npmjs.org/assertion-error/-/assertion-error-2.0.1.tgz 0ms (cache hit)
3324 http cache @types/chai@https://registry.npmjs.org/@types/chai/-/chai-5.2.3.tgz 0ms (cache hit)
3325 http cache why-is-node-running@https://registry.npmjs.org/why-is-node-running/-/why-is-node-running-2.3.0.tgz 0ms (cache hit)
3326 http cache tr46@https://registry.npmjs.org/tr46/-/tr46-6.0.0.tgz 0ms (cache hit)
3327 http cache tinybench@https://registry.npmjs.org/tinybench/-/tinybench-2.9.0.tgz 0ms (cache hit)
3328 http cache std-env@https://registry.npmjs.org/std-env/-/std-env-4.1.0.tgz 0ms (cache hit)
3329 http cache tinyexec@https://registry.npmjs.org/tinyexec/-/tinyexec-1.1.2.tgz 0ms (cache hit)
3330 http cache expect-type@https://registry.npmjs.org/expect-type/-/expect-type-1.3.0.tgz 0ms (cache hit)
3331 http cache es-module-lexer@https://registry.npmjs.org/es-module-lexer/-/es-module-lexer-2.1.0.tgz 0ms (cache hit)
3332 http cache @vitest/snapshot@https://registry.npmjs.org/@vitest/snapshot/-/snapshot-4.1.6.tgz 0ms (cache hit)
3333 http cache obug@https://registry.npmjs.org/obug/-/obug-2.1.1.tgz 0ms (cache hit)
3334 http cache @vitest/spy@https://registry.npmjs.org/@vitest/spy/-/spy-4.1.6.tgz 0ms (cache hit)
3335 http cache @vitest/mocker@https://registry.npmjs.org/@vitest/mocker/-/mocker-4.1.6.tgz 0ms (cache hit)
3336 http cache @vitest/utils@https://registry.npmjs.org/@vitest/utils/-/utils-4.1.6.tgz 0ms (cache hit)
3337 http cache @rollup/rollup-darwin-arm64@https://registry.npmjs.org/@rollup/rollup-darwin-arm64/-/rollup-darwin-arm64-4.60.4.tgz 0ms (cache hit)
3338 http cache @vitest/expect@https://registry.npmjs.org/@vitest/expect/-/expect-4.1.6.tgz 0ms (cache hit)
3339 http cache fsevents@https://registry.npmjs.org/fsevents/-/fsevents-2.3.3.tgz 0ms (cache hit)
3340 http cache @types/estree@https://registry.npmjs.org/@types/estree/-/estree-1.0.8.tgz 0ms (cache hit)
3341 http cache escalade@https://registry.npmjs.org/escalade/-/escalade-3.2.0.tgz 0ms (cache hit)
3342 http cache pathe@https://registry.npmjs.org/pathe/-/pathe-2.0.3.tgz 0ms (cache hit)
3343 http cache rollup@https://registry.npmjs.org/rollup/-/rollup-4.60.4.tgz 0ms (cache hit)
3344 http cache @tufjs/canonical-json@https://registry.npmjs.org/@tufjs/canonical-json/-/canonical-json-2.0.0.tgz 0ms (cache hit)
3345 http cache @tufjs/models@https://registry.npmjs.org/@tufjs/models/-/models-4.1.0.tgz 0ms (cache hit)
3346 http cache tldts-core@https://registry.npmjs.org/tldts-core/-/tldts-core-7.0.30.tgz 0ms (cache hit)
3347 http cache media-typer@https://registry.npmjs.org/media-typer/-/media-typer-1.1.0.tgz 0ms (cache hit)
3348 http cache chownr@https://registry.npmjs.org/chownr/-/chownr-3.0.0.tgz 0ms (cache hit)
3349 http cache fdir@https://registry.npmjs.org/fdir/-/fdir-6.5.0.tgz 0ms (cache hit)
3350 http cache tldts@https://registry.npmjs.org/tldts/-/tldts-7.0.30.tgz 0ms (cache hit)
3351 http cache ansi-regex@https://registry.npmjs.org/ansi-regex/-/ansi-regex-6.2.2.tgz 0ms (cache hit)
3352 http cache spdx-license-ids@https://registry.npmjs.org/spdx-license-ids/-/spdx-license-ids-3.0.23.tgz 0ms (cache hit)
3353 http cache @isaacs/fs-minipass@https://registry.npmjs.org/@isaacs/fs-minipass/-/fs-minipass-4.0.1.tgz 0ms (cache hit)
3354 http cache buffer-from@https://registry.npmjs.org/buffer-from/-/buffer-from-1.1.2.tgz 0ms (cache hit)
3355 http cache smart-buffer@https://registry.npmjs.org/smart-buffer/-/smart-buffer-4.2.0.tgz 0ms (cache hit)
3356 http cache get-east-asian-width@https://registry.npmjs.org/get-east-asian-width/-/get-east-asian-width-1.6.0.tgz 0ms (cache hit)
3357 http cache ansi-styles@https://registry.npmjs.org/ansi-styles/-/ansi-styles-6.2.3.tgz 0ms (cache hit)
3358 http cache tuf-js@https://registry.npmjs.org/tuf-js/-/tuf-js-4.1.0.tgz 0ms (cache hit)
3359 http cache spdx-exceptions@https://registry.npmjs.org/spdx-exceptions/-/spdx-exceptions-2.5.0.tgz 0ms (cache hit)
3360 http cache @vitest/runner@https://registry.npmjs.org/@vitest/runner/-/runner-4.1.6.tgz 0ms (cache hit)
3361 http cache socks@https://registry.npmjs.org/socks/-/socks-2.8.9.tgz 0ms (cache hit)
3362 http cache @sigstore/sign@https://registry.npmjs.org/@sigstore/sign/-/sign-4.1.1.tgz 0ms (cache hit)
3363 http cache @sigstore/tuf@https://registry.npmjs.org/@sigstore/tuf/-/tuf-4.0.2.tgz 0ms (cache hit)
3364 http cache @sigstore/verify@https://registry.npmjs.org/@sigstore/verify/-/verify-3.1.0.tgz 0ms (cache hit)
3365 http cache @sigstore/bundle@https://registry.npmjs.org/@sigstore/bundle/-/bundle-4.0.0.tgz 0ms (cache hit)
3366 http cache @sigstore/protobuf-specs@https://registry.npmjs.org/@sigstore/protobuf-specs/-/protobuf-specs-0.5.1.tgz 0ms (cache hit)
3367 http cache @sigstore/core@https://registry.npmjs.org/@sigstore/core/-/core-3.2.0.tgz 0ms (cache hit)
3368 http cache has-symbols@https://registry.npmjs.org/has-symbols/-/has-symbols-1.1.0.tgz 0ms (cache hit)
3369 http cache hasown@https://registry.npmjs.org/hasown/-/hasown-2.0.3.tgz 0ms (cache hit)
3370 http cache math-intrinsics@https://registry.npmjs.org/math-intrinsics/-/math-intrinsics-1.1.0.tgz 0ms (cache hit)
3371 http cache get-proto@https://registry.npmjs.org/get-proto/-/get-proto-1.0.1.tgz 0ms (cache hit)
3372 http cache es-object-atoms@https://registry.npmjs.org/es-object-atoms/-/es-object-atoms-1.1.1.tgz 0ms (cache hit)
3373 http cache gopd@https://registry.npmjs.org/gopd/-/gopd-1.2.0.tgz 0ms (cache hit)
3374 http cache call-bind-apply-helpers@https://registry.npmjs.org/call-bind-apply-helpers/-/call-bind-apply-helpers-1.0.2.tgz 0ms (cache hit)
3375 http cache function-bind@https://registry.npmjs.org/function-bind/-/function-bind-1.1.2.tgz 0ms (cache hit)
3376 http cache es-define-property@https://registry.npmjs.org/es-define-property/-/es-define-property-1.0.1.tgz 0ms (cache hit)
3377 http cache side-channel-weakmap@https://registry.npmjs.org/side-channel-weakmap/-/side-channel-weakmap-1.0.2.tgz 0ms (cache hit)
3378 http cache get-intrinsic@https://registry.npmjs.org/get-intrinsic/-/get-intrinsic-1.3.0.tgz 0ms (cache hit)
3379 http cache @vitest/pretty-format@https://registry.npmjs.org/@vitest/pretty-format/-/pretty-format-4.1.6.tgz 0ms (cache hit)
3380 http cache object-inspect@https://registry.npmjs.org/object-inspect/-/object-inspect-1.13.4.tgz 0ms (cache hit)
3381 http cache es-errors@https://registry.npmjs.org/es-errors/-/es-errors-1.3.0.tgz 0ms (cache hit)
3382 http cache side-channel-map@https://registry.npmjs.org/side-channel-map/-/side-channel-map-1.0.1.tgz 0ms (cache hit)
3383 http cache call-bound@https://registry.npmjs.org/call-bound/-/call-bound-1.0.4.tgz 0ms (cache hit)
3384 http cache xmlchars@https://registry.npmjs.org/xmlchars/-/xmlchars-2.2.0.tgz 0ms (cache hit)
3385 http cache side-channel-list@https://registry.npmjs.org/side-channel-list/-/side-channel-list-1.0.1.tgz 0ms (cache hit)
3386 http cache @parcel/watcher-darwin-arm64@https://registry.npmjs.org/@parcel/watcher-darwin-arm64/-/watcher-darwin-arm64-2.5.6.tgz 0ms (cache hit)
3387 http cache immutable@https://registry.npmjs.org/immutable/-/immutable-5.1.5.tgz 0ms (cache hit)
3388 http cache is-glob@https://registry.npmjs.org/is-glob/-/is-glob-4.0.3.tgz 0ms (cache hit)
3389 http cache shebang-regex@https://registry.npmjs.org/shebang-regex/-/shebang-regex-3.0.0.tgz 0ms (cache hit)
3390 http cache is-extglob@https://registry.npmjs.org/is-extglob/-/is-extglob-2.1.1.tgz 0ms (cache hit)
3391 http cache @parcel/watcher@https://registry.npmjs.org/@parcel/watcher/-/watcher-2.5.6.tgz 0ms (cache hit)
3392 http cache path-to-regexp@https://registry.npmjs.org/path-to-regexp/-/path-to-regexp-8.4.2.tgz 0ms (cache hit)
3393 http cache @emnapi/runtime@https://registry.npmjs.org/@emnapi/runtime/-/runtime-1.10.0.tgz 0ms (cache hit)
3394 http cache @tybys/wasm-util@https://registry.npmjs.org/@tybys/wasm-util/-/wasm-util-0.10.2.tgz 0ms (cache hit)
3395 http cache is-promise@https://registry.npmjs.org/is-promise/-/is-promise-4.0.0.tgz 0ms (cache hit)
3396 http cache @emnapi/wasi-threads@https://registry.npmjs.org/@emnapi/wasi-threads/-/wasi-threads-1.2.1.tgz 0ms (cache hit)
3397 http cache @napi-rs/wasm-runtime@https://registry.npmjs.org/@napi-rs/wasm-runtime/-/wasm-runtime-1.1.4.tgz 0ms (cache hit)
3398 http cache mimic-function@https://registry.npmjs.org/mimic-function/-/mimic-function-5.0.1.tgz 0ms (cache hit)
3399 http cache @oxc-project/types@https://registry.npmjs.org/@oxc-project/types/-/types-0.113.0.tgz 0ms (cache hit)
3400 http cache @rolldown/pluginutils@https://registry.npmjs.org/@rolldown/pluginutils/-/pluginutils-1.0.0-rc.4.tgz 0ms (cache hit)
3401 http cache @rolldown/binding-darwin-arm64@https://registry.npmjs.org/@rolldown/binding-darwin-arm64/-/binding-darwin-arm64-1.0.0-rc.4.tgz 0ms (cache hit)
3402 http cache onetime@https://registry.npmjs.org/onetime/-/onetime-7.0.0.tgz 0ms (cache hit)
3403 http cache forwarded@https://registry.npmjs.org/forwarded/-/forwarded-0.2.0.tgz 0ms (cache hit)
3404 http cache retry@https://registry.npmjs.org/retry/-/retry-0.12.0.tgz 0ms (cache hit)
3405 http cache ipaddr.js@https://registry.npmjs.org/ipaddr.js/-/ipaddr.js-1.9.1.tgz 0ms (cache hit)
3406 http cache side-channel@https://registry.npmjs.org/side-channel/-/side-channel-1.1.0.tgz 0ms (cache hit)
3407 http cache @emnapi/core@https://registry.npmjs.org/@emnapi/core/-/core-1.10.0.tgz 0ms (cache hit)
3408 http cache err-code@https://registry.npmjs.org/err-code/-/err-code-2.0.3.tgz 0ms (cache hit)
3409 http cache @napi-rs/nice@https://registry.npmjs.org/@napi-rs/nice/-/nice-1.1.1.tgz 0ms (cache hit)
3410 http cache parse5-sax-parser@https://registry.npmjs.org/parse5-sax-parser/-/parse5-sax-parser-8.0.0.tgz 0ms (cache hit)
3411 http cache minipass-sized@https://registry.npmjs.org/minipass-sized/-/minipass-sized-2.0.0.tgz 0ms (cache hit)
3412 http cache nanoid@https://registry.npmjs.org/nanoid/-/nanoid-3.3.12.tgz 0ms (cache hit)
3413 http cache http-cache-semantics@https://registry.npmjs.org/http-cache-semantics/-/http-cache-semantics-4.2.0.tgz 0ms (cache hit)
3414 http cache unpipe@https://registry.npmjs.org/unpipe/-/unpipe-1.0.0.tgz 0ms (cache hit)
3415 http cache socks-proxy-agent@https://registry.npmjs.org/socks-proxy-agent/-/socks-proxy-agent-8.0.5.tgz 0ms (cache hit)
3416 http cache minizlib@https://registry.npmjs.org/minizlib/-/minizlib-3.1.0.tgz 0ms (cache hit)
3417 http cache make-fetch-happen@https://registry.npmjs.org/make-fetch-happen/-/make-fetch-happen-15.0.5.tgz 0ms (cache hit)
3418 http cache @npmcli/agent@https://registry.npmjs.org/@npmcli/agent/-/agent-4.0.0.tgz 0ms (cache hit)
3419 http cache minipass-fetch@https://registry.npmjs.org/minipass-fetch/-/minipass-fetch-5.0.2.tgz 0ms (cache hit)
3420 http cache is-fullwidth-code-point@https://registry.npmjs.org/is-fullwidth-code-point/-/is-fullwidth-code-point-5.1.0.tgz 0ms (cache hit)
3421 http cache jsonparse@https://registry.npmjs.org/jsonparse/-/jsonparse-1.3.1.tgz 0ms (cache hit)
3422 http cache abbrev@https://registry.npmjs.org/abbrev/-/abbrev-4.0.0.tgz 0ms (cache hit)
3423 http cache ignore-walk@https://registry.npmjs.org/ignore-walk/-/ignore-walk-8.0.0.tgz 0ms (cache hit)
3424 http cache nopt@https://registry.npmjs.org/nopt/-/nopt-9.0.0.tgz 0ms (cache hit)
3425 http cache npm-install-checks@https://registry.npmjs.org/npm-install-checks/-/npm-install-checks-8.0.0.tgz 0ms (cache hit)
3426 http cache env-paths@https://registry.npmjs.org/env-paths/-/env-paths-2.2.1.tgz 0ms (cache hit)
3427 http cache exponential-backoff@https://registry.npmjs.org/exponential-backoff/-/exponential-backoff-3.1.3.tgz 0ms (cache hit)
3428 http cache graceful-fs@https://registry.npmjs.org/graceful-fs/-/graceful-fs-4.2.11.tgz 0ms (cache hit)
3429 http cache minimatch@https://registry.npmjs.org/minimatch/-/minimatch-10.2.5.tgz 0ms (cache hit)
3430 http cache brace-expansion@https://registry.npmjs.org/brace-expansion/-/brace-expansion-5.0.6.tgz 0ms (cache hit)
3431 http cache @napi-rs/nice-darwin-arm64@https://registry.npmjs.org/@napi-rs/nice-darwin-arm64/-/nice-darwin-arm64-1.1.1.tgz 0ms (cache hit)
3432 http cache path-scurry@https://registry.npmjs.org/path-scurry/-/path-scurry-2.0.2.tgz 0ms (cache hit)
3433 http cache p-map@https://registry.npmjs.org/p-map/-/p-map-7.0.4.tgz 0ms (cache hit)
3434 http cache minipass-pipeline@https://registry.npmjs.org/minipass-pipeline/-/minipass-pipeline-1.2.4.tgz 0ms (cache hit)
3435 http cache minipass-collect@https://registry.npmjs.org/minipass-collect/-/minipass-collect-2.0.1.tgz 0ms (cache hit)
3436 http cache node-gyp@https://registry.npmjs.org/node-gyp/-/node-gyp-12.3.0.tgz 0ms (cache hit)
3437 http cache @npmcli/node-gyp@https://registry.npmjs.org/@npmcli/node-gyp/-/node-gyp-5.0.0.tgz 0ms (cache hit)
3438 http cache minipass-flush@https://registry.npmjs.org/minipass-flush/-/minipass-flush-1.0.7.tgz 0ms (cache hit)
3439 http cache spdx-expression-parse@https://registry.npmjs.org/spdx-expression-parse/-/spdx-expression-parse-4.0.0.tgz 0ms (cache hit)
3440 http cache @npmcli/fs@https://registry.npmjs.org/@npmcli/fs/-/fs-5.0.0.tgz 0ms (cache hit)
3441 http cache glob@https://registry.npmjs.org/glob/-/glob-13.0.6.tgz 0ms (cache hit)
3442 http cache npm-normalize-package-bin@https://registry.npmjs.org/npm-normalize-package-bin/-/npm-normalize-package-bin-5.0.0.tgz 0ms (cache hit)
3443 http cache json-parse-even-better-errors@https://registry.npmjs.org/json-parse-even-better-errors/-/json-parse-even-better-errors-5.0.0.tgz 0ms (cache hit)
3444 http cache @gar/promise-retry@https://registry.npmjs.org/@gar/promise-retry/-/promise-retry-1.0.3.tgz 0ms (cache hit)
3445 http cache npm-bundled@https://registry.npmjs.org/npm-bundled/-/npm-bundled-5.0.0.tgz 0ms (cache hit)
3446 http cache tar@https://registry.npmjs.org/tar/-/tar-7.5.15.tgz 0ms (cache hit)
3447 http cache sigstore@https://registry.npmjs.org/sigstore/-/sigstore-4.1.0.tgz 0ms (cache hit)
3448 http cache ssri@https://registry.npmjs.org/ssri/-/ssri-13.0.1.tgz 0ms (cache hit)
3449 http cache npm-registry-fetch@https://registry.npmjs.org/npm-registry-fetch/-/npm-registry-fetch-19.1.1.tgz 0ms (cache hit)
3450 http cache npm-packlist@https://registry.npmjs.org/npm-packlist/-/npm-packlist-10.0.4.tgz 0ms (cache hit)
3451 http cache npm-pick-manifest@https://registry.npmjs.org/npm-pick-manifest/-/npm-pick-manifest-11.0.3.tgz 0ms (cache hit)
3452 http cache promise-retry@https://registry.npmjs.org/promise-retry/-/promise-retry-2.0.1.tgz 0ms (cache hit)
3453 http cache fs-minipass@https://registry.npmjs.org/fs-minipass/-/fs-minipass-3.0.3.tgz 0ms (cache hit)
3454 http cache minipass@https://registry.npmjs.org/minipass/-/minipass-7.1.3.tgz 0ms (cache hit)
3455 http cache cacache@https://registry.npmjs.org/cacache/-/cacache-20.0.4.tgz 0ms (cache hit)
3456 http cache @npmcli/promise-spawn@https://registry.npmjs.org/@npmcli/promise-spawn/-/promise-spawn-9.0.1.tgz 0ms (cache hit)
3457 http cache @npmcli/run-script@https://registry.npmjs.org/@npmcli/run-script/-/run-script-10.0.4.tgz 0ms (cache hit)
3458 http cache @npmcli/package-json@https://registry.npmjs.org/@npmcli/package-json/-/package-json-7.0.5.tgz 0ms (cache hit)
3459 http cache yoctocolors@https://registry.npmjs.org/yoctocolors/-/yoctocolors-2.1.2.tgz 0ms (cache hit)
3460 http cache @npmcli/installed-package-contents@https://registry.npmjs.org/@npmcli/installed-package-contents/-/installed-package-contents-4.0.0.tgz 0ms (cache hit)
3461 http cache @npmcli/git@https://registry.npmjs.org/@npmcli/git/-/git-7.0.2.tgz 0ms (cache hit)
3462 http cache log-symbols@https://registry.npmjs.org/log-symbols/-/log-symbols-7.0.1.tgz 0ms (cache hit)
3463 http cache is-unicode-supported@https://registry.npmjs.org/is-unicode-supported/-/is-unicode-supported-2.1.0.tgz 0ms (cache hit)
3464 http cache stdin-discarder@https://registry.npmjs.org/stdin-discarder/-/stdin-discarder-0.3.2.tgz 0ms (cache hit)
3465 http cache is-interactive@https://registry.npmjs.org/is-interactive/-/is-interactive-2.0.0.tgz 0ms (cache hit)
3466 http cache chalk@https://registry.npmjs.org/chalk/-/chalk-5.6.2.tgz 0ms (cache hit)
3467 http cache cli-spinners@https://registry.npmjs.org/cli-spinners/-/cli-spinners-3.4.0.tgz 0ms (cache hit)
3468 http cache ee-first@https://registry.npmjs.org/ee-first/-/ee-first-1.1.1.tgz 0ms (cache hit)
3469 http cache detect-libc@https://registry.npmjs.org/detect-libc/-/detect-libc-2.1.2.tgz 0ms (cache hit)
3470 http cache validate-npm-package-name@https://registry.npmjs.org/validate-npm-package-name/-/validate-npm-package-name-7.0.2.tgz 0ms (cache hit)
3471 http cache wrappy@https://registry.npmjs.org/wrappy/-/wrappy-1.0.2.tgz 0ms (cache hit)
3472 http cache hosted-git-info@https://registry.npmjs.org/hosted-git-info/-/hosted-git-info-9.0.3.tgz 0ms (cache hit)
3473 http cache proc-log@https://registry.npmjs.org/proc-log/-/proc-log-6.1.0.tgz 0ms (cache hit)
3474 http cache msgpackr-extract@https://registry.npmjs.org/msgpackr-extract/-/msgpackr-extract-3.0.3.tgz 0ms (cache hit)
3475 http cache @msgpackr-extract/msgpackr-extract-darwin-arm64@https://registry.npmjs.org/@msgpackr-extract/msgpackr-extract-darwin-arm64/-/msgpackr-extract-darwin-arm64-3.0.3.tgz 0ms (cache hit)
3476 http cache mime-db@https://registry.npmjs.org/mime-db/-/mime-db-1.54.0.tgz 0ms (cache hit)
3477 http cache yallist@https://registry.npmjs.org/yallist/-/yallist-3.1.1.tgz 0ms (cache hit)
3478 http cache strip-ansi@https://registry.npmjs.org/strip-ansi/-/strip-ansi-7.2.0.tgz 0ms (cache hit)
3479 http cache environment@https://registry.npmjs.org/environment/-/environment-1.1.0.tgz 0ms (cache hit)
3480 http cache ansi-escapes@https://registry.npmjs.org/ansi-escapes/-/ansi-escapes-7.3.0.tgz 0ms (cache hit)
3481 http cache cli-cursor@https://registry.npmjs.org/cli-cursor/-/cli-cursor-5.0.0.tgz 0ms (cache hit)
3482 http cache restore-cursor@https://registry.npmjs.org/restore-cursor/-/restore-cursor-5.1.0.tgz 0ms (cache hit)
3483 http cache ordered-binary@https://registry.npmjs.org/ordered-binary/-/ordered-binary-1.6.1.tgz 0ms (cache hit)
3484 http cache dunder-proto@https://registry.npmjs.org/dunder-proto/-/dunder-proto-1.0.1.tgz 0ms (cache hit)
3485 http cache node-addon-api@https://registry.npmjs.org/node-addon-api/-/node-addon-api-6.1.0.tgz 0ms (cache hit)
3486 http cache node-gyp-build-optional-packages@https://registry.npmjs.org/node-gyp-build-optional-packages/-/node-gyp-build-optional-packages-5.2.2.tgz 0ms (cache hit)
3487 http cache weak-lru-cache@https://registry.npmjs.org/weak-lru-cache/-/weak-lru-cache-1.2.2.tgz 0ms (cache hit)
3488 http cache @npmcli/redact@https://registry.npmjs.org/@npmcli/redact/-/redact-4.0.0.tgz 0ms (cache hit)
3489 http cache @lmdb/lmdb-darwin-arm64@https://registry.npmjs.org/@lmdb/lmdb-darwin-arm64/-/lmdb-darwin-arm64-3.5.1.tgz 0ms (cache hit)
3490 http cache msgpackr@https://registry.npmjs.org/msgpackr/-/msgpackr-1.11.12.tgz 0ms (cache hit)
3491 http cache eventemitter3@https://registry.npmjs.org/eventemitter3/-/eventemitter3-5.0.4.tgz 0ms (cache hit)
3492 http cache @harperfast/extended-iterable@https://registry.npmjs.org/@harperfast/extended-iterable/-/extended-iterable-1.0.3.tgz 0ms (cache hit)
3493 http cache string-width@https://registry.npmjs.org/string-width/-/string-width-8.2.1.tgz 0ms (cache hit)
3494 http cache rfdc@https://registry.npmjs.org/rfdc/-/rfdc-1.4.1.tgz 0ms (cache hit)
3495 http cache log-update@https://registry.npmjs.org/log-update/-/log-update-6.1.0.tgz 0ms (cache hit)
3496 http cache cli-truncate@https://registry.npmjs.org/cli-truncate/-/cli-truncate-5.2.0.tgz 0ms (cache hit)
3497 http cache @csstools/color-helpers@https://registry.npmjs.org/@csstools/color-helpers/-/color-helpers-6.0.2.tgz 0ms (cache hit)
3498 http cache balanced-match@https://registry.npmjs.org/balanced-match/-/balanced-match-4.0.4.tgz 0ms (cache hit)
3499 http cache colorette@https://registry.npmjs.org/colorette/-/colorette-2.0.20.tgz 0ms (cache hit)
3500 http cache @csstools/css-color-parser@https://registry.npmjs.org/@csstools/css-color-parser/-/css-color-parser-4.1.1.tgz 0ms (cache hit)
3501 http cache slice-ansi@https://registry.npmjs.org/slice-ansi/-/slice-ansi-8.0.0.tgz 0ms (cache hit)
3502 http cache @csstools/css-tokenizer@https://registry.npmjs.org/@csstools/css-tokenizer/-/css-tokenizer-4.0.0.tgz 0ms (cache hit)
3503 http cache @asamuzakjp/generational-cache@https://registry.npmjs.org/@asamuzakjp/generational-cache/-/generational-cache-1.0.1.tgz 0ms (cache hit)
3504 http cache @csstools/css-parser-algorithms@https://registry.npmjs.org/@csstools/css-parser-algorithms/-/css-parser-algorithms-4.0.0.tgz 0ms (cache hit)
3505 http cache source-map-js@https://registry.npmjs.org/source-map-js/-/source-map-js-1.2.1.tgz 0ms (cache hit)
3506 http cache @csstools/css-syntax-patches-for-csstree@https://registry.npmjs.org/@csstools/css-syntax-patches-for-csstree/-/css-syntax-patches-for-csstree-1.1.4.tgz 0ms (cache hit)
3507 http cache mdn-data@https://registry.npmjs.org/mdn-data/-/mdn-data-2.27.1.tgz 0ms (cache hit)
3508 http cache css-tree@https://registry.npmjs.org/css-tree/-/css-tree-3.2.1.tgz 0ms (cache hit)
3509 http cache bidi-js@https://registry.npmjs.org/bidi-js/-/bidi-js-1.0.3.tgz 0ms (cache hit)
3510 http cache xml-name-validator@https://registry.npmjs.org/xml-name-validator/-/xml-name-validator-5.0.0.tgz 0ms (cache hit)
3511 http cache webidl-conversions@https://registry.npmjs.org/webidl-conversions/-/webidl-conversions-8.0.1.tgz 0ms (cache hit)
3512 http cache @asamuzakjp/css-color@https://registry.npmjs.org/@asamuzakjp/css-color/-/css-color-5.1.11.tgz 0ms (cache hit)
3513 http cache @csstools/css-calc@https://registry.npmjs.org/@csstools/css-calc/-/css-calc-3.2.1.tgz 0ms (cache hit)
3514 http cache symbol-tree@https://registry.npmjs.org/symbol-tree/-/symbol-tree-3.2.4.tgz 0ms (cache hit)
3515 http cache tough-cookie@https://registry.npmjs.org/tough-cookie/-/tough-cookie-6.0.1.tgz 0ms (cache hit)
3516 http cache whatwg-mimetype@https://registry.npmjs.org/whatwg-mimetype/-/whatwg-mimetype-5.0.0.tgz 0ms (cache hit)
3517 http cache w3c-xmlserializer@https://registry.npmjs.org/w3c-xmlserializer/-/w3c-xmlserializer-5.0.0.tgz 0ms (cache hit)
3518 http cache whatwg-url@https://registry.npmjs.org/whatwg-url/-/whatwg-url-16.0.1.tgz 0ms (cache hit)
3519 http cache saxes@https://registry.npmjs.org/saxes/-/saxes-6.0.0.tgz 0ms (cache hit)
3520 http cache is-potential-custom-element-name@https://registry.npmjs.org/is-potential-custom-element-name/-/is-potential-custom-element-name-1.0.1.tgz 0ms (cache hit)
3521 http cache decimal.js@https://registry.npmjs.org/decimal.js/-/decimal.js-10.6.0.tgz 0ms (cache hit)
3522 http cache http-proxy-agent@https://registry.npmjs.org/http-proxy-agent/-/http-proxy-agent-7.0.2.tgz 0ms (cache hit)
3523 http cache data-urls@https://registry.npmjs.org/data-urls/-/data-urls-7.0.0.tgz 0ms (cache hit)
3524 http cache html-encoding-sniffer@https://registry.npmjs.org/html-encoding-sniffer/-/html-encoding-sniffer-6.0.0.tgz 0ms (cache hit)
3525 http cache @asamuzakjp/nwsapi@https://registry.npmjs.org/@asamuzakjp/nwsapi/-/nwsapi-2.3.9.tgz 0ms (cache hit)
3526 http cache @exodus/bytes@https://registry.npmjs.org/@exodus/bytes/-/bytes-1.15.0.tgz 0ms (cache hit)
3527 http cache parse5@https://registry.npmjs.org/parse5/-/parse5-8.0.1.tgz 0ms (cache hit)
3528 http cache @bramus/specificity@https://registry.npmjs.org/@bramus/specificity/-/specificity-2.4.2.tgz 0ms (cache hit)
3529 http cache istanbul-lib-coverage@https://registry.npmjs.org/istanbul-lib-coverage/-/istanbul-lib-coverage-3.2.2.tgz 0ms (cache hit)
3530 http cache @asamuzakjp/dom-selector@https://registry.npmjs.org/@asamuzakjp/dom-selector/-/dom-selector-6.8.1.tgz 0ms (cache hit)
3531 http cache safer-buffer@https://registry.npmjs.org/safer-buffer/-/safer-buffer-2.1.2.tgz 0ms (cache hit)
3532 http cache agent-base@https://registry.npmjs.org/agent-base/-/agent-base-7.1.4.tgz 0ms (cache hit)
3533 http cache toidentifier@https://registry.npmjs.org/toidentifier/-/toidentifier-1.0.1.tgz 0ms (cache hit)
3534 http cache @istanbuljs/schema@https://registry.npmjs.org/@istanbuljs/schema/-/schema-0.1.6.tgz 0ms (cache hit)
3535 http cache inherits@https://registry.npmjs.org/inherits/-/inherits-2.0.4.tgz 0ms (cache hit)
3536 http cache setprototypeof@https://registry.npmjs.org/setprototypeof/-/setprototypeof-1.2.0.tgz 0ms (cache hit)
3537 http cache statuses@https://registry.npmjs.org/statuses/-/statuses-2.0.2.tgz 0ms (cache hit)
3538 http cache negotiator@https://registry.npmjs.org/negotiator/-/negotiator-1.0.0.tgz 0ms (cache hit)
3539 http cache @acemir/cssom@https://registry.npmjs.org/@acemir/cssom/-/cssom-0.9.31.tgz 0ms (cache hit)
3540 http cache type-is@https://registry.npmjs.org/type-is/-/type-is-2.1.0.tgz 0ms (cache hit)
3541 http cache serve-static@https://registry.npmjs.org/serve-static/-/serve-static-2.2.1.tgz 0ms (cache hit)
3542 http cache range-parser@https://registry.npmjs.org/range-parser/-/range-parser-1.2.1.tgz 0ms (cache hit)
3543 http cache bytes@https://registry.npmjs.org/bytes/-/bytes-3.1.2.tgz 0ms (cache hit)
3544 http cache router@https://registry.npmjs.org/router/-/router-2.2.0.tgz 0ms (cache hit)
3545 http cache send@https://registry.npmjs.org/send/-/send-1.2.1.tgz 0ms (cache hit)
3546 http cache qs@https://registry.npmjs.org/qs/-/qs-6.15.1.tgz 0ms (cache hit)
3547 http cache proxy-addr@https://registry.npmjs.org/proxy-addr/-/proxy-addr-2.0.7.tgz 0ms (cache hit)
3548 http cache once@https://registry.npmjs.org/once/-/once-1.4.0.tgz 0ms (cache hit)
3549 http cache on-finished@https://registry.npmjs.org/on-finished/-/on-finished-2.4.1.tgz 0ms (cache hit)
3550 http cache mime-types@https://registry.npmjs.org/mime-types/-/mime-types-3.0.2.tgz 0ms (cache hit)
3551 http cache http-errors@https://registry.npmjs.org/http-errors/-/http-errors-2.0.1.tgz 0ms (cache hit)
3552 http cache parseurl@https://registry.npmjs.org/parseurl/-/parseurl-1.3.3.tgz 0ms (cache hit)
3553 http cache merge-descriptors@https://registry.npmjs.org/merge-descriptors/-/merge-descriptors-2.0.0.tgz 0ms (cache hit)
3554 http cache finalhandler@https://registry.npmjs.org/finalhandler/-/finalhandler-2.1.1.tgz 0ms (cache hit)
3555 http cache fresh@https://registry.npmjs.org/fresh/-/fresh-2.0.0.tgz 0ms (cache hit)
3556 http cache cssstyle@https://registry.npmjs.org/cssstyle/-/cssstyle-6.2.0.tgz 0ms (cache hit)
3557 http cache etag@https://registry.npmjs.org/etag/-/etag-1.8.1.tgz 0ms (cache hit)
3558 http cache escape-html@https://registry.npmjs.org/escape-html/-/escape-html-1.0.3.tgz 0ms (cache hit)
3559 http cache cookie-signature@https://registry.npmjs.org/cookie-signature/-/cookie-signature-1.2.2.tgz 0ms (cache hit)
3560 http cache content-disposition@https://registry.npmjs.org/content-disposition/-/content-disposition-1.1.0.tgz 0ms (cache hit)
3561 http cache depd@https://registry.npmjs.org/depd/-/depd-2.0.0.tgz 0ms (cache hit)
3562 http cache cookie@https://registry.npmjs.org/cookie/-/cookie-0.7.2.tgz 0ms (cache hit)
3563 http cache body-parser@https://registry.npmjs.org/body-parser/-/body-parser-2.2.2.tgz 0ms (cache hit)
3564 http cache accepts@https://registry.npmjs.org/accepts/-/accepts-2.0.0.tgz 0ms (cache hit)
3565 http cache entities@https://registry.npmjs.org/entities/-/entities-4.5.0.tgz 0ms (cache hit)
3566 http cache domelementtype@https://registry.npmjs.org/domelementtype/-/domelementtype-2.3.0.tgz 0ms (cache hit)
3567 http cache @esbuild/darwin-arm64@https://registry.npmjs.org/@esbuild/darwin-arm64/-/darwin-arm64-0.27.3.tgz 0ms (cache hit)
3568 http cache which@https://registry.npmjs.org/which/-/which-2.0.2.tgz 0ms (cache hit)
3569 http cache path-key@https://registry.npmjs.org/path-key/-/path-key-3.1.1.tgz 0ms (cache hit)
3570 http cache shebang-command@https://registry.npmjs.org/shebang-command/-/shebang-command-2.0.0.tgz 0ms (cache hit)
3571 http cache domutils@https://registry.npmjs.org/domutils/-/domutils-3.2.2.tgz 0ms (cache hit)
3572 http cache vary@https://registry.npmjs.org/vary/-/vary-1.1.2.tgz 0ms (cache hit)
3573 http cache object-assign@https://registry.npmjs.org/object-assign/-/object-assign-4.1.1.tgz 0ms (cache hit)
3574 http cache encodeurl@https://registry.npmjs.org/encodeurl/-/encodeurl-2.0.0.tgz 0ms (cache hit)
3575 http cache readdirp@https://registry.npmjs.org/readdirp/-/readdirp-5.0.0.tgz 0ms (cache hit)
3576 http cache nth-check@https://registry.npmjs.org/nth-check/-/nth-check-2.1.1.tgz 0ms (cache hit)
3577 http cache electron-to-chromium@https://registry.npmjs.org/electron-to-chromium/-/electron-to-chromium-1.5.356.tgz 0ms (cache hit)
3578 http cache boolbase@https://registry.npmjs.org/boolbase/-/boolbase-1.0.0.tgz 0ms (cache hit)
3579 http cache node-releases@https://registry.npmjs.org/node-releases/-/node-releases-2.0.44.tgz 0ms (cache hit)
3580 http cache ip-address@https://registry.npmjs.org/ip-address/-/ip-address-10.2.0.tgz 0ms (cache hit)
3581 http cache update-browserslist-db@https://registry.npmjs.org/update-browserslist-db/-/update-browserslist-db-1.2.3.tgz 0ms (cache hit)
3582 http cache postcss-media-query-parser@https://registry.npmjs.org/postcss-media-query-parser/-/postcss-media-query-parser-0.2.3.tgz 0ms (cache hit)
3583 http cache htmlparser2@https://registry.npmjs.org/htmlparser2/-/htmlparser2-10.1.0.tgz 0ms (cache hit)
3584 http cache baseline-browser-mapping@https://registry.npmjs.org/baseline-browser-mapping/-/baseline-browser-mapping-2.10.29.tgz 0ms (cache hit)
3585 http cache caniuse-lite@https://registry.npmjs.org/caniuse-lite/-/caniuse-lite-1.0.30001792.tgz 0ms (cache hit)
3586 http cache postcss@https://registry.npmjs.org/postcss/-/postcss-8.5.14.tgz 0ms (cache hit)
3587 http cache css-select@https://registry.npmjs.org/css-select/-/css-select-6.0.0.tgz 0ms (cache hit)
3588 http cache postcss-safe-parser@https://registry.npmjs.org/postcss-safe-parser/-/postcss-safe-parser-7.0.1.tgz 0ms (cache hit)
3589 http cache @algolia/requester-browser-xhr@https://registry.npmjs.org/@algolia/requester-browser-xhr/-/requester-browser-xhr-5.48.1.tgz 0ms (cache hit)
3590 http cache domhandler@https://registry.npmjs.org/domhandler/-/domhandler-5.0.3.tgz 0ms (cache hit)
3591 http cache @algolia/requester-node-http@https://registry.npmjs.org/@algolia/requester-node-http/-/requester-node-http-5.48.1.tgz 0ms (cache hit)
3592 http cache css-what@https://registry.npmjs.org/css-what/-/css-what-7.0.0.tgz 0ms (cache hit)
3593 http cache @algolia/recommend@https://registry.npmjs.org/@algolia/recommend/-/recommend-5.48.1.tgz 0ms (cache hit)
3594 http cache @algolia/ingestion@https://registry.npmjs.org/@algolia/ingestion/-/ingestion-1.48.1.tgz 0ms (cache hit)
3595 http cache dom-serializer@https://registry.npmjs.org/dom-serializer/-/dom-serializer-2.0.0.tgz 0ms (cache hit)
3596 http cache @algolia/client-personalization@https://registry.npmjs.org/@algolia/client-personalization/-/client-personalization-5.48.1.tgz 0ms (cache hit)
3597 http cache @algolia/client-search@https://registry.npmjs.org/@algolia/client-search/-/client-search-5.48.1.tgz 0ms (cache hit)
3598 http cache @algolia/client-common@https://registry.npmjs.org/@algolia/client-common/-/client-common-5.48.1.tgz 0ms (cache hit)
3599 http cache @algolia/monitoring@https://registry.npmjs.org/@algolia/monitoring/-/monitoring-1.48.1.tgz 0ms (cache hit)
3600 http cache @algolia/client-query-suggestions@https://registry.npmjs.org/@algolia/client-query-suggestions/-/client-query-suggestions-5.48.1.tgz 0ms (cache hit)
3601 http cache @algolia/client-analytics@https://registry.npmjs.org/@algolia/client-analytics/-/client-analytics-5.48.1.tgz 0ms (cache hit)
3602 http cache @algolia/client-abtesting@https://registry.npmjs.org/@algolia/client-abtesting/-/client-abtesting-5.48.1.tgz 0ms (cache hit)
3603 http cache @algolia/client-insights@https://registry.npmjs.org/@algolia/client-insights/-/client-insights-5.48.1.tgz 0ms (cache hit)
3604 http cache @algolia/requester-fetch@https://registry.npmjs.org/@algolia/requester-fetch/-/requester-fetch-5.48.1.tgz 0ms (cache hit)
3605 http cache json-schema-traverse@https://registry.npmjs.org/json-schema-traverse/-/json-schema-traverse-1.0.0.tgz 0ms (cache hit)
3606 http cache fast-uri@https://registry.npmjs.org/fast-uri/-/fast-uri-3.1.2.tgz 0ms (cache hit)
3607 http cache require-from-string@https://registry.npmjs.org/require-from-string/-/require-from-string-2.0.2.tgz 0ms (cache hit)
3608 http cache fast-deep-equal@https://registry.npmjs.org/fast-deep-equal/-/fast-deep-equal-3.1.3.tgz 0ms (cache hit)
3609 http cache pkce-challenge@https://registry.npmjs.org/pkce-challenge/-/pkce-challenge-5.0.1.tgz 0ms (cache hit)
3610 http cache json-schema-typed@https://registry.npmjs.org/json-schema-typed/-/json-schema-typed-8.0.2.tgz 0ms (cache hit)
3611 http cache raw-body@https://registry.npmjs.org/raw-body/-/raw-body-3.0.2.tgz 0ms (cache hit)
3612 http cache @algolia/abtesting@https://registry.npmjs.org/@algolia/abtesting/-/abtesting-1.14.1.tgz 0ms (cache hit)
3613 http cache express-rate-limit@https://registry.npmjs.org/express-rate-limit/-/express-rate-limit-8.5.2.tgz 0ms (cache hit)
3614 http cache express@https://registry.npmjs.org/express/-/express-5.2.1.tgz 0ms (cache hit)
3615 http cache cross-spawn@https://registry.npmjs.org/cross-spawn/-/cross-spawn-7.0.6.tgz 0ms (cache hit)
3616 http cache eventsource@https://registry.npmjs.org/eventsource/-/eventsource-3.0.7.tgz 0ms (cache hit)
3617 http cache eventsource-parser@https://registry.npmjs.org/eventsource-parser/-/eventsource-parser-3.0.8.tgz 0ms (cache hit)
3618 http cache content-type@https://registry.npmjs.org/content-type/-/content-type-1.0.5.tgz 0ms (cache hit)
3619 http cache jose@https://registry.npmjs.org/jose/-/jose-6.2.3.tgz 0ms (cache hit)
3620 http cache @hono/node-server@https://registry.npmjs.org/@hono/node-server/-/node-server-1.19.14.tgz 0ms (cache hit)
3621 http cache cors@https://registry.npmjs.org/cors/-/cors-2.8.6.tgz 0ms (cache hit)
3622 http cache hono@https://registry.npmjs.org/hono/-/hono-4.12.18.tgz 0ms (cache hit)
3623 http cache iconv-lite@https://registry.npmjs.org/iconv-lite/-/iconv-lite-0.7.2.tgz 0ms (cache hit)
3624 http cache chardet@https://registry.npmjs.org/chardet/-/chardet-2.1.1.tgz 0ms (cache hit)
3625 http cache @inquirer/external-editor@https://registry.npmjs.org/@inquirer/external-editor/-/external-editor-1.0.3.tgz 0ms (cache hit)
3626 http cache @inquirer/rawlist@https://registry.npmjs.org/@inquirer/rawlist/-/rawlist-4.1.11.tgz 0ms (cache hit)
3627 http cache @inquirer/number@https://registry.npmjs.org/@inquirer/number/-/number-3.0.23.tgz 0ms (cache hit)
3628 http cache @inquirer/select@https://registry.npmjs.org/@inquirer/select/-/select-4.4.2.tgz 0ms (cache hit)
3629 http cache @inquirer/input@https://registry.npmjs.org/@inquirer/input/-/input-4.3.1.tgz 0ms (cache hit)
3630 http cache @inquirer/search@https://registry.npmjs.org/@inquirer/search/-/search-3.2.2.tgz 0ms (cache hit)
3631 http cache @jridgewell/resolve-uri@https://registry.npmjs.org/@jridgewell/resolve-uri/-/resolve-uri-3.1.2.tgz 0ms (cache hit)
3632 http cache @inquirer/expand@https://registry.npmjs.org/@inquirer/expand/-/expand-4.0.23.tgz 0ms (cache hit)
3633 http cache yoctocolors-cjs@https://registry.npmjs.org/yoctocolors-cjs/-/yoctocolors-cjs-2.1.3.tgz 0ms (cache hit)
3634 http cache zod-to-json-schema@https://registry.npmjs.org/zod-to-json-schema/-/zod-to-json-schema-3.25.2.tgz 0ms (cache hit)
3635 http cache signal-exit@https://registry.npmjs.org/signal-exit/-/signal-exit-4.1.0.tgz 0ms (cache hit)
3636 http cache @inquirer/checkbox@https://registry.npmjs.org/@inquirer/checkbox/-/checkbox-4.3.2.tgz 0ms (cache hit)
3637 http cache cli-width@https://registry.npmjs.org/cli-width/-/cli-width-4.1.0.tgz 0ms (cache hit)
3638 http cache mute-stream@https://registry.npmjs.org/mute-stream/-/mute-stream-2.0.0.tgz 0ms (cache hit)
3639 http cache @inquirer/editor@https://registry.npmjs.org/@inquirer/editor/-/editor-4.2.23.tgz 0ms (cache hit)
3640 http cache @inquirer/ansi@https://registry.npmjs.org/@inquirer/ansi/-/ansi-1.0.2.tgz 0ms (cache hit)
3641 http cache @inquirer/password@https://registry.npmjs.org/@inquirer/password/-/password-4.0.23.tgz 0ms (cache hit)
3642 http cache @inquirer/figures@https://registry.npmjs.org/@inquirer/figures/-/figures-1.0.15.tgz 0ms (cache hit)
3643 http cache @inquirer/type@https://registry.npmjs.org/@inquirer/type/-/type-3.0.10.tgz 0ms (cache hit)
3644 http cache @inquirer/core@https://registry.npmjs.org/@inquirer/core/-/core-10.3.2.tgz 0ms (cache hit)
3645 http cache wrap-ansi@https://registry.npmjs.org/wrap-ansi/-/wrap-ansi-6.2.0.tgz 0ms (cache hit)
3646 http cache @babel/helper-string-parser@https://registry.npmjs.org/@babel/helper-string-parser/-/helper-string-parser-7.27.1.tgz 0ms (cache hit)
3647 http cache jsesc@https://registry.npmjs.org/jsesc/-/jsesc-3.1.0.tgz 0ms (cache hit)
3648 http cache @babel/helper-validator-option@https://registry.npmjs.org/@babel/helper-validator-option/-/helper-validator-option-7.27.1.tgz 0ms (cache hit)
3649 http cache picocolors@https://registry.npmjs.org/picocolors/-/picocolors-1.1.1.tgz 0ms (cache hit)
3650 http cache lru-cache@https://registry.npmjs.org/lru-cache/-/lru-cache-5.1.1.tgz 0ms (cache hit)
3651 http cache js-tokens@https://registry.npmjs.org/js-tokens/-/js-tokens-4.0.0.tgz 0ms (cache hit)
3652 http cache json5@https://registry.npmjs.org/json5/-/json5-2.2.3.tgz 0ms (cache hit)
3653 http cache @babel/helper-validator-identifier@https://registry.npmjs.org/@babel/helper-validator-identifier/-/helper-validator-identifier-7.28.5.tgz 0ms (cache hit)
3654 http cache gensync@https://registry.npmjs.org/gensync/-/gensync-1.0.0-beta.2.tgz 0ms (cache hit)
3655 http cache @babel/helper-globals@https://registry.npmjs.org/@babel/helper-globals/-/helper-globals-7.28.0.tgz 0ms (cache hit)
3656 http cache @jridgewell/remapping@https://registry.npmjs.org/@jridgewell/remapping/-/remapping-2.3.5.tgz 0ms (cache hit)
3657 http cache @babel/traverse@https://registry.npmjs.org/@babel/traverse/-/traverse-7.29.0.tgz 0ms (cache hit)
3658 http cache @babel/types@https://registry.npmjs.org/@babel/types/-/types-7.29.0.tgz 0ms (cache hit)
3659 http cache @babel/template@https://registry.npmjs.org/@babel/template/-/template-7.28.6.tgz 0ms (cache hit)
3660 http cache @babel/helpers@https://registry.npmjs.org/@babel/helpers/-/helpers-7.29.2.tgz 0ms (cache hit)
3661 http cache @babel/helper-module-transforms@https://registry.npmjs.org/@babel/helper-module-transforms/-/helper-module-transforms-7.28.6.tgz 0ms (cache hit)
3662 http cache @babel/compat-data@https://registry.npmjs.org/@babel/compat-data/-/compat-data-7.29.3.tgz 0ms (cache hit)
3663 http cache @babel/generator@https://registry.npmjs.org/@babel/generator/-/generator-7.29.1.tgz 0ms (cache hit)
3664 http cache @babel/parser@https://registry.npmjs.org/@babel/parser/-/parser-7.29.3.tgz 0ms (cache hit)
3665 http cache reflect-metadata@https://registry.npmjs.org/reflect-metadata/-/reflect-metadata-0.2.2.tgz 0ms (cache hit)
3666 http cache convert-source-map@https://registry.npmjs.org/convert-source-map/-/convert-source-map-1.9.0.tgz 0ms (cache hit)
3667 http cache debug@https://registry.npmjs.org/debug/-/debug-4.4.3.tgz 0ms (cache hit)
3668 http cache chokidar@https://registry.npmjs.org/chokidar/-/chokidar-5.0.0.tgz 0ms (cache hit)
3669 http cache ora@https://registry.npmjs.org/ora/-/ora-9.3.0.tgz 0ms (cache hit)
3670 http cache @standard-schema/spec@https://registry.npmjs.org/@standard-schema/spec/-/spec-1.1.0.tgz 0ms (cache hit)
3671 http cache @jridgewell/sourcemap-codec@https://registry.npmjs.org/@jridgewell/sourcemap-codec/-/sourcemap-codec-1.5.5.tgz 0ms (cache hit)
3672 http cache zod@https://registry.npmjs.org/zod/-/zod-4.3.6.tgz 0ms (cache hit)
3673 http cache npm-package-arg@https://registry.npmjs.org/npm-package-arg/-/npm-package-arg-13.0.2.tgz 0ms (cache hit)
3674 http cache @babel/code-frame@https://registry.npmjs.org/@babel/code-frame/-/code-frame-7.29.0.tgz 0ms (cache hit)
3675 http cache yargs@https://registry.npmjs.org/yargs/-/yargs-18.0.0.tgz 0ms (cache hit)
3676 http cache ini@https://registry.npmjs.org/ini/-/ini-6.0.0.tgz 0ms (cache hit)
3677 http cache pacote@https://registry.npmjs.org/pacote/-/pacote-21.3.1.tgz 0ms (cache hit)
3678 http cache @yarnpkg/lockfile@https://registry.npmjs.org/@yarnpkg/lockfile/-/lockfile-1.1.0.tgz 0ms (cache hit)
3679 http cache @modelcontextprotocol/sdk@https://registry.npmjs.org/@modelcontextprotocol/sdk/-/sdk-1.26.0.tgz 0ms (cache hit)
3680 http cache @listr2/prompt-adapter-inquirer@https://registry.npmjs.org/@listr2/prompt-adapter-inquirer/-/prompt-adapter-inquirer-3.0.5.tgz 0ms (cache hit)
3681 http cache @schematics/angular@https://registry.npmjs.org/@schematics/angular/-/angular-21.2.11.tgz 0ms (cache hit)
3682 http cache @inquirer/prompts@https://registry.npmjs.org/@inquirer/prompts/-/prompts-7.10.1.tgz 0ms (cache hit)
3683 http cache source-map@https://registry.npmjs.org/source-map/-/source-map-0.7.6.tgz 0ms (cache hit)
3684 http cache ms@https://registry.npmjs.org/ms/-/ms-2.1.3.tgz 0ms (cache hit)
3685 http cache @babel/helper-module-imports@https://registry.npmjs.org/@babel/helper-module-imports/-/helper-module-imports-7.28.6.tgz 0ms (cache hit)
3686 http cache algoliasearch@https://registry.npmjs.org/algoliasearch/-/algoliasearch-5.48.1.tgz 0ms (cache hit)
3687 http cache @angular-devkit/schematics@https://registry.npmjs.org/@angular-devkit/schematics/-/schematics-21.2.11.tgz 0ms (cache hit)
3688 http cache ajv@https://registry.npmjs.org/ajv/-/ajv-8.18.0.tgz 0ms (cache hit)
3689 http cache @angular-devkit/core@https://registry.npmjs.org/@angular-devkit/core/-/core-21.2.11.tgz 0ms (cache hit)
3690 http cache @jridgewell/gen-mapping@https://registry.npmjs.org/@jridgewell/gen-mapping/-/gen-mapping-0.3.13.tgz 0ms (cache hit)
3691 http cache @jridgewell/trace-mapping@https://registry.npmjs.org/@jridgewell/trace-mapping/-/trace-mapping-0.3.31.tgz 0ms (cache hit)
3692 http cache ajv-formats@https://registry.npmjs.org/ajv-formats/-/ajv-formats-3.0.1.tgz 0ms (cache hit)
3693 http cache watchpack@https://registry.npmjs.org/watchpack/-/watchpack-2.5.1.tgz 0ms (cache hit)
3694 http cache undici@https://registry.npmjs.org/undici/-/undici-7.24.4.tgz 0ms (cache hit)
3695 http cache tinyglobby@https://registry.npmjs.org/tinyglobby/-/tinyglobby-0.2.15.tgz 0ms (cache hit)
3696 http cache source-map-support@https://registry.npmjs.org/source-map-support/-/source-map-support-0.5.21.tgz 0ms (cache hit)
3697 http cache sass@https://registry.npmjs.org/sass/-/sass-1.97.3.tgz 0ms (cache hit)
3698 http cache piscina@https://registry.npmjs.org/piscina/-/piscina-5.1.4.tgz 0ms (cache hit)
3699 http cache rolldown@https://registry.npmjs.org/rolldown/-/rolldown-1.0.0-rc.4.tgz 0ms (cache hit)
3700 http cache picomatch@https://registry.npmjs.org/picomatch/-/picomatch-4.0.4.tgz 0ms (cache hit)
3701 http cache semver@https://registry.npmjs.org/semver/-/semver-7.7.4.tgz 0ms (cache hit)
3702 http cache magic-string@https://registry.npmjs.org/magic-string/-/magic-string-0.30.21.tgz 0ms (cache hit)
3703 http cache jsonc-parser@https://registry.npmjs.org/jsonc-parser/-/jsonc-parser-3.3.1.tgz 0ms (cache hit)
3704 http cache listr2@https://registry.npmjs.org/listr2/-/listr2-9.0.5.tgz 0ms (cache hit)
3705 http cache lmdb@https://registry.npmjs.org/lmdb/-/lmdb-3.5.1.tgz 0ms (cache hit)
3706 http cache mrmime@https://registry.npmjs.org/mrmime/-/mrmime-2.0.1.tgz 0ms (cache hit)
3707 http cache istanbul-lib-instrument@https://registry.npmjs.org/istanbul-lib-instrument/-/istanbul-lib-instrument-6.0.3.tgz 0ms (cache hit)
3708 http cache https-proxy-agent@https://registry.npmjs.org/https-proxy-agent/-/https-proxy-agent-7.0.6.tgz 0ms (cache hit)
3709 http cache @babel/helper-compilation-targets@https://registry.npmjs.org/@babel/helper-compilation-targets/-/helper-compilation-targets-7.28.6.tgz 0ms (cache hit)
3710 http cache esbuild@https://registry.npmjs.org/esbuild/-/esbuild-0.27.3.tgz 0ms (cache hit)
3711 http cache beasties@https://registry.npmjs.org/beasties/-/beasties-0.4.1.tgz 0ms (cache hit)
3712 http cache parse5-html-rewriting-stream@https://registry.npmjs.org/parse5-html-rewriting-stream/-/parse5-html-rewriting-stream-8.0.0.tgz 0ms (cache hit)
3713 http cache vite@https://registry.npmjs.org/vite/-/vite-7.3.2.tgz 0ms (cache hit)
3714 http cache @babel/helper-split-export-declaration@https://registry.npmjs.org/@babel/helper-split-export-declaration/-/helper-split-export-declaration-7.24.7.tgz 0ms (cache hit)
3715 http cache @inquirer/confirm@https://registry.npmjs.org/@inquirer/confirm/-/confirm-5.1.21.tgz 0ms (cache hit)
3716 http cache @babel/helper-annotate-as-pure@https://registry.npmjs.org/@babel/helper-annotate-as-pure/-/helper-annotate-as-pure-7.27.3.tgz 0ms (cache hit)
3717 http cache @ampproject/remapping@https://registry.npmjs.org/@ampproject/remapping/-/remapping-2.3.0.tgz 0ms (cache hit)
3718 http cache @babel/core@https://registry.npmjs.org/@babel/core/-/core-7.29.0.tgz 0ms (cache hit)
3719 http cache @angular-devkit/architect@https://registry.npmjs.org/@angular-devkit/architect/-/architect-0.2102.11.tgz 0ms (cache hit)
3720 http cache prettier@https://registry.npmjs.org/prettier/-/prettier-3.8.3.tgz 0ms (cache hit)
3721 http cache vitest@https://registry.npmjs.org/vitest/-/vitest-4.1.6.tgz 0ms (cache hit)
3722 http cache @angular/router@https://registry.npmjs.org/@angular/router/-/router-21.2.13.tgz 0ms (cache hit)
3723 http cache jsdom@https://registry.npmjs.org/jsdom/-/jsdom-28.1.0.tgz 0ms (cache hit)
3724 http cache rxjs@https://registry.npmjs.org/rxjs/-/rxjs-7.8.2.tgz 0ms (cache hit)
3725 http cache @angular/platform-browser@https://registry.npmjs.org/@angular/platform-browser/-/platform-browser-21.2.13.tgz 0ms (cache hit)
3726 http cache @vitejs/plugin-basic-ssl@https://registry.npmjs.org/@vitejs/plugin-basic-ssl/-/plugin-basic-ssl-2.1.4.tgz 0ms (cache hit)
3727 http cache @angular/forms@https://registry.npmjs.org/@angular/forms/-/forms-21.2.13.tgz 0ms (cache hit)
3728 http cache @angular/core@https://registry.npmjs.org/@angular/core/-/core-21.2.13.tgz 0ms (cache hit)
3729 http cache browserslist@https://registry.npmjs.org/browserslist/-/browserslist-4.28.2.tgz 0ms (cache hit)
3730 http cache @angular/compiler-cli@https://registry.npmjs.org/@angular/compiler-cli/-/compiler-cli-21.2.13.tgz 0ms (cache hit)
3731 http cache typescript@https://registry.npmjs.org/typescript/-/typescript-5.9.3.tgz 0ms (cache hit)
3732 http cache @angular/cli@https://registry.npmjs.org/@angular/cli/-/cli-21.2.11.tgz 0ms (cache hit)
3733 http cache @angular/compiler@https://registry.npmjs.org/@angular/compiler/-/compiler-21.2.13.tgz 0ms (cache hit)
3734 http cache @angular/build@https://registry.npmjs.org/@angular/build/-/build-21.2.11.tgz 0ms (cache hit)
3735 http cache @angular/common@https://registry.npmjs.org/@angular/common/-/common-21.2.13.tgz 0ms (cache hit)
3736 http cache wrap-ansi@https://registry.npmjs.org/wrap-ansi/-/wrap-ansi-9.0.2.tgz 0ms (cache hit)
3737 http cache tslib@https://registry.npmjs.org/tslib/-/tslib-2.8.1.tgz 0ms (cache hit)
3738 http cache convert-source-map@https://registry.npmjs.org/convert-source-map/-/convert-source-map-2.0.0.tgz 0ms (cache hit)
3739 http cache string-width@https://registry.npmjs.org/string-width/-/string-width-7.2.0.tgz 0ms (cache hit)
3740 http cache yallist@https://registry.npmjs.org/yallist/-/yallist-4.0.0.tgz 0ms (cache hit)
3741 http cache node-addon-api@https://registry.npmjs.org/node-addon-api/-/node-addon-api-7.1.1.tgz 0ms (cache hit)
3742 http cache lru-cache@https://registry.npmjs.org/lru-cache/-/lru-cache-11.3.6.tgz 0ms (cache hit)
3743 http cache lru-cache@https://registry.npmjs.org/lru-cache/-/lru-cache-11.3.6.tgz 0ms (cache hit)
3744 http cache yallist@https://registry.npmjs.org/yallist/-/yallist-4.0.0.tgz 0ms (cache hit)
3745 http cache minipass@https://registry.npmjs.org/minipass/-/minipass-3.3.6.tgz 0ms (cache hit)
3746 http cache which@https://registry.npmjs.org/which/-/which-6.0.1.tgz 0ms (cache hit)
3747 http cache lru-cache@https://registry.npmjs.org/lru-cache/-/lru-cache-11.3.6.tgz 0ms (cache hit)
3748 http cache yallist@https://registry.npmjs.org/yallist/-/yallist-5.0.0.tgz 0ms (cache hit)
3749 http cache minipass@https://registry.npmjs.org/minipass/-/minipass-3.3.6.tgz 0ms (cache hit)
3750 http cache isexe@https://registry.npmjs.org/isexe/-/isexe-4.0.0.tgz 0ms (cache hit)
3751 http cache isexe@https://registry.npmjs.org/isexe/-/isexe-4.0.0.tgz 0ms (cache hit)
3752 http cache isexe@https://registry.npmjs.org/isexe/-/isexe-4.0.0.tgz 0ms (cache hit)
3753 http cache lru-cache@https://registry.npmjs.org/lru-cache/-/lru-cache-11.3.6.tgz 0ms (cache hit)
3754 http cache which@https://registry.npmjs.org/which/-/which-6.0.1.tgz 0ms (cache hit)
3755 http cache string-width@https://registry.npmjs.org/string-width/-/string-width-7.2.0.tgz 0ms (cache hit)
3756 http cache which@https://registry.npmjs.org/which/-/which-6.0.1.tgz 0ms (cache hit)
3757 http cache undici@https://registry.npmjs.org/undici/-/undici-6.25.0.tgz 0ms (cache hit)
3758 http cache entities@https://registry.npmjs.org/entities/-/entities-8.0.0.tgz 0ms (cache hit)
3759 http cache wrap-ansi@https://registry.npmjs.org/wrap-ansi/-/wrap-ansi-9.0.2.tgz 0ms (cache hit)
3760 http cache lru-cache@https://registry.npmjs.org/lru-cache/-/lru-cache-11.3.6.tgz 0ms (cache hit)
3761 http cache lru-cache@https://registry.npmjs.org/lru-cache/-/lru-cache-11.3.6.tgz 0ms (cache hit)
3762 http cache content-type@https://registry.npmjs.org/content-type/-/content-type-2.0.0.tgz 0ms (cache hit)
3763 http cache entities@https://registry.npmjs.org/entities/-/entities-7.0.1.tgz 0ms (cache hit)
3764 http cache lru-cache@https://registry.npmjs.org/lru-cache/-/lru-cache-11.3.6.tgz 0ms (cache hit)
3765 http cache is-fullwidth-code-point@https://registry.npmjs.org/is-fullwidth-code-point/-/is-fullwidth-code-point-3.0.0.tgz 0ms (cache hit)
3766 http cache strip-ansi@https://registry.npmjs.org/strip-ansi/-/strip-ansi-6.0.1.tgz 0ms (cache hit)
3767 http cache emoji-regex@https://registry.npmjs.org/emoji-regex/-/emoji-regex-8.0.0.tgz 0ms (cache hit)
3768 http cache ansi-regex@https://registry.npmjs.org/ansi-regex/-/ansi-regex-5.0.1.tgz 0ms (cache hit)
3769 http cache ansi-styles@https://registry.npmjs.org/ansi-styles/-/ansi-styles-4.3.0.tgz 0ms (cache hit)
3770 http cache semver@https://registry.npmjs.org/semver/-/semver-6.3.1.tgz 0ms (cache hit)
3771 http cache string-width@https://registry.npmjs.org/string-width/-/string-width-4.2.3.tgz 0ms (cache hit)
3772 http cache entities@https://registry.npmjs.org/entities/-/entities-6.0.1.tgz 0ms (cache hit)
3773 http cache readdirp@https://registry.npmjs.org/readdirp/-/readdirp-4.1.2.tgz 0ms (cache hit)
3774 http cache string-width@https://registry.npmjs.org/string-width/-/string-width-7.2.0.tgz 0ms (cache hit)
3775 http cache source-map@https://registry.npmjs.org/source-map/-/source-map-0.6.1.tgz 0ms (cache hit)
3776 http cache chokidar@https://registry.npmjs.org/chokidar/-/chokidar-4.0.3.tgz 0ms (cache hit)
3777 http cache slice-ansi@https://registry.npmjs.org/slice-ansi/-/slice-ansi-7.1.2.tgz 0ms (cache hit)
3778 http cache string-width@https://registry.npmjs.org/string-width/-/string-width-7.2.0.tgz 0ms (cache hit)
3779 http cache convert-source-map@https://registry.npmjs.org/convert-source-map/-/convert-source-map-2.0.0.tgz 0ms (cache hit)
3780 silly tarball no local data for @rollup/rollup-darwin-arm64@https://registry.npmjs.org/@rollup/rollup-darwin-arm64/-/rollup-darwin-arm64-4.60.4.tgz. Extracting by manifest.
3781 silly tarball no local data for rollup@https://registry.npmjs.org/rollup/-/rollup-4.60.4.tgz. Extracting by manifest.
3782 http cache wrap-ansi@https://registry.npmjs.org/wrap-ansi/-/wrap-ansi-9.0.2.tgz 0ms (cache hit)
3783 silly tarball no local data for electron-to-chromium@https://registry.npmjs.org/electron-to-chromium/-/electron-to-chromium-1.5.356.tgz. Extracting by manifest.
3784 http cache semver@https://registry.npmjs.org/semver/-/semver-6.3.1.tgz 0ms (cache hit)
3785 http fetch POST 200 https://registry.npmjs.org/-/npm/v1/security/advisories/bulk 624ms
3786 silly audit report {}
3787 http fetch GET 200 https://registry.npmjs.org/electron-to-chromium/-/electron-to-chromium-1.5.356.tgz 871ms (cache miss)
3788 http fetch GET 200 https://registry.npmjs.org/rollup/-/rollup-4.60.4.tgz 1475ms (cache miss)
3789 http fetch GET 200 https://registry.npmjs.org/@rollup/rollup-darwin-arm64/-/rollup-darwin-arm64-4.60.4.tgz 1709ms (cache miss)
3790 silly ADD node_modules/color-name
3791 silly ADD node_modules/color-convert
3792 silly ADD node_modules/emoji-regex
3793 silly ADD node_modules/yargs-parser
3794 silly ADD node_modules/y18n
3795 silly ADD node_modules/get-caller-file
3796 silly ADD node_modules/cliui
3797 silly ADD node_modules/cliui/node_modules/wrap-ansi
3798 silly ADD node_modules/cliui/node_modules/string-width
3799 silly ADD node_modules/stackback
3800 silly ADD node_modules/siginfo
3801 silly ADD node_modules/isexe
3802 silly ADD node_modules/punycode
3803 silly ADD node_modules/tr46
3804 silly ADD node_modules/glob-to-regexp
3805 silly ADD node_modules/estree-walker
3806 silly ADD node_modules/assertion-error
3807 silly ADD node_modules/@types/deep-eql
3808 silly ADD node_modules/chai
3809 silly ADD node_modules/@types/chai
3810 silly ADD node_modules/why-is-node-running
3811 silly ADD node_modules/tinyrainbow
3812 silly ADD node_modules/tinyexec
3813 silly ADD node_modules/tinybench
3814 silly ADD node_modules/std-env
3815 silly ADD node_modules/pathe
3816 silly ADD node_modules/obug
3817 silly ADD node_modules/expect-type
3818 silly ADD node_modules/es-module-lexer
3819 silly ADD node_modules/@vitest/utils
3820 silly ADD node_modules/@vitest/utils/node_modules/convert-source-map
3821 silly ADD node_modules/@vitest/spy
3822 silly ADD node_modules/@vitest/snapshot
3823 silly ADD node_modules/@vitest/runner
3824 silly ADD node_modules/@vitest/pretty-format
3825 silly ADD node_modules/@vitest/mocker
3826 silly ADD node_modules/@vitest/expect
3827 silly ADD node_modules/@types/estree
3828 silly ADD
3829 silly ADD
3830 silly ADD
3831 silly ADD
3832 silly ADD
3833 silly ADD
3834 silly ADD
3835 silly ADD
3836 silly ADD
3837 silly ADD
3838 silly ADD
3839 silly ADD
3840 silly ADD
3841 silly ADD
3842 silly ADD
3843 silly ADD
3844 silly ADD
3845 silly ADD
3846 silly ADD
3847 silly ADD
3848 silly ADD
3849 silly ADD
3850 silly ADD node_modules/@rollup/rollup-darwin-arm64
3851 silly ADD
3852 silly ADD
3853 silly ADD node_modules/rollup
3854 silly ADD node_modules/fsevents
3855 silly ADD node_modules/escalade
3856 silly ADD node_modules/media-typer
3857 silly ADD node_modules/@tufjs/canonical-json
3858 silly ADD node_modules/@tufjs/models
3859 silly ADD node_modules/tldts-core
3860 silly ADD node_modules/tldts
3861 silly ADD node_modules/fdir
3862 silly ADD node_modules/chownr
3863 silly ADD node_modules/@isaacs/fs-minipass
3864 silly ADD node_modules/ansi-regex
3865 silly ADD node_modules/spdx-license-ids
3866 silly ADD node_modules/spdx-exceptions
3867 silly ADD node_modules/buffer-from
3868 silly ADD node_modules/smart-buffer
3869 silly ADD node_modules/socks
3870 silly ADD node_modules/get-east-asian-width
3871 silly ADD node_modules/is-fullwidth-code-point
3872 silly ADD node_modules/ansi-styles
3873 silly ADD node_modules/tuf-js
3874 silly ADD node_modules/@sigstore/verify
3875 silly ADD node_modules/@sigstore/tuf
3876 silly ADD node_modules/@sigstore/sign
3877 silly ADD node_modules/@sigstore/protobuf-specs
3878 silly ADD node_modules/@sigstore/core
3879 silly ADD node_modules/@sigstore/bundle
3880 silly ADD node_modules/dunder-proto
3881 silly ADD node_modules/math-intrinsics
3882 silly ADD node_modules/hasown
3883 silly ADD node_modules/has-symbols
3884 silly ADD node_modules/gopd
3885 silly ADD node_modules/get-proto
3886 silly ADD node_modules/es-object-atoms
3887 silly ADD node_modules/es-define-property
3888 silly ADD node_modules/function-bind
3889 silly ADD node_modules/call-bind-apply-helpers
3890 silly ADD node_modules/get-intrinsic
3891 silly ADD node_modules/call-bound
3892 silly ADD node_modules/side-channel-weakmap
3893 silly ADD node_modules/side-channel-map
3894 silly ADD node_modules/side-channel-list
3895 silly ADD node_modules/object-inspect
3896 silly ADD node_modules/es-errors
3897 silly ADD node_modules/shebang-regex
3898 silly ADD node_modules/xmlchars
3899 silly ADD node_modules/is-extglob
3900 silly ADD node_modules/is-glob
3901 silly ADD
3902 silly ADD
3903 silly ADD
3904 silly ADD
3905 silly ADD
3906 silly ADD
3907 silly ADD
3908 silly ADD
3909 silly ADD
3910 silly ADD
3911 silly ADD
3912 silly ADD node_modules/@parcel/watcher-darwin-arm64
3913 silly ADD
3914 silly ADD node_modules/immutable
3915 silly ADD node_modules/@parcel/watcher
3916 silly ADD node_modules/@parcel/watcher/node_modules/node-addon-api
3917 silly ADD node_modules/path-to-regexp
3918 silly ADD node_modules/is-promise
3919 silly ADD
3920 silly ADD
3921 silly ADD
3922 silly ADD
3923 silly ADD
3924 silly ADD node_modules/@rolldown/pluginutils
3925 silly ADD
3926 silly ADD
3927 silly ADD
3928 silly ADD
3929 silly ADD
3930 silly ADD
3931 silly ADD
3932 silly ADD
3933 silly ADD
3934 silly ADD
3935 silly ADD
3936 silly ADD node_modules/@rolldown/binding-darwin-arm64
3937 silly ADD
3938 silly ADD node_modules/@oxc-project/types
3939 silly ADD node_modules/mimic-function
3940 silly ADD node_modules/onetime
3941 silly ADD node_modules/unpipe
3942 silly ADD node_modules/side-channel
3943 silly ADD node_modules/ipaddr.js
3944 silly ADD node_modules/forwarded
3945 silly ADD node_modules/retry
3946 silly ADD node_modules/err-code
3947 silly ADD node_modules/nanoid
3948 silly ADD
3949 silly ADD
3950 silly ADD
3951 silly ADD
3952 silly ADD
3953 silly ADD
3954 silly ADD
3955 silly ADD
3956 silly ADD
3957 silly ADD
3958 silly ADD
3959 silly ADD
3960 silly ADD
3961 silly ADD
3962 silly ADD node_modules/@napi-rs/nice-darwin-arm64
3963 silly ADD
3964 silly ADD
3965 silly ADD node_modules/@napi-rs/nice
3966 silly ADD node_modules/parse5-sax-parser
3967 silly ADD node_modules/minipass-sized
3968 silly ADD node_modules/socks-proxy-agent
3969 silly ADD node_modules/http-cache-semantics
3970 silly ADD node_modules/@npmcli/agent
3971 silly ADD node_modules/@npmcli/agent/node_modules/lru-cache
3972 silly ADD node_modules/minizlib
3973 silly ADD node_modules/minipass-fetch
3974 silly ADD node_modules/make-fetch-happen
3975 silly ADD node_modules/jsonparse
3976 silly ADD node_modules/@npmcli/redact
3977 silly ADD node_modules/npm-install-checks
3978 silly ADD node_modules/ignore-walk
3979 silly ADD node_modules/abbrev
3980 silly ADD node_modules/nopt
3981 silly ADD node_modules/graceful-fs
3982 silly ADD node_modules/exponential-backoff
3983 silly ADD node_modules/env-paths
3984 silly ADD node_modules/balanced-match
3985 silly ADD node_modules/brace-expansion
3986 silly ADD node_modules/path-scurry
3987 silly ADD node_modules/path-scurry/node_modules/lru-cache
3988 silly ADD node_modules/minimatch
3989 silly ADD node_modules/p-map
3990 silly ADD node_modules/minipass-pipeline
3991 silly ADD node_modules/minipass-pipeline/node_modules/yallist
3992 silly ADD node_modules/minipass-pipeline/node_modules/minipass
3993 silly ADD node_modules/minipass-flush
3994 silly ADD node_modules/minipass-flush/node_modules/yallist
3995 silly ADD node_modules/minipass-flush/node_modules/minipass
3996 silly ADD node_modules/minipass-collect
3997 silly ADD node_modules/@npmcli/fs
3998 silly ADD node_modules/node-gyp
3999 silly ADD node_modules/node-gyp/node_modules/isexe
4000 silly ADD node_modules/node-gyp/node_modules/which
4001 silly ADD node_modules/node-gyp/node_modules/undici
4002 silly ADD node_modules/@npmcli/node-gyp
4003 silly ADD node_modules/spdx-expression-parse
4004 silly ADD node_modules/json-parse-even-better-errors
4005 silly ADD node_modules/glob
4006 silly ADD node_modules/npm-normalize-package-bin
4007 silly ADD node_modules/npm-bundled
4008 silly ADD node_modules/@gar/promise-retry
4009 silly ADD node_modules/tar
4010 silly ADD node_modules/tar/node_modules/yallist
4011 silly ADD node_modules/ssri
4012 silly ADD node_modules/sigstore
4013 silly ADD node_modules/promise-retry
4014 silly ADD node_modules/npm-registry-fetch
4015 silly ADD node_modules/npm-pick-manifest
4016 silly ADD node_modules/npm-packlist
4017 silly ADD node_modules/minipass
4018 silly ADD node_modules/fs-minipass
4019 silly ADD node_modules/cacache
4020 silly ADD node_modules/cacache/node_modules/lru-cache
4021 silly ADD node_modules/@npmcli/run-script
4022 silly ADD node_modules/@npmcli/promise-spawn
4023 silly ADD node_modules/@npmcli/promise-spawn/node_modules/isexe
4024 silly ADD node_modules/@npmcli/promise-spawn/node_modules/which
4025 silly ADD node_modules/@npmcli/package-json
4026 silly ADD node_modules/@npmcli/installed-package-contents
4027 silly ADD node_modules/@npmcli/git
4028 silly ADD node_modules/@npmcli/git/node_modules/isexe
4029 silly ADD node_modules/@npmcli/git/node_modules/which
4030 silly ADD node_modules/@npmcli/git/node_modules/lru-cache
4031 silly ADD node_modules/yoctocolors
4032 silly ADD node_modules/stdin-discarder
4033 silly ADD node_modules/log-symbols
4034 silly ADD node_modules/is-unicode-supported
4035 silly ADD node_modules/is-interactive
4036 silly ADD node_modules/cli-spinners
4037 silly ADD node_modules/chalk
4038 silly ADD node_modules/wrappy
4039 silly ADD node_modules/ee-first
4040 silly ADD node_modules/validate-npm-package-name
4041 silly ADD node_modules/proc-log
4042 silly ADD node_modules/hosted-git-info
4043 silly ADD node_modules/hosted-git-info/node_modules/lru-cache
4044 silly ADD node_modules/detect-libc
4045 silly ADD
4046 silly ADD
4047 silly ADD
4048 silly ADD
4049 silly ADD
4050 silly ADD node_modules/@msgpackr-extract/msgpackr-extract-darwin-arm64
4051 silly ADD node_modules/msgpackr-extract
4052 silly ADD node_modules/mime-db
4053 silly ADD node_modules/yallist
4054 silly ADD node_modules/restore-cursor
4055 silly ADD node_modules/environment
4056 silly ADD node_modules/strip-ansi
4057 silly ADD node_modules/cli-cursor
4058 silly ADD node_modules/ansi-escapes
4059 silly ADD node_modules/weak-lru-cache
4060 silly ADD node_modules/ordered-binary
4061 silly ADD node_modules/node-gyp-build-optional-packages
4062 silly ADD node_modules/node-addon-api
4063 silly ADD node_modules/msgpackr
4064 silly ADD
4065 silly ADD
4066 silly ADD
4067 silly ADD
4068 silly ADD
4069 silly ADD
4070 silly ADD node_modules/@lmdb/lmdb-darwin-arm64
4071 silly ADD node_modules/@harperfast/extended-iterable
4072 silly ADD node_modules/string-width
4073 silly ADD node_modules/slice-ansi
4074 silly ADD node_modules/rfdc
4075 silly ADD node_modules/log-update
4076 silly ADD node_modules/log-update/node_modules/string-width
4077 silly ADD node_modules/log-update/node_modules/wrap-ansi
4078 silly ADD node_modules/log-update/node_modules/slice-ansi
4079 silly ADD node_modules/eventemitter3
4080 silly ADD node_modules/colorette
4081 silly ADD node_modules/cli-truncate
4082 silly ADD node_modules/@csstools/color-helpers
4083 silly ADD node_modules/@csstools/css-color-parser
4084 silly ADD node_modules/@csstools/css-tokenizer
4085 silly ADD node_modules/@csstools/css-parser-algorithms
4086 silly ADD node_modules/@csstools/css-calc
4087 silly ADD node_modules/@asamuzakjp/generational-cache
4088 silly ADD node_modules/@csstools/css-syntax-patches-for-csstree
4089 silly ADD node_modules/@asamuzakjp/css-color
4090 silly ADD node_modules/source-map-js
4091 silly ADD node_modules/mdn-data
4092 silly ADD node_modules/css-tree
4093 silly ADD node_modules/bidi-js
4094 silly ADD node_modules/@asamuzakjp/nwsapi
4095 silly ADD node_modules/xml-name-validator
4096 silly ADD node_modules/whatwg-url
4097 silly ADD node_modules/whatwg-mimetype
4098 silly ADD node_modules/webidl-conversions
4099 silly ADD node_modules/w3c-xmlserializer
4100 silly ADD node_modules/tough-cookie
4101 silly ADD node_modules/symbol-tree
4102 silly ADD node_modules/saxes
4103 silly ADD node_modules/parse5
4104 silly ADD node_modules/parse5/node_modules/entities
4105 silly ADD node_modules/is-potential-custom-element-name
4106 silly ADD node_modules/http-proxy-agent
4107 silly ADD node_modules/html-encoding-sniffer
4108 silly ADD node_modules/decimal.js
4109 silly ADD node_modules/data-urls
4110 silly ADD node_modules/cssstyle
4111 silly ADD node_modules/cssstyle/node_modules/lru-cache
4112 silly ADD node_modules/@exodus/bytes
4113 silly ADD node_modules/@bramus/specificity
4114 silly ADD node_modules/@asamuzakjp/dom-selector
4115 silly ADD node_modules/@asamuzakjp/dom-selector/node_modules/lru-cache
4116 silly ADD node_modules/@acemir/cssom
4117 silly ADD node_modules/istanbul-lib-coverage
4118 silly ADD node_modules/@istanbuljs/schema
4119 silly ADD node_modules/safer-buffer
4120 silly ADD node_modules/agent-base
4121 silly ADD node_modules/toidentifier
4122 silly ADD node_modules/setprototypeof
4123 silly ADD node_modules/inherits
4124 silly ADD node_modules/ip-address
4125 silly ADD node_modules/bytes
4126 silly ADD node_modules/negotiator
4127 silly ADD node_modules/type-is
4128 silly ADD node_modules/type-is/node_modules/content-type
4129 silly ADD node_modules/statuses
4130 silly ADD node_modules/serve-static
4131 silly ADD node_modules/send
4132 silly ADD node_modules/router
4133 silly ADD node_modules/range-parser
4134 silly ADD node_modules/qs
4135 silly ADD node_modules/proxy-addr
4136 silly ADD node_modules/parseurl
4137 silly ADD node_modules/once
4138 silly ADD node_modules/on-finished
4139 silly ADD node_modules/mime-types
4140 silly ADD node_modules/merge-descriptors
4141 silly ADD node_modules/http-errors
4142 silly ADD node_modules/fresh
4143 silly ADD node_modules/finalhandler
4144 silly ADD node_modules/etag
4145 silly ADD node_modules/escape-html
4146 silly ADD node_modules/encodeurl
4147 silly ADD node_modules/depd
4148 silly ADD node_modules/cookie-signature
4149 silly ADD node_modules/cookie
4150 silly ADD node_modules/content-disposition
4151 silly ADD node_modules/body-parser
4152 silly ADD node_modules/accepts
4153 silly ADD
4154 silly ADD
4155 silly ADD
4156 silly ADD
4157 silly ADD
4158 silly ADD
4159 silly ADD
4160 silly ADD
4161 silly ADD
4162 silly ADD
4163 silly ADD
4164 silly ADD
4165 silly ADD
4166 silly ADD
4167 silly ADD
4168 silly ADD
4169 silly ADD
4170 silly ADD
4171 silly ADD
4172 silly ADD
4173 silly ADD
4174 silly ADD node_modules/@esbuild/darwin-arm64
4175 silly ADD
4176 silly ADD
4177 silly ADD
4178 silly ADD
4179 silly ADD node_modules/entities
4180 silly ADD node_modules/domelementtype
4181 silly ADD node_modules/ms
4182 silly ADD node_modules/nth-check
4183 silly ADD node_modules/domutils
4184 silly ADD node_modules/boolbase
4185 silly ADD node_modules/which
4186 silly ADD node_modules/shebang-command
4187 silly ADD node_modules/path-key
4188 silly ADD node_modules/vary
4189 silly ADD node_modules/object-assign
4190 silly ADD node_modules/readdirp
4191 silly ADD node_modules/update-browserslist-db
4192 silly ADD node_modules/node-releases
4193 silly ADD node_modules/electron-to-chromium
4194 silly ADD node_modules/caniuse-lite
4195 silly ADD node_modules/baseline-browser-mapping
4196 silly ADD node_modules/postcss-safe-parser
4197 silly ADD node_modules/postcss-media-query-parser
4198 silly ADD node_modules/postcss
4199 silly ADD node_modules/htmlparser2
4200 silly ADD node_modules/htmlparser2/node_modules/entities
4201 silly ADD node_modules/domhandler
4202 silly ADD node_modules/dom-serializer
4203 silly ADD node_modules/css-what
4204 silly ADD node_modules/css-select
4205 silly ADD node_modules/@algolia/requester-node-http
4206 silly ADD node_modules/@algolia/requester-fetch
4207 silly ADD node_modules/@algolia/requester-browser-xhr
4208 silly ADD node_modules/@algolia/recommend
4209 silly ADD node_modules/@algolia/monitoring
4210 silly ADD node_modules/@algolia/ingestion
4211 silly ADD node_modules/@algolia/client-search
4212 silly ADD node_modules/@algolia/client-query-suggestions
4213 silly ADD node_modules/@algolia/client-personalization
4214 silly ADD node_modules/@algolia/client-insights
4215 silly ADD node_modules/@algolia/client-common
4216 silly ADD node_modules/@algolia/client-analytics
4217 silly ADD node_modules/@algolia/client-abtesting
4218 silly ADD node_modules/@algolia/abtesting
4219 silly ADD node_modules/require-from-string
4220 silly ADD node_modules/json-schema-traverse
4221 silly ADD node_modules/fast-uri
4222 silly ADD node_modules/fast-deep-equal
4223 silly ADD node_modules/zod-to-json-schema
4224 silly ADD node_modules/raw-body
4225 silly ADD node_modules/pkce-challenge
4226 silly ADD node_modules/json-schema-typed
4227 silly ADD node_modules/jose
4228 silly ADD node_modules/express-rate-limit
4229 silly ADD node_modules/express
4230 silly ADD node_modules/eventsource-parser
4231 silly ADD node_modules/eventsource
4232 silly ADD node_modules/cross-spawn
4233 silly ADD node_modules/cors
4234 silly ADD node_modules/content-type
4235 silly ADD node_modules/hono
4236 silly ADD node_modules/@hono/node-server
4237 silly ADD node_modules/@jridgewell/resolve-uri
4238 silly ADD node_modules/iconv-lite
4239 silly ADD node_modules/chardet
4240 silly ADD node_modules/@inquirer/external-editor
4241 silly ADD node_modules/@inquirer/select
4242 silly ADD node_modules/@inquirer/search
4243 silly ADD node_modules/@inquirer/rawlist
4244 silly ADD node_modules/@inquirer/password
4245 silly ADD node_modules/@inquirer/number
4246 silly ADD node_modules/@inquirer/input
4247 silly ADD node_modules/@inquirer/expand
4248 silly ADD node_modules/@inquirer/editor
4249 silly ADD node_modules/@inquirer/checkbox
4250 silly ADD node_modules/yoctocolors-cjs
4251 silly ADD node_modules/wrap-ansi
4252 silly ADD node_modules/wrap-ansi/node_modules/ansi-regex
4253 silly ADD node_modules/wrap-ansi/node_modules/is-fullwidth-code-point
4254 silly ADD node_modules/wrap-ansi/node_modules/emoji-regex
4255 silly ADD node_modules/wrap-ansi/node_modules/strip-ansi
4256 silly ADD node_modules/wrap-ansi/node_modules/string-width
4257 silly ADD node_modules/wrap-ansi/node_modules/ansi-styles
4258 silly ADD node_modules/signal-exit
4259 silly ADD node_modules/mute-stream
4260 silly ADD node_modules/cli-width
4261 silly ADD node_modules/@inquirer/figures
4262 silly ADD node_modules/@inquirer/ansi
4263 silly ADD node_modules/@inquirer/type
4264 silly ADD node_modules/@inquirer/core
4265 silly ADD node_modules/@babel/helper-string-parser
4266 silly ADD node_modules/@babel/helper-globals
4267 silly ADD node_modules/@babel/helper-module-imports
4268 silly ADD node_modules/lru-cache
4269 silly ADD node_modules/@babel/helper-validator-option
4270 silly ADD node_modules/@babel/compat-data
4271 silly ADD node_modules/jsesc
4272 silly ADD node_modules/picocolors
4273 silly ADD node_modules/js-tokens
4274 silly ADD node_modules/@babel/helper-validator-identifier
4275 silly ADD node_modules/json5
4276 silly ADD node_modules/gensync
4277 silly ADD node_modules/debug
4278 silly ADD node_modules/@jridgewell/remapping
4279 silly ADD node_modules/@babel/types
4280 silly ADD node_modules/@babel/traverse
4281 silly ADD node_modules/@babel/template
4282 silly ADD node_modules/@babel/parser
4283 silly ADD node_modules/@babel/helpers
4284 silly ADD node_modules/@babel/helper-module-transforms
4285 silly ADD node_modules/@babel/helper-compilation-targets
4286 silly ADD node_modules/@babel/helper-compilation-targets/node_modules/semver
4287 silly ADD node_modules/@babel/generator
4288 silly ADD node_modules/@babel/code-frame
4289 silly ADD node_modules/@standard-schema/spec
4290 silly ADD node_modules/reflect-metadata
4291 silly ADD node_modules/convert-source-map
4292 silly ADD node_modules/chokidar
4293 silly ADD node_modules/@jridgewell/sourcemap-codec
4294 silly ADD node_modules/ora
4295 silly ADD node_modules/zod
4296 silly ADD node_modules/yargs
4297 silly ADD node_modules/yargs/node_modules/string-width
4298 silly ADD node_modules/pacote
4299 silly ADD node_modules/npm-package-arg
4300 silly ADD node_modules/ini
4301 silly ADD node_modules/algoliasearch
4302 silly ADD node_modules/@yarnpkg/lockfile
4303 silly ADD node_modules/@schematics/angular
4304 silly ADD node_modules/@modelcontextprotocol/sdk
4305 silly ADD node_modules/@listr2/prompt-adapter-inquirer
4306 silly ADD node_modules/@inquirer/prompts
4307 silly ADD node_modules/@angular-devkit/schematics
4308 silly ADD node_modules/source-map
4309 silly ADD node_modules/ajv-formats
4310 silly ADD node_modules/ajv
4311 silly ADD node_modules/@angular-devkit/core
4312 silly ADD node_modules/@jridgewell/trace-mapping
4313 silly ADD node_modules/@jridgewell/gen-mapping
4314 silly ADD node_modules/watchpack
4315 silly ADD node_modules/undici
4316 silly ADD node_modules/tinyglobby
4317 silly ADD node_modules/source-map-support
4318 silly ADD node_modules/source-map-support/node_modules/source-map
4319 silly ADD node_modules/semver
4320 silly ADD node_modules/sass
4321 silly ADD node_modules/sass/node_modules/readdirp
4322 silly ADD node_modules/sass/node_modules/chokidar
4323 silly ADD node_modules/rolldown
4324 silly ADD node_modules/piscina
4325 silly ADD node_modules/picomatch
4326 silly ADD node_modules/parse5-html-rewriting-stream
4327 silly ADD node_modules/parse5-html-rewriting-stream/node_modules/entities
4328 silly ADD node_modules/mrmime
4329 silly ADD node_modules/magic-string
4330 silly ADD node_modules/lmdb
4331 silly ADD node_modules/listr2
4332 silly ADD node_modules/listr2/node_modules/string-width
4333 silly ADD node_modules/listr2/node_modules/wrap-ansi
4334 silly ADD node_modules/jsonc-parser
4335 silly ADD node_modules/istanbul-lib-instrument
4336 silly ADD node_modules/https-proxy-agent
4337 silly ADD node_modules/esbuild
4338 silly ADD node_modules/browserslist
4339 silly ADD node_modules/beasties
4340 silly ADD node_modules/vite
4341 silly ADD node_modules/@vitejs/plugin-basic-ssl
4342 silly ADD node_modules/@inquirer/confirm
4343 silly ADD node_modules/@babel/helper-split-export-declaration
4344 silly ADD node_modules/@babel/helper-annotate-as-pure
4345 silly ADD node_modules/@babel/core
4346 silly ADD node_modules/@babel/core/node_modules/semver
4347 silly ADD node_modules/@babel/core/node_modules/convert-source-map
4348 silly ADD node_modules/@angular-devkit/architect
4349 silly ADD node_modules/@ampproject/remapping
4350 silly ADD node_modules/vitest
4351 silly ADD node_modules/prettier
4352 silly ADD node_modules/jsdom
4353 silly ADD node_modules/@angular/router
4354 silly ADD node_modules/@angular/platform-browser
4355 silly ADD node_modules/@angular/forms
4356 silly ADD node_modules/@angular/core
4357 silly ADD node_modules/rxjs
4358 silly ADD node_modules/@angular/common
4359 silly ADD node_modules/@angular/cli
4360 silly ADD node_modules/@angular/compiler-cli
4361 silly ADD node_modules/@angular/compiler
4362 silly ADD node_modules/typescript
4363 silly ADD node_modules/tslib
4364 silly ADD node_modules/@angular/build
4365 verbose cwd /Users/dam113/Desktop/my-app
4366 verbose os Darwin 25.3.0
4367 verbose node v22.15.0
4368 verbose npm  v10.9.2
4369 verbose exit 0
4370 info ok
