0 verbose cli /opt/homebrew/Cellar/node@22/22.15.0/bin/node /opt/homebrew/opt/node@22/bin/npm
1 info using npm@10.9.2
2 info using node@v22.15.0
3 silly config load:file:/opt/homebrew/Cellar/node@22/22.15.0/lib/node_modules/npm/npmrc
4 silly config load:file:/Users/dam113/.npmrc
5 silly config load:file:/opt/homebrew/etc/npmrc
6 verbose title npm install @angular/cli
7 verbose argv "install" "--global" "@angular/cli"
8 verbose logfile logs-max:10 dir:/Users/dam113/.npm/_logs/2026-05-14T12_24_49_386Z-
9 verbose logfile /Users/dam113/.npm/_logs/2026-05-14T12_24_49_386Z-debug-0.log
10 silly packumentCache heap:2197815296 maxSize:549453824 maxEntrySize:274726912
11 silly logfile start cleaning logs, removing 1 files
12 silly idealTree buildDeps
13 silly fetch manifest @angular/cli@*
14 silly packumentCache full:https://registry.npmjs.org/@angular%2fcli cache-miss
15 silly logfile done cleaning log files
16 http fetch GET 200 https://registry.npmjs.org/@angular%2fcli 778ms (cache miss)
17 silly packumentCache full:https://registry.npmjs.org/@angular%2fcli set size:undefined disposed:false
18 silly placeDep ROOT @angular/cli@21.2.11 OK for:  want: *
19 silly fetch manifest ini@6.0.0
20 silly packumentCache full:https://registry.npmjs.org/ini cache-miss
21 silly fetch manifest zod@4.3.6
22 silly packumentCache full:https://registry.npmjs.org/zod cache-miss
23 silly fetch manifest yargs@18.0.0
24 silly packumentCache full:https://registry.npmjs.org/yargs cache-miss
25 silly fetch manifest listr2@9.0.5
26 silly packumentCache full:https://registry.npmjs.org/listr2 cache-miss
27 silly fetch manifest pacote@21.3.1
28 silly packumentCache full:https://registry.npmjs.org/pacote cache-miss
29 silly fetch manifest semver@7.7.4
30 silly packumentCache full:https://registry.npmjs.org/semver cache-miss
31 silly fetch manifest jsonc-parser@3.3.1
32 silly packumentCache full:https://registry.npmjs.org/jsonc-parser cache-miss
33 http fetch GET 200 https://registry.npmjs.org/yargs 61ms (cache revalidated)
34 silly packumentCache full:https://registry.npmjs.org/yargs set size:743056 disposed:false
35 silly fetch manifest algoliasearch@5.48.1
36 silly packumentCache full:https://registry.npmjs.org/algoliasearch cache-miss
37 http fetch GET 200 https://registry.npmjs.org/jsonc-parser 68ms (cache miss)
38 silly packumentCache full:https://registry.npmjs.org/jsonc-parser set size:undefined disposed:false
39 silly fetch manifest npm-package-arg@13.0.2
40 silly packumentCache full:https://registry.npmjs.org/npm-package-arg cache-miss
41 http fetch GET 200 https://registry.npmjs.org/ini 136ms (cache updated)
42 silly packumentCache full:https://registry.npmjs.org/ini set size:undefined disposed:false
43 silly fetch manifest @inquirer/prompts@7.10.1
44 silly packumentCache full:https://registry.npmjs.org/@inquirer%2fprompts cache-miss
45 http fetch GET 200 https://registry.npmjs.org/npm-package-arg 219ms (cache miss)
46 silly packumentCache full:https://registry.npmjs.org/npm-package-arg set size:undefined disposed:false
47 silly fetch manifest @yarnpkg/lockfile@1.1.0
48 silly packumentCache full:https://registry.npmjs.org/@yarnpkg%2flockfile cache-miss
49 http fetch GET 200 https://registry.npmjs.org/@yarnpkg%2flockfile 70ms (cache miss)
50 silly packumentCache full:https://registry.npmjs.org/@yarnpkg%2flockfile set size:undefined disposed:false
51 silly fetch manifest @schematics/angular@21.2.11
52 silly packumentCache full:https://registry.npmjs.org/@schematics%2fangular cache-miss
53 http fetch GET 200 https://registry.npmjs.org/semver 483ms (cache updated)
54 silly packumentCache full:https://registry.npmjs.org/semver set size:undefined disposed:false
55 silly fetch manifest @angular-devkit/core@21.2.11
56 silly packumentCache full:https://registry.npmjs.org/@angular-devkit%2fcore cache-miss
57 http fetch GET 200 https://registry.npmjs.org/@inquirer%2fprompts 358ms (cache miss)
58 silly packumentCache full:https://registry.npmjs.org/@inquirer%2fprompts set size:undefined disposed:false
59 silly fetch manifest @angular-devkit/architect@0.2102.11
60 silly packumentCache full:https://registry.npmjs.org/@angular-devkit%2farchitect cache-miss
61 http fetch GET 200 https://registry.npmjs.org/listr2 557ms (cache miss)
62 silly packumentCache full:https://registry.npmjs.org/listr2 set size:undefined disposed:false
63 silly fetch manifest @modelcontextprotocol/sdk@1.26.0
64 silly packumentCache full:https://registry.npmjs.org/@modelcontextprotocol%2fsdk cache-miss
65 http fetch GET 200 https://registry.npmjs.org/@modelcontextprotocol%2fsdk 275ms (cache miss)
66 silly packumentCache full:https://registry.npmjs.org/@modelcontextprotocol%2fsdk set size:undefined disposed:false
67 silly fetch manifest @angular-devkit/schematics@21.2.11
68 silly packumentCache full:https://registry.npmjs.org/@angular-devkit%2fschematics cache-miss
69 http fetch GET 200 https://registry.npmjs.org/pacote 1317ms (cache miss)
70 silly packumentCache full:https://registry.npmjs.org/pacote set size:undefined disposed:false
71 silly fetch manifest parse5-html-rewriting-stream@8.0.0
72 silly packumentCache full:https://registry.npmjs.org/parse5-html-rewriting-stream cache-miss
73 http fetch GET 200 https://registry.npmjs.org/algoliasearch 1492ms (cache miss)
74 silly packumentCache full:https://registry.npmjs.org/algoliasearch set size:undefined disposed:false
75 silly fetch manifest @listr2/prompt-adapter-inquirer@3.0.5
76 silly packumentCache full:https://registry.npmjs.org/@listr2%2fprompt-adapter-inquirer cache-miss
77 http fetch GET 200 https://registry.npmjs.org/@listr2%2fprompt-adapter-inquirer 170ms (cache miss)
78 silly packumentCache full:https://registry.npmjs.org/@listr2%2fprompt-adapter-inquirer set size:undefined disposed:false
79 http fetch GET 200 https://registry.npmjs.org/parse5-html-rewriting-stream 931ms (cache miss)
80 silly packumentCache full:https://registry.npmjs.org/parse5-html-rewriting-stream set size:undefined disposed:false
81 http fetch GET 200 https://registry.npmjs.org/zod 2745ms (cache updated)
82 silly packumentCache full:https://registry.npmjs.org/zod set size:undefined disposed:false
83 http fetch GET 200 https://registry.npmjs.org/@angular-devkit%2fcore 2614ms (cache miss)
84 silly packumentCache full:https://registry.npmjs.org/@angular-devkit%2fcore set size:undefined disposed:false
85 http fetch GET 200 https://registry.npmjs.org/@angular-devkit%2fschematics 2403ms (cache miss)
86 silly packumentCache full:https://registry.npmjs.org/@angular-devkit%2fschematics set size:undefined disposed:false
87 http fetch GET 200 https://registry.npmjs.org/@schematics%2fangular 3355ms (cache miss)
88 silly packumentCache full:https://registry.npmjs.org/@schematics%2fangular set size:undefined disposed:false
89 http fetch GET 200 https://registry.npmjs.org/@angular-devkit%2farchitect 3246ms (cache miss)
90 silly packumentCache full:https://registry.npmjs.org/@angular-devkit%2farchitect set size:undefined disposed:false
91 silly fetch manifest @types/node@>=18
92 silly packumentCache full:https://registry.npmjs.org/@types%2fnode cache-miss
93 http fetch GET 200 https://registry.npmjs.org/@types%2fnode 3079ms (cache updated)
94 silly packumentCache full:https://registry.npmjs.org/@types%2fnode set size:undefined disposed:false
95 silly fetch manifest chokidar@^5.0.0
96 silly packumentCache full:https://registry.npmjs.org/chokidar cache-miss
97 http fetch GET 200 https://registry.npmjs.org/chokidar 26ms (cache revalidated)
98 silly packumentCache full:https://registry.npmjs.org/chokidar set size:255902 disposed:false
99 silly fetch manifest @cfworker/json-schema@^4.1.1
100 silly packumentCache full:https://registry.npmjs.org/@cfworker%2fjson-schema cache-miss
101 http fetch GET 200 https://registry.npmjs.org/@cfworker%2fjson-schema 342ms (cache miss)
102 silly packumentCache full:https://registry.npmjs.org/@cfworker%2fjson-schema set size:undefined disposed:false
103 silly placeDep node_modules/@angular/cli @angular-devkit/architect@0.2102.11 OK for: @angular/cli@21.2.11 want: 0.2102.11
104 silly placeDep node_modules/@angular/cli @angular-devkit/core@21.2.11 OK for: @angular/cli@21.2.11 want: 21.2.11
105 silly placeDep node_modules/@angular/cli @angular-devkit/schematics@21.2.11 OK for: @angular/cli@21.2.11 want: 21.2.11
106 silly placeDep node_modules/@angular/cli @inquirer/prompts@7.10.1 OK for: @angular/cli@21.2.11 want: 7.10.1
107 silly placeDep node_modules/@angular/cli @listr2/prompt-adapter-inquirer@3.0.5 OK for: @angular/cli@21.2.11 want: 3.0.5
108 silly placeDep node_modules/@angular/cli listr2@9.0.5 OK for: @listr2/prompt-adapter-inquirer@3.0.5 want: 9.0.5
109 silly placeDep node_modules/@angular/cli @modelcontextprotocol/sdk@1.26.0 OK for: @angular/cli@21.2.11 want: 1.26.0
110 silly placeDep node_modules/@angular/cli @schematics/angular@21.2.11 OK for: @angular/cli@21.2.11 want: 21.2.11
111 silly placeDep node_modules/@angular/cli @yarnpkg/lockfile@1.1.0 OK for: @angular/cli@21.2.11 want: 1.1.0
112 silly placeDep node_modules/@angular/cli algoliasearch@5.48.1 OK for: @angular/cli@21.2.11 want: 5.48.1
113 silly placeDep node_modules/@angular/cli ini@6.0.0 OK for: @angular/cli@21.2.11 want: 6.0.0
114 silly placeDep node_modules/@angular/cli jsonc-parser@3.3.1 OK for: @angular/cli@21.2.11 want: 3.3.1
115 silly placeDep node_modules/@angular/cli npm-package-arg@13.0.2 OK for: @angular/cli@21.2.11 want: 13.0.2
116 silly placeDep node_modules/@angular/cli pacote@21.3.1 OK for: @angular/cli@21.2.11 want: 21.3.1
117 silly placeDep node_modules/@angular/cli parse5-html-rewriting-stream@8.0.0 OK for: @angular/cli@21.2.11 want: 8.0.0
118 silly placeDep node_modules/@angular/cli semver@7.7.4 OK for: @angular/cli@21.2.11 want: 7.7.4
119 silly placeDep node_modules/@angular/cli yargs@18.0.0 OK for: @angular/cli@21.2.11 want: 18.0.0
120 silly placeDep node_modules/@angular/cli zod@4.3.6 OK for: @angular/cli@21.2.11 want: 4.3.6
121 silly fetch manifest rxjs@7.8.2
122 silly packumentCache full:https://registry.npmjs.org/rxjs cache-miss
123 silly fetch manifest ajv@8.18.0
124 silly packumentCache full:https://registry.npmjs.org/ajv cache-miss
125 silly fetch manifest rxjs@7.8.2
126 silly packumentCache full:https://registry.npmjs.org/rxjs cache-miss
127 silly fetch manifest picomatch@4.0.4
128 silly packumentCache full:https://registry.npmjs.org/picomatch cache-miss
129 silly fetch manifest source-map@0.7.6
130 silly packumentCache full:https://registry.npmjs.org/source-map cache-miss
131 silly fetch manifest ajv-formats@3.0.1
132 silly packumentCache full:https://registry.npmjs.org/ajv-formats cache-miss
133 silly fetch manifest ora@9.3.0
134 silly packumentCache full:https://registry.npmjs.org/ora cache-miss
135 http fetch GET 200 https://registry.npmjs.org/ajv-formats 26ms (cache revalidated)
136 silly packumentCache full:https://registry.npmjs.org/ajv-formats set size:141264 disposed:false
137 silly fetch manifest rxjs@7.8.2
138 silly packumentCache full:https://registry.npmjs.org/rxjs cache-miss
139 http fetch GET 200 https://registry.npmjs.org/picomatch 38ms (cache updated)
140 silly packumentCache full:https://registry.npmjs.org/picomatch set size:undefined disposed:false
141 silly fetch manifest magic-string@0.30.21
142 silly packumentCache full:https://registry.npmjs.org/magic-string cache-miss
143 http fetch GET 200 https://registry.npmjs.org/ora 67ms (cache miss)
144 silly packumentCache full:https://registry.npmjs.org/ora set size:undefined disposed:false
145 silly fetch manifest @inquirer/input@^4.3.1
146 silly packumentCache full:https://registry.npmjs.org/@inquirer%2finput cache-miss
147 http fetch GET 200 https://registry.npmjs.org/source-map 71ms (cache updated)
148 silly packumentCache full:https://registry.npmjs.org/source-map set size:undefined disposed:false
149 silly fetch manifest @inquirer/editor@^4.2.23
150 silly packumentCache full:https://registry.npmjs.org/@inquirer%2feditor cache-miss
151 http fetch GET 200 https://registry.npmjs.org/magic-string 351ms (cache updated)
152 silly packumentCache full:https://registry.npmjs.org/magic-string set size:undefined disposed:false
153 silly fetch manifest @inquirer/expand@^4.0.23
154 silly packumentCache full:https://registry.npmjs.org/@inquirer%2fexpand cache-miss
155 http fetch GET 200 https://registry.npmjs.org/@inquirer%2finput 447ms (cache miss)
156 silly packumentCache full:https://registry.npmjs.org/@inquirer%2finput set size:undefined disposed:false
157 silly fetch manifest @inquirer/number@^3.0.23
158 silly packumentCache full:https://registry.npmjs.org/@inquirer%2fnumber cache-miss
159 http fetch GET 200 https://registry.npmjs.org/@inquirer%2feditor 448ms (cache miss)
160 silly packumentCache full:https://registry.npmjs.org/@inquirer%2feditor set size:undefined disposed:false
161 silly fetch manifest @inquirer/search@^3.2.2
162 silly packumentCache full:https://registry.npmjs.org/@inquirer%2fsearch cache-miss
163 http fetch GET 200 https://registry.npmjs.org/rxjs 561ms (cache miss)
164 silly packumentCache full:https://registry.npmjs.org/rxjs set size:undefined disposed:false
165 silly fetch manifest @inquirer/select@^4.4.2
166 silly packumentCache full:https://registry.npmjs.org/@inquirer%2fselect cache-miss
167 http fetch GET 200 https://registry.npmjs.org/rxjs 683ms (cache miss)
168 silly packumentCache full:https://registry.npmjs.org/rxjs set size:undefined disposed:false
169 silly fetch manifest @inquirer/confirm@^5.1.21
170 silly packumentCache full:https://registry.npmjs.org/@inquirer%2fconfirm cache-miss
171 http fetch GET 200 https://registry.npmjs.org/@inquirer%2fsearch 169ms (cache miss)
172 silly packumentCache full:https://registry.npmjs.org/@inquirer%2fsearch set size:undefined disposed:false
173 silly fetch manifest @inquirer/rawlist@^4.1.11
174 silly packumentCache full:https://registry.npmjs.org/@inquirer%2frawlist cache-miss
175 http fetch GET 200 https://registry.npmjs.org/@inquirer%2fexpand 316ms (cache miss)
176 silly packumentCache full:https://registry.npmjs.org/@inquirer%2fexpand set size:undefined disposed:false
177 silly fetch manifest @inquirer/checkbox@^4.3.2
178 silly packumentCache full:https://registry.npmjs.org/@inquirer%2fcheckbox cache-miss
179 http fetch GET 200 https://registry.npmjs.org/rxjs 757ms (cache miss)
180 silly packumentCache full:https://registry.npmjs.org/rxjs set size:undefined disposed:false
181 silly fetch manifest @inquirer/password@^4.0.23
182 silly packumentCache full:https://registry.npmjs.org/@inquirer%2fpassword cache-miss
183 http fetch GET 200 https://registry.npmjs.org/@inquirer%2fselect 314ms (cache miss)
184 silly packumentCache full:https://registry.npmjs.org/@inquirer%2fselect set size:undefined disposed:false
185 silly fetch manifest @inquirer/type@^3.0.8
186 silly packumentCache full:https://registry.npmjs.org/@inquirer%2ftype cache-miss
187 http fetch GET 200 https://registry.npmjs.org/@inquirer%2fnumber 508ms (cache miss)
188 silly packumentCache full:https://registry.npmjs.org/@inquirer%2fnumber set size:undefined disposed:false
189 silly fetch manifest rfdc@^1.4.1
190 silly packumentCache full:https://registry.npmjs.org/rfdc cache-miss
191 http fetch GET 200 https://registry.npmjs.org/@inquirer%2ftype 145ms (cache miss)
192 silly packumentCache full:https://registry.npmjs.org/@inquirer%2ftype set size:undefined disposed:false
193 silly fetch manifest colorette@^2.0.20
194 silly packumentCache full:https://registry.npmjs.org/colorette cache-miss
195 http fetch GET 200 https://registry.npmjs.org/@inquirer%2frawlist 343ms (cache miss)
196 silly packumentCache full:https://registry.npmjs.org/@inquirer%2frawlist set size:undefined disposed:false
197 silly fetch manifest wrap-ansi@^9.0.0
198 silly packumentCache full:https://registry.npmjs.org/wrap-ansi cache-miss
199 http fetch GET 200 https://registry.npmjs.org/@inquirer%2fcheckbox 332ms (cache miss)
200 silly packumentCache full:https://registry.npmjs.org/@inquirer%2fcheckbox set size:undefined disposed:false
201 silly fetch manifest log-update@^6.1.0
202 silly packumentCache full:https://registry.npmjs.org/log-update cache-miss
203 http fetch GET 200 https://registry.npmjs.org/@inquirer%2fconfirm 360ms (cache miss)
204 silly packumentCache full:https://registry.npmjs.org/@inquirer%2fconfirm set size:undefined disposed:false
205 silly fetch manifest cli-truncate@^5.0.0
206 silly packumentCache full:https://registry.npmjs.org/cli-truncate cache-miss
207 http fetch GET 200 https://registry.npmjs.org/@inquirer%2fpassword 265ms (cache miss)
208 silly packumentCache full:https://registry.npmjs.org/@inquirer%2fpassword set size:undefined disposed:false
209 silly fetch manifest eventemitter3@^5.0.1
210 silly packumentCache full:https://registry.npmjs.org/eventemitter3 cache-miss
211 http fetch GET 200 https://registry.npmjs.org/colorette 53ms (cache revalidated)
212 silly packumentCache full:https://registry.npmjs.org/colorette set size:92733 disposed:false
213 silly fetch manifest ajv@^8.17.1
214 silly packumentCache full:https://registry.npmjs.org/ajv cache-miss
215 http fetch GET 200 https://registry.npmjs.org/rfdc 60ms (cache miss)
216 silly packumentCache full:https://registry.npmjs.org/rfdc set size:undefined disposed:false
217 silly fetch manifest zod@^3.25 || ^4.0
218 silly packumentCache full:https://registry.npmjs.org/zod cache-miss
219 http cache https://registry.npmjs.org/zod 8ms (cache hit)
220 silly packumentCache full:https://registry.npmjs.org/zod set size:3552562 disposed:false
221 silly fetch manifest cors@^2.8.5
222 silly packumentCache full:https://registry.npmjs.org/cors cache-miss
223 http fetch GET 200 https://registry.npmjs.org/ajv 1122ms (cache updated)
224 silly packumentCache full:https://registry.npmjs.org/ajv set size:undefined disposed:false
225 silly fetch manifest hono@^4.11.4
226 silly packumentCache full:https://registry.npmjs.org/hono cache-miss
227 http fetch GET 200 https://registry.npmjs.org/cli-truncate 76ms (cache miss)
228 silly packumentCache full:https://registry.npmjs.org/cli-truncate set size:undefined disposed:false
229 silly fetch manifest jose@^6.1.3
230 silly packumentCache full:https://registry.npmjs.org/jose cache-miss
231 http fetch GET 200 https://registry.npmjs.org/wrap-ansi 91ms (cache updated)
232 silly packumentCache full:https://registry.npmjs.org/wrap-ansi set size:undefined disposed:false
233 silly fetch manifest express@^5.2.1
234 silly packumentCache full:https://registry.npmjs.org/express cache-miss
235 http fetch GET 200 https://registry.npmjs.org/eventemitter3 82ms (cache updated)
236 silly packumentCache full:https://registry.npmjs.org/eventemitter3 set size:undefined disposed:false
237 silly fetch manifest raw-body@^3.0.0
238 silly packumentCache full:https://registry.npmjs.org/raw-body cache-miss
239 http fetch GET 200 https://registry.npmjs.org/log-update 97ms (cache miss)
240 silly packumentCache full:https://registry.npmjs.org/log-update set size:undefined disposed:false
241 silly fetch manifest ajv-formats@^3.0.1
242 silly packumentCache full:https://registry.npmjs.org/ajv-formats cache-hit
243 silly fetch manifest cross-spawn@^7.0.5
244 silly packumentCache full:https://registry.npmjs.org/cross-spawn cache-miss
245 http fetch GET 200 https://registry.npmjs.org/cors 37ms (cache revalidated)
246 silly packumentCache full:https://registry.npmjs.org/cors set size:77956 disposed:false
247 silly fetch manifest eventsource@^3.0.2
248 silly packumentCache full:https://registry.npmjs.org/eventsource cache-miss
249 http fetch GET 200 https://registry.npmjs.org/cross-spawn 26ms (cache revalidated)
250 silly packumentCache full:https://registry.npmjs.org/cross-spawn set size:109066 disposed:false
251 silly fetch manifest content-type@^1.0.5
252 silly packumentCache full:https://registry.npmjs.org/content-type cache-miss
253 http fetch GET 200 https://registry.npmjs.org/content-type 68ms (cache updated)
254 silly packumentCache full:https://registry.npmjs.org/content-type set size:undefined disposed:false
255 silly fetch manifest pkce-challenge@^5.0.0
256 silly packumentCache full:https://registry.npmjs.org/pkce-challenge cache-miss
257 http fetch GET 200 https://registry.npmjs.org/raw-body 184ms (cache updated)
258 silly packumentCache full:https://registry.npmjs.org/raw-body set size:undefined disposed:false
259 silly fetch manifest @hono/node-server@^1.19.9
260 silly packumentCache full:https://registry.npmjs.org/@hono%2fnode-server cache-miss
261 http fetch GET 200 https://registry.npmjs.org/eventsource 181ms (cache miss)
262 silly packumentCache full:https://registry.npmjs.org/eventsource set size:undefined disposed:false
263 silly fetch manifest json-schema-typed@^8.0.2
264 silly packumentCache full:https://registry.npmjs.org/json-schema-typed cache-miss
265 http fetch GET 200 https://registry.npmjs.org/pkce-challenge 107ms (cache miss)
266 silly packumentCache full:https://registry.npmjs.org/pkce-challenge set size:undefined disposed:false
267 silly fetch manifest eventsource-parser@^3.0.0
268 silly packumentCache full:https://registry.npmjs.org/eventsource-parser cache-miss
269 http fetch GET 200 https://registry.npmjs.org/json-schema-typed 79ms (cache miss)
270 silly packumentCache full:https://registry.npmjs.org/json-schema-typed set size:undefined disposed:false
271 silly fetch manifest express-rate-limit@^8.2.1
272 silly packumentCache full:https://registry.npmjs.org/express-rate-limit cache-miss
273 http fetch GET 200 https://registry.npmjs.org/eventsource-parser 206ms (cache miss)
274 silly packumentCache full:https://registry.npmjs.org/eventsource-parser set size:undefined disposed:false
275 silly fetch manifest zod-to-json-schema@^3.25.1
276 silly packumentCache full:https://registry.npmjs.org/zod-to-json-schema cache-miss
277 http fetch GET 200 https://registry.npmjs.org/@hono%2fnode-server 269ms (cache updated)
278 silly packumentCache full:https://registry.npmjs.org/@hono%2fnode-server set size:undefined disposed:false
279 silly fetch manifest @algolia/abtesting@1.14.1
280 silly packumentCache full:https://registry.npmjs.org/@algolia%2fabtesting cache-miss
281 http fetch GET 200 https://registry.npmjs.org/@algolia%2fabtesting 167ms (cache miss)
282 silly packumentCache full:https://registry.npmjs.org/@algolia%2fabtesting set size:undefined disposed:false
283 silly fetch manifest @algolia/ingestion@1.48.1
284 silly packumentCache full:https://registry.npmjs.org/@algolia%2fingestion cache-miss
285 http fetch GET 200 https://registry.npmjs.org/express-rate-limit 553ms (cache miss)
286 silly packumentCache full:https://registry.npmjs.org/express-rate-limit set size:undefined disposed:false
287 silly fetch manifest @algolia/recommend@5.48.1
288 silly packumentCache full:https://registry.npmjs.org/@algolia%2frecommend cache-miss
289 http fetch GET 200 https://registry.npmjs.org/ajv 990ms (cache updated)
290 silly packumentCache full:https://registry.npmjs.org/ajv set size:undefined disposed:false
291 silly fetch manifest @algolia/monitoring@1.48.1
292 silly packumentCache full:https://registry.npmjs.org/@algolia%2fmonitoring cache-miss
293 http fetch GET 200 https://registry.npmjs.org/zod-to-json-schema 533ms (cache miss)
294 silly packumentCache full:https://registry.npmjs.org/zod-to-json-schema set size:undefined disposed:false
295 silly fetch manifest @algolia/client-common@5.48.1
296 silly packumentCache full:https://registry.npmjs.org/@algolia%2fclient-common cache-miss
297 http fetch GET 200 https://registry.npmjs.org/express 1003ms (cache updated)
298 silly packumentCache full:https://registry.npmjs.org/express set size:undefined disposed:false
299 silly fetch manifest @algolia/client-search@5.48.1
300 silly packumentCache full:https://registry.npmjs.org/@algolia%2fclient-search cache-miss
301 http fetch GET 200 https://registry.npmjs.org/jose 1037ms (cache miss)
302 silly packumentCache full:https://registry.npmjs.org/jose set size:undefined disposed:false
303 silly fetch manifest @algolia/client-insights@5.48.1
304 silly packumentCache full:https://registry.npmjs.org/@algolia%2fclient-insights cache-miss
305 http fetch GET 200 https://registry.npmjs.org/@algolia%2fingestion 578ms (cache miss)
306 silly packumentCache full:https://registry.npmjs.org/@algolia%2fingestion set size:undefined disposed:false
307 silly fetch manifest @algolia/requester-fetch@5.48.1
308 silly packumentCache full:https://registry.npmjs.org/@algolia%2frequester-fetch cache-miss
309 http fetch GET 200 https://registry.npmjs.org/@algolia%2fmonitoring 393ms (cache miss)
310 silly packumentCache full:https://registry.npmjs.org/@algolia%2fmonitoring set size:undefined disposed:false
311 silly fetch manifest @algolia/client-abtesting@5.48.1
312 silly packumentCache full:https://registry.npmjs.org/@algolia%2fclient-abtesting cache-miss
313 http fetch GET 200 https://registry.npmjs.org/@algolia%2frecommend 962ms (cache miss)
314 silly packumentCache full:https://registry.npmjs.org/@algolia%2frecommend set size:undefined disposed:false
315 silly fetch manifest @algolia/client-analytics@5.48.1
316 silly packumentCache full:https://registry.npmjs.org/@algolia%2fclient-analytics cache-miss
317 http fetch GET 200 https://registry.npmjs.org/hono 1826ms (cache updated)
318 silly packumentCache full:https://registry.npmjs.org/hono set size:undefined disposed:false
319 silly fetch manifest @algolia/requester-node-http@5.48.1
320 silly packumentCache full:https://registry.npmjs.org/@algolia%2frequester-node-http cache-miss
321 http fetch GET 200 https://registry.npmjs.org/@algolia%2fclient-insights 812ms (cache miss)
322 silly packumentCache full:https://registry.npmjs.org/@algolia%2fclient-insights set size:undefined disposed:false
323 silly fetch manifest @algolia/requester-browser-xhr@5.48.1
324 silly packumentCache full:https://registry.npmjs.org/@algolia%2frequester-browser-xhr cache-miss
325 http fetch GET 200 https://registry.npmjs.org/@algolia%2fclient-common 1051ms (cache miss)
326 silly packumentCache full:https://registry.npmjs.org/@algolia%2fclient-common set size:undefined disposed:false
327 silly fetch manifest @algolia/client-personalization@5.48.1
328 silly packumentCache full:https://registry.npmjs.org/@algolia%2fclient-personalization cache-miss
329 http fetch GET 200 https://registry.npmjs.org/@algolia%2frequester-fetch 871ms (cache miss)
330 silly packumentCache full:https://registry.npmjs.org/@algolia%2frequester-fetch set size:undefined disposed:false
331 silly fetch manifest @algolia/client-query-suggestions@5.48.1
332 silly packumentCache full:https://registry.npmjs.org/@algolia%2fclient-query-suggestions cache-miss
333 http fetch GET 200 https://registry.npmjs.org/@algolia%2fclient-abtesting 796ms (cache miss)
334 silly packumentCache full:https://registry.npmjs.org/@algolia%2fclient-abtesting set size:undefined disposed:false
335 silly fetch manifest semver@^7.3.5
336 silly packumentCache full:https://registry.npmjs.org/semver cache-miss
337 http cache https://registry.npmjs.org/semver 3ms (cache hit)
338 silly packumentCache full:https://registry.npmjs.org/semver set size:233058 disposed:false
339 silly fetch manifest proc-log@^6.0.0
340 silly packumentCache full:https://registry.npmjs.org/proc-log cache-miss
341 http fetch GET 200 https://registry.npmjs.org/proc-log 139ms (cache miss)
342 silly packumentCache full:https://registry.npmjs.org/proc-log set size:undefined disposed:false
343 silly fetch manifest hosted-git-info@^9.0.0
344 silly packumentCache full:https://registry.npmjs.org/hosted-git-info cache-miss
345 http fetch GET 200 https://registry.npmjs.org/@algolia%2fclient-search 1382ms (cache miss)
346 silly packumentCache full:https://registry.npmjs.org/@algolia%2fclient-search set size:undefined disposed:false
347 silly fetch manifest validate-npm-package-name@^7.0.0
348 silly packumentCache full:https://registry.npmjs.org/validate-npm-package-name cache-miss
349 http fetch GET 200 https://registry.npmjs.org/hosted-git-info 282ms (cache miss)
350 silly packumentCache full:https://registry.npmjs.org/hosted-git-info set size:undefined disposed:false
351 silly fetch manifest tar@^7.4.3
352 silly packumentCache full:https://registry.npmjs.org/tar cache-miss
353 http fetch GET 200 https://registry.npmjs.org/@algolia%2fclient-query-suggestions 654ms (cache miss)
354 silly packumentCache full:https://registry.npmjs.org/@algolia%2fclient-query-suggestions set size:undefined disposed:false
355 silly fetch manifest ssri@^13.0.0
356 silly packumentCache full:https://registry.npmjs.org/ssri cache-miss
357 http fetch GET 200 https://registry.npmjs.org/@algolia%2frequester-browser-xhr 931ms (cache miss)
358 silly packumentCache full:https://registry.npmjs.org/@algolia%2frequester-browser-xhr set size:undefined disposed:false
359 silly fetch manifest cacache@^20.0.0
360 silly packumentCache full:https://registry.npmjs.org/cacache cache-miss
361 http fetch GET 200 https://registry.npmjs.org/@algolia%2fclient-personalization 835ms (cache miss)
362 silly packumentCache full:https://registry.npmjs.org/@algolia%2fclient-personalization set size:undefined disposed:false
363 silly fetch manifest minipass@^7.0.2
364 silly packumentCache full:https://registry.npmjs.org/minipass cache-miss
365 http fetch GET 200 https://registry.npmjs.org/tar 456ms (cache updated)
366 silly packumentCache full:https://registry.npmjs.org/tar set size:undefined disposed:false
367 silly fetch manifest sigstore@^4.0.0
368 silly packumentCache full:https://registry.npmjs.org/sigstore cache-miss
369 http fetch GET 200 https://registry.npmjs.org/validate-npm-package-name 666ms (cache updated)
370 silly packumentCache full:https://registry.npmjs.org/validate-npm-package-name set size:undefined disposed:false
371 silly fetch manifest @npmcli/git@^7.0.0
372 silly packumentCache full:https://registry.npmjs.org/@npmcli%2fgit cache-miss
373 http fetch GET 200 https://registry.npmjs.org/@algolia%2fclient-analytics 1260ms (cache miss)
374 silly packumentCache full:https://registry.npmjs.org/@algolia%2fclient-analytics set size:undefined disposed:false
375 silly fetch manifest fs-minipass@^3.0.0
376 silly packumentCache full:https://registry.npmjs.org/fs-minipass cache-miss
377 http fetch GET 200 https://registry.npmjs.org/@algolia%2frequester-node-http 1229ms (cache miss)
378 silly packumentCache full:https://registry.npmjs.org/@algolia%2frequester-node-http set size:undefined disposed:false
379 silly fetch manifest npm-packlist@^10.0.1
380 silly packumentCache full:https://registry.npmjs.org/npm-packlist cache-miss
381 http fetch GET 200 https://registry.npmjs.org/ssri 310ms (cache miss)
382 silly packumentCache full:https://registry.npmjs.org/ssri set size:undefined disposed:false
383 silly fetch manifest promise-retry@^2.0.1
384 silly packumentCache full:https://registry.npmjs.org/promise-retry cache-miss
385 http fetch GET 200 https://registry.npmjs.org/promise-retry 89ms (cache miss)
386 silly packumentCache full:https://registry.npmjs.org/promise-retry set size:undefined disposed:false
387 silly fetch manifest npm-pick-manifest@^11.0.1
388 silly packumentCache full:https://registry.npmjs.org/npm-pick-manifest cache-miss
389 http fetch GET 200 https://registry.npmjs.org/sigstore 147ms (cache miss)
390 silly packumentCache full:https://registry.npmjs.org/sigstore set size:undefined disposed:false
391 silly fetch manifest @npmcli/run-script@^10.0.0
392 silly packumentCache full:https://registry.npmjs.org/@npmcli%2frun-script cache-miss
393 http fetch GET 200 https://registry.npmjs.org/cacache 412ms (cache miss)
394 silly packumentCache full:https://registry.npmjs.org/cacache set size:undefined disposed:false
395 silly fetch manifest npm-registry-fetch@^19.0.0
396 silly packumentCache full:https://registry.npmjs.org/npm-registry-fetch cache-miss
397 http fetch GET 200 https://registry.npmjs.org/fs-minipass 146ms (cache miss)
398 silly packumentCache full:https://registry.npmjs.org/fs-minipass set size:undefined disposed:false
399 silly fetch manifest @npmcli/package-json@^7.0.0
400 silly packumentCache full:https://registry.npmjs.org/@npmcli%2fpackage-json cache-miss
401 http fetch GET 200 https://registry.npmjs.org/minipass 373ms (cache updated)
402 silly packumentCache full:https://registry.npmjs.org/minipass set size:undefined disposed:false
403 silly fetch manifest @npmcli/promise-spawn@^9.0.0
404 silly packumentCache full:https://registry.npmjs.org/@npmcli%2fpromise-spawn cache-miss
405 http fetch GET 200 https://registry.npmjs.org/@npmcli%2fgit 175ms (cache miss)
406 silly packumentCache full:https://registry.npmjs.org/@npmcli%2fgit set size:undefined disposed:false
407 silly fetch manifest @npmcli/installed-package-contents@^4.0.0
408 silly packumentCache full:https://registry.npmjs.org/@npmcli%2finstalled-package-contents cache-miss
409 http fetch GET 200 https://registry.npmjs.org/npm-pick-manifest 176ms (cache miss)
410 silly packumentCache full:https://registry.npmjs.org/npm-pick-manifest set size:undefined disposed:false
411 silly fetch manifest parse5@^8.0.0
412 silly packumentCache full:https://registry.npmjs.org/parse5 cache-miss
413 http fetch GET 200 https://registry.npmjs.org/@npmcli%2finstalled-package-contents 132ms (cache miss)
414 silly packumentCache full:https://registry.npmjs.org/@npmcli%2finstalled-package-contents set size:undefined disposed:false
415 silly fetch manifest entities@^6.0.0
416 silly packumentCache full:https://registry.npmjs.org/entities cache-miss
417 http fetch GET 200 https://registry.npmjs.org/@npmcli%2fpackage-json 164ms (cache miss)
418 silly packumentCache full:https://registry.npmjs.org/@npmcli%2fpackage-json set size:undefined disposed:false
419 silly fetch manifest parse5-sax-parser@^8.0.0
420 silly packumentCache full:https://registry.npmjs.org/parse5-sax-parser cache-miss
421 http fetch GET 200 https://registry.npmjs.org/npm-packlist 482ms (cache miss)
422 silly packumentCache full:https://registry.npmjs.org/npm-packlist set size:undefined disposed:false
423 silly fetch manifest cliui@^9.0.1
424 silly packumentCache full:https://registry.npmjs.org/cliui cache-miss
425 http fetch GET 200 https://registry.npmjs.org/parse5-sax-parser 183ms (cache miss)
426 silly packumentCache full:https://registry.npmjs.org/parse5-sax-parser set size:undefined disposed:false
427 silly fetch manifest escalade@^3.1.1
428 silly packumentCache full:https://registry.npmjs.org/escalade cache-miss
429 http fetch GET 200 https://registry.npmjs.org/parse5 218ms (cache updated)
430 silly packumentCache full:https://registry.npmjs.org/parse5 set size:undefined disposed:false
431 silly fetch manifest get-caller-file@^2.0.5
432 silly packumentCache full:https://registry.npmjs.org/get-caller-file cache-miss
433 http fetch GET 200 https://registry.npmjs.org/@npmcli%2frun-script 373ms (cache miss)
434 silly packumentCache full:https://registry.npmjs.org/@npmcli%2frun-script set size:undefined disposed:false
435 silly fetch manifest string-width@^7.2.0
436 silly packumentCache full:https://registry.npmjs.org/string-width cache-miss
437 http fetch GET 200 https://registry.npmjs.org/npm-registry-fetch 369ms (cache miss)
438 silly packumentCache full:https://registry.npmjs.org/npm-registry-fetch set size:undefined disposed:false
439 silly fetch manifest y18n@^5.0.5
440 silly packumentCache full:https://registry.npmjs.org/y18n cache-miss
441 http fetch GET 200 https://registry.npmjs.org/entities 211ms (cache updated)
442 silly packumentCache full:https://registry.npmjs.org/entities set size:undefined disposed:false
443 silly fetch manifest yargs-parser@^22.0.0
444 silly packumentCache full:https://registry.npmjs.org/yargs-parser cache-miss
445 http fetch GET 200 https://registry.npmjs.org/cliui 35ms (cache revalidated)
446 silly packumentCache full:https://registry.npmjs.org/cliui set size:69089 disposed:false
447 http fetch GET 200 https://registry.npmjs.org/get-caller-file 31ms (cache revalidated)
448 silly packumentCache full:https://registry.npmjs.org/get-caller-file set size:26456 disposed:false
449 http fetch GET 200 https://registry.npmjs.org/escalade 34ms (cache revalidated)
450 silly packumentCache full:https://registry.npmjs.org/escalade set size:33724 disposed:false
451 http fetch GET 200 https://registry.npmjs.org/y18n 29ms (cache revalidated)
452 silly packumentCache full:https://registry.npmjs.org/y18n set size:76155 disposed:false
453 http fetch GET 200 https://registry.npmjs.org/yargs-parser 24ms (cache revalidated)
454 silly packumentCache full:https://registry.npmjs.org/yargs-parser set size:238630 disposed:false
455 http fetch GET 200 https://registry.npmjs.org/string-width 67ms (cache updated)
456 silly packumentCache full:https://registry.npmjs.org/string-width set size:undefined disposed:false
457 http fetch GET 200 https://registry.npmjs.org/@npmcli%2fpromise-spawn 426ms (cache miss)
458 silly packumentCache full:https://registry.npmjs.org/@npmcli%2fpromise-spawn set size:undefined disposed:false
459 silly placeDep node_modules/@angular/cli rxjs@7.8.2 OK for: @angular-devkit/architect@0.2102.11 want: 7.8.2
460 silly fetch manifest tslib@^2.1.0
461 silly packumentCache full:https://registry.npmjs.org/tslib cache-miss
462 http fetch GET 200 https://registry.npmjs.org/tslib 22ms (cache revalidated)
463 silly packumentCache full:https://registry.npmjs.org/tslib set size:108760 disposed:false
464 silly placeDep node_modules/@angular/cli ajv@8.18.0 OK for: @angular-devkit/core@21.2.11 want: 8.18.0
465 silly placeDep node_modules/@angular/cli ajv-formats@3.0.1 OK for: @angular-devkit/core@21.2.11 want: 3.0.1
466 silly placeDep node_modules/@angular/cli picomatch@4.0.4 OK for: @angular-devkit/core@21.2.11 want: 4.0.4
467 silly placeDep node_modules/@angular/cli source-map@0.7.6 OK for: @angular-devkit/core@21.2.11 want: 0.7.6
468 silly fetch manifest fast-uri@^3.0.1
469 silly packumentCache full:https://registry.npmjs.org/fast-uri cache-miss
470 silly fetch manifest fast-deep-equal@^3.1.3
471 silly packumentCache full:https://registry.npmjs.org/fast-deep-equal cache-miss
472 silly fetch manifest require-from-string@^2.0.2
473 silly packumentCache full:https://registry.npmjs.org/require-from-string cache-miss
474 silly fetch manifest json-schema-traverse@^1.0.0
475 silly packumentCache full:https://registry.npmjs.org/json-schema-traverse cache-miss
476 http fetch GET 200 https://registry.npmjs.org/require-from-string 22ms (cache revalidated)
477 silly packumentCache full:https://registry.npmjs.org/require-from-string set size:15128 disposed:false
478 http fetch GET 200 https://registry.npmjs.org/fast-deep-equal 23ms (cache revalidated)
479 silly packumentCache full:https://registry.npmjs.org/fast-deep-equal set size:48634 disposed:false
480 http fetch GET 200 https://registry.npmjs.org/json-schema-traverse 28ms (cache revalidated)
481 silly packumentCache full:https://registry.npmjs.org/json-schema-traverse set size:23537 disposed:false
482 http fetch GET 200 https://registry.npmjs.org/fast-uri 108ms (cache updated)
483 silly packumentCache full:https://registry.npmjs.org/fast-uri set size:undefined disposed:false
484 silly placeDep node_modules/@angular/cli magic-string@0.30.21 OK for: @angular-devkit/schematics@21.2.11 want: 0.30.21
485 silly placeDep node_modules/@angular/cli ora@9.3.0 OK for: @angular-devkit/schematics@21.2.11 want: 9.3.0
486 silly fetch manifest @jridgewell/sourcemap-codec@^1.5.5
487 silly packumentCache full:https://registry.npmjs.org/@jridgewell%2fsourcemap-codec cache-miss
488 silly fetch manifest chalk@^5.6.2
489 silly packumentCache full:https://registry.npmjs.org/chalk cache-miss
490 silly fetch manifest cli-cursor@^5.0.0
491 silly packumentCache full:https://registry.npmjs.org/cli-cursor cache-miss
492 silly fetch manifest log-symbols@^7.0.1
493 silly packumentCache full:https://registry.npmjs.org/log-symbols cache-miss
494 silly fetch manifest cli-spinners@^3.2.0
495 silly packumentCache full:https://registry.npmjs.org/cli-spinners cache-miss
496 silly fetch manifest string-width@^8.1.0
497 silly packumentCache full:https://registry.npmjs.org/string-width cache-miss
498 silly fetch manifest is-interactive@^2.0.0
499 silly packumentCache full:https://registry.npmjs.org/is-interactive cache-miss
500 http cache https://registry.npmjs.org/string-width 7ms (cache hit)
501 silly packumentCache full:https://registry.npmjs.org/string-width set size:70381 disposed:false
502 silly fetch manifest stdin-discarder@^0.3.1
503 silly packumentCache full:https://registry.npmjs.org/stdin-discarder cache-miss
504 http fetch GET 200 https://registry.npmjs.org/chalk 29ms (cache revalidated)
505 silly packumentCache full:https://registry.npmjs.org/chalk set size:117861 disposed:false
506 silly fetch manifest is-unicode-supported@^2.1.0
507 silly packumentCache full:https://registry.npmjs.org/is-unicode-supported cache-miss
508 http fetch GET 200 https://registry.npmjs.org/log-symbols 39ms (cache miss)
509 silly packumentCache full:https://registry.npmjs.org/log-symbols set size:undefined disposed:false
510 http fetch GET 200 https://registry.npmjs.org/@jridgewell%2fsourcemap-codec 48ms (cache revalidated)
511 silly packumentCache full:https://registry.npmjs.org/@jridgewell%2fsourcemap-codec set size:59275 disposed:false
512 http fetch GET 200 https://registry.npmjs.org/stdin-discarder 40ms (cache miss)
513 silly packumentCache full:https://registry.npmjs.org/stdin-discarder set size:undefined disposed:false
514 http fetch GET 200 https://registry.npmjs.org/cli-spinners 58ms (cache miss)
515 silly packumentCache full:https://registry.npmjs.org/cli-spinners set size:undefined disposed:false
516 http fetch GET 200 https://registry.npmjs.org/cli-cursor 62ms (cache miss)
517 silly packumentCache full:https://registry.npmjs.org/cli-cursor set size:undefined disposed:false
518 http fetch GET 200 https://registry.npmjs.org/is-interactive 64ms (cache miss)
519 silly packumentCache full:https://registry.npmjs.org/is-interactive set size:undefined disposed:false
520 http fetch GET 200 https://registry.npmjs.org/is-unicode-supported 37ms (cache miss)
521 silly packumentCache full:https://registry.npmjs.org/is-unicode-supported set size:undefined disposed:false
522 silly placeDep node_modules/@angular/cli @inquirer/checkbox@4.3.2 OK for: @inquirer/prompts@7.10.1 want: ^4.3.2
523 silly placeDep node_modules/@angular/cli @inquirer/confirm@5.1.21 OK for: @inquirer/prompts@7.10.1 want: ^5.1.21
524 silly placeDep node_modules/@angular/cli @inquirer/editor@4.2.23 OK for: @inquirer/prompts@7.10.1 want: ^4.2.23
525 silly placeDep node_modules/@angular/cli @inquirer/expand@4.0.23 OK for: @inquirer/prompts@7.10.1 want: ^4.0.23
526 silly placeDep node_modules/@angular/cli @inquirer/input@4.3.1 OK for: @inquirer/prompts@7.10.1 want: ^4.3.1
527 silly placeDep node_modules/@angular/cli @inquirer/number@3.0.23 OK for: @inquirer/prompts@7.10.1 want: ^3.0.23
528 silly placeDep node_modules/@angular/cli @inquirer/password@4.0.23 OK for: @inquirer/prompts@7.10.1 want: ^4.0.23
529 silly placeDep node_modules/@angular/cli @inquirer/rawlist@4.1.11 OK for: @inquirer/prompts@7.10.1 want: ^4.1.11
530 silly placeDep node_modules/@angular/cli @inquirer/search@3.2.2 OK for: @inquirer/prompts@7.10.1 want: ^3.2.2
531 silly placeDep node_modules/@angular/cli @inquirer/select@4.4.2 OK for: @inquirer/prompts@7.10.1 want: ^4.4.2
532 silly fetch manifest @inquirer/ansi@^1.0.2
533 silly packumentCache full:https://registry.npmjs.org/@inquirer%2fansi cache-miss
534 silly fetch manifest @inquirer/core@^10.3.2
535 silly packumentCache full:https://registry.npmjs.org/@inquirer%2fcore cache-miss
536 silly fetch manifest @inquirer/type@^3.0.10
537 silly packumentCache full:https://registry.npmjs.org/@inquirer%2ftype cache-miss
538 silly fetch manifest yoctocolors-cjs@^2.1.3
539 silly packumentCache full:https://registry.npmjs.org/yoctocolors-cjs cache-miss
540 silly fetch manifest @inquirer/figures@^1.0.15
541 silly packumentCache full:https://registry.npmjs.org/@inquirer%2ffigures cache-miss
542 silly fetch manifest @inquirer/core@^10.3.2
543 silly packumentCache full:https://registry.npmjs.org/@inquirer%2fcore cache-miss
544 silly fetch manifest @inquirer/type@^3.0.10
545 silly packumentCache full:https://registry.npmjs.org/@inquirer%2ftype cache-miss
546 http cache https://registry.npmjs.org/@inquirer%2ftype 4ms (cache hit)
547 silly packumentCache full:https://registry.npmjs.org/@inquirer%2ftype set size:115206 disposed:false
548 silly fetch manifest @inquirer/core@^10.3.2
549 silly packumentCache full:https://registry.npmjs.org/@inquirer%2fcore cache-miss
550 http cache https://registry.npmjs.org/@inquirer%2ftype 7ms (cache hit)
551 silly packumentCache full:https://registry.npmjs.org/@inquirer%2ftype set size:115206 disposed:false
552 silly packumentCache full:https://registry.npmjs.org/@inquirer%2ftype dispose
553 silly fetch manifest @inquirer/external-editor@^1.0.3
554 silly packumentCache full:https://registry.npmjs.org/@inquirer%2fexternal-editor cache-miss
555 http fetch GET 200 https://registry.npmjs.org/@inquirer%2fansi 57ms (cache miss)
556 silly packumentCache full:https://registry.npmjs.org/@inquirer%2fansi set size:undefined disposed:false
557 silly fetch manifest @inquirer/core@^10.3.2
558 silly packumentCache full:https://registry.npmjs.org/@inquirer%2fcore cache-miss
559 http fetch GET 200 https://registry.npmjs.org/yoctocolors-cjs 59ms (cache miss)
560 silly packumentCache full:https://registry.npmjs.org/yoctocolors-cjs set size:undefined disposed:false
561 silly fetch manifest @inquirer/core@^10.3.2
562 silly packumentCache full:https://registry.npmjs.org/@inquirer%2fcore cache-miss
563 http fetch GET 200 https://registry.npmjs.org/@inquirer%2fexternal-editor 51ms (cache miss)
564 silly packumentCache full:https://registry.npmjs.org/@inquirer%2fexternal-editor set size:undefined disposed:false
565 silly fetch manifest @inquirer/core@^10.3.2
566 silly packumentCache full:https://registry.npmjs.org/@inquirer%2fcore cache-miss
567 http fetch GET 200 https://registry.npmjs.org/@inquirer%2ffigures 61ms (cache miss)
568 silly packumentCache full:https://registry.npmjs.org/@inquirer%2ffigures set size:undefined disposed:false
569 silly fetch manifest @inquirer/core@^10.3.2
570 silly packumentCache full:https://registry.npmjs.org/@inquirer%2fcore cache-miss
571 http fetch GET 200 https://registry.npmjs.org/@inquirer%2fcore 201ms (cache miss)
572 silly packumentCache full:https://registry.npmjs.org/@inquirer%2fcore set size:undefined disposed:false
573 http fetch GET 200 https://registry.npmjs.org/@inquirer%2fcore 166ms (cache miss)
574 silly packumentCache full:https://registry.npmjs.org/@inquirer%2fcore set size:undefined disposed:false
575 http fetch GET 200 https://registry.npmjs.org/@inquirer%2fcore 193ms (cache miss)
576 silly packumentCache full:https://registry.npmjs.org/@inquirer%2fcore set size:undefined disposed:false
577 http fetch GET 200 https://registry.npmjs.org/@inquirer%2fcore 227ms (cache miss)
578 silly packumentCache full:https://registry.npmjs.org/@inquirer%2fcore set size:undefined disposed:false
579 http fetch GET 200 https://registry.npmjs.org/@inquirer%2fcore 413ms (cache miss)
580 silly packumentCache full:https://registry.npmjs.org/@inquirer%2fcore set size:undefined disposed:false
581 http fetch GET 200 https://registry.npmjs.org/@inquirer%2fcore 719ms (cache miss)
582 silly packumentCache full:https://registry.npmjs.org/@inquirer%2fcore set size:undefined disposed:false
583 http fetch GET 200 https://registry.npmjs.org/@inquirer%2fcore 825ms (cache miss)
584 silly packumentCache full:https://registry.npmjs.org/@inquirer%2fcore set size:undefined disposed:false
585 silly placeDep node_modules/@angular/cli @inquirer/ansi@1.0.2 OK for: @inquirer/checkbox@4.3.2 want: ^1.0.2
586 silly placeDep node_modules/@angular/cli @inquirer/core@10.3.2 OK for: @inquirer/checkbox@4.3.2 want: ^10.3.2
587 silly placeDep node_modules/@angular/cli @inquirer/figures@1.0.15 OK for: @inquirer/checkbox@4.3.2 want: ^1.0.15
588 silly placeDep node_modules/@angular/cli @inquirer/type@3.0.10 OK for: @inquirer/checkbox@4.3.2 want: ^3.0.10
589 silly placeDep node_modules/@angular/cli yoctocolors-cjs@2.1.3 OK for: @inquirer/checkbox@4.3.2 want: ^2.1.3
590 silly fetch manifest cli-width@^4.1.0
591 silly packumentCache full:https://registry.npmjs.org/cli-width cache-miss
592 silly fetch manifest wrap-ansi@^6.2.0
593 silly packumentCache full:https://registry.npmjs.org/wrap-ansi cache-miss
594 silly fetch manifest mute-stream@^2.0.0
595 silly packumentCache full:https://registry.npmjs.org/mute-stream cache-miss
596 silly fetch manifest signal-exit@^4.1.0
597 silly packumentCache full:https://registry.npmjs.org/signal-exit cache-miss
598 http cache https://registry.npmjs.org/wrap-ansi 5ms (cache hit)
599 silly packumentCache full:https://registry.npmjs.org/wrap-ansi set size:55299 disposed:false
600 http fetch GET 200 https://registry.npmjs.org/signal-exit 27ms (cache revalidated)
601 silly packumentCache full:https://registry.npmjs.org/signal-exit set size:53489 disposed:false
602 http fetch GET 200 https://registry.npmjs.org/cli-width 34ms (cache miss)
603 silly packumentCache full:https://registry.npmjs.org/cli-width set size:undefined disposed:false
604 http fetch GET 200 https://registry.npmjs.org/mute-stream 37ms (cache miss)
605 silly packumentCache full:https://registry.npmjs.org/mute-stream set size:undefined disposed:false
606 silly placeDep node_modules/@angular/cli cli-width@4.1.0 OK for: @inquirer/core@10.3.2 want: ^4.1.0
607 silly placeDep node_modules/@angular/cli mute-stream@2.0.0 OK for: @inquirer/core@10.3.2 want: ^2.0.0
608 silly placeDep node_modules/@angular/cli signal-exit@4.1.0 OK for: @inquirer/core@10.3.2 want: ^4.1.0
609 silly placeDep node_modules/@angular/cli wrap-ansi@6.2.0 OK for: @inquirer/core@10.3.2 want: ^6.2.0
610 silly fetch manifest strip-ansi@^6.0.0
611 silly packumentCache full:https://registry.npmjs.org/strip-ansi cache-miss
612 silly fetch manifest ansi-styles@^4.0.0
613 silly packumentCache full:https://registry.npmjs.org/ansi-styles cache-miss
614 silly fetch manifest string-width@^4.1.0
615 silly packumentCache full:https://registry.npmjs.org/string-width cache-hit
616 http fetch GET 200 https://registry.npmjs.org/ansi-styles 25ms (cache revalidated)
617 silly packumentCache full:https://registry.npmjs.org/ansi-styles set size:63233 disposed:false
618 http fetch GET 200 https://registry.npmjs.org/strip-ansi 90ms (cache updated)
619 silly packumentCache full:https://registry.npmjs.org/strip-ansi set size:undefined disposed:false
620 silly placeDep node_modules/@angular/cli @inquirer/external-editor@1.0.3 OK for: @inquirer/editor@4.2.23 want: ^1.0.3
621 silly fetch manifest chardet@^2.1.1
622 silly packumentCache full:https://registry.npmjs.org/chardet cache-miss
623 silly fetch manifest iconv-lite@^0.7.0
624 silly packumentCache full:https://registry.npmjs.org/iconv-lite cache-miss
625 http fetch GET 200 https://registry.npmjs.org/iconv-lite 26ms (cache revalidated)
626 silly packumentCache full:https://registry.npmjs.org/iconv-lite set size:120557 disposed:false
627 http fetch GET 200 https://registry.npmjs.org/chardet 159ms (cache miss)
628 silly packumentCache full:https://registry.npmjs.org/chardet set size:undefined disposed:false
629 silly placeDep node_modules/@angular/cli chardet@2.1.1 OK for: @inquirer/external-editor@1.0.3 want: ^2.1.1
630 silly placeDep node_modules/@angular/cli iconv-lite@0.7.2 OK for: @inquirer/external-editor@1.0.3 want: ^0.7.0
631 silly fetch manifest safer-buffer@>= 2.1.2 < 3.0.0
632 silly packumentCache full:https://registry.npmjs.org/safer-buffer cache-miss
633 http fetch GET 200 https://registry.npmjs.org/safer-buffer 109ms (cache revalidated)
634 silly packumentCache full:https://registry.npmjs.org/safer-buffer set size:18521 disposed:false
635 silly placeDep node_modules/@angular/cli @hono/node-server@1.19.14 OK for: @modelcontextprotocol/sdk@1.26.0 want: ^1.19.9
636 silly placeDep node_modules/@angular/cli hono@4.12.18 OK for: @hono/node-server@1.19.14 want: ^4
637 silly placeDep node_modules/@angular/cli content-type@1.0.5 OK for: @modelcontextprotocol/sdk@1.26.0 want: ^1.0.5
638 silly placeDep node_modules/@angular/cli cors@2.8.6 OK for: @modelcontextprotocol/sdk@1.26.0 want: ^2.8.5
639 silly placeDep node_modules/@angular/cli cross-spawn@7.0.6 OK for: @modelcontextprotocol/sdk@1.26.0 want: ^7.0.5
640 silly placeDep node_modules/@angular/cli eventsource@3.0.7 OK for: @modelcontextprotocol/sdk@1.26.0 want: ^3.0.2
641 silly placeDep node_modules/@angular/cli eventsource-parser@3.0.8 OK for: @modelcontextprotocol/sdk@1.26.0 want: ^3.0.0
642 silly placeDep node_modules/@angular/cli express@5.2.1 OK for: @modelcontextprotocol/sdk@1.26.0 want: ^5.2.1
643 silly placeDep node_modules/@angular/cli express-rate-limit@8.5.2 OK for: @modelcontextprotocol/sdk@1.26.0 want: ^8.2.1
644 silly placeDep node_modules/@angular/cli jose@6.2.3 OK for: @modelcontextprotocol/sdk@1.26.0 want: ^6.1.3
645 silly placeDep node_modules/@angular/cli json-schema-typed@8.0.2 OK for: @modelcontextprotocol/sdk@1.26.0 want: ^8.0.2
646 silly placeDep node_modules/@angular/cli pkce-challenge@5.0.1 OK for: @modelcontextprotocol/sdk@1.26.0 want: ^5.0.0
647 silly placeDep node_modules/@angular/cli raw-body@3.0.2 OK for: @modelcontextprotocol/sdk@1.26.0 want: ^3.0.0
648 silly placeDep node_modules/@angular/cli zod-to-json-schema@3.25.2 OK for: @modelcontextprotocol/sdk@1.26.0 want: ^3.25.1
649 silly fetch manifest object-assign@^4
650 silly packumentCache full:https://registry.npmjs.org/object-assign cache-miss
651 silly fetch manifest vary@^1
652 silly packumentCache full:https://registry.npmjs.org/vary cache-miss
653 silly fetch manifest which@^2.0.1
654 silly packumentCache full:https://registry.npmjs.org/which cache-miss
655 silly fetch manifest path-key@^3.1.0
656 silly packumentCache full:https://registry.npmjs.org/path-key cache-miss
657 silly fetch manifest shebang-command@^2.0.0
658 silly packumentCache full:https://registry.npmjs.org/shebang-command cache-miss
659 silly fetch manifest eventsource-parser@^3.0.1
660 silly packumentCache full:https://registry.npmjs.org/eventsource-parser cache-miss
661 silly fetch manifest qs@^6.14.0
662 silly packumentCache full:https://registry.npmjs.org/qs cache-miss
663 http cache https://registry.npmjs.org/eventsource-parser 10ms (cache hit)
664 silly packumentCache full:https://registry.npmjs.org/eventsource-parser set size:72949 disposed:false
665 silly fetch manifest depd@^2.0.0
666 silly packumentCache full:https://registry.npmjs.org/depd cache-miss
667 http fetch GET 200 https://registry.npmjs.org/path-key 29ms (cache revalidated)
668 silly packumentCache full:https://registry.npmjs.org/path-key set size:16975 disposed:false
669 silly fetch manifest etag@^1.8.1
670 silly packumentCache full:https://registry.npmjs.org/etag cache-miss
671 http fetch GET 200 https://registry.npmjs.org/object-assign 34ms (cache revalidated)
672 silly packumentCache full:https://registry.npmjs.org/object-assign set size:28988 disposed:false
673 silly fetch manifest once@^1.4.0
674 silly packumentCache full:https://registry.npmjs.org/once cache-miss
675 http fetch GET 200 https://registry.npmjs.org/depd 26ms (cache revalidated)
676 silly packumentCache full:https://registry.npmjs.org/depd set size:40182 disposed:false
677 silly fetch manifest send@^1.1.0
678 silly packumentCache full:https://registry.npmjs.org/send cache-miss
679 http fetch GET 200 https://registry.npmjs.org/shebang-command 38ms (cache revalidated)
680 silly packumentCache full:https://registry.npmjs.org/shebang-command set size:8525 disposed:false
681 silly fetch manifest vary@^1.1.2
682 silly packumentCache full:https://registry.npmjs.org/vary cache-miss
683 http fetch GET 200 https://registry.npmjs.org/vary 41ms (cache updated)
684 silly packumentCache full:https://registry.npmjs.org/vary set size:undefined disposed:false
685 silly fetch manifest debug@^4.4.0
686 silly packumentCache full:https://registry.npmjs.org/debug cache-miss
687 http fetch GET 200 https://registry.npmjs.org/which 47ms (cache updated)
688 silly packumentCache full:https://registry.npmjs.org/which set size:undefined disposed:false
689 silly fetch manifest fresh@^2.0.0
690 silly packumentCache full:https://registry.npmjs.org/fresh cache-miss
691 http fetch GET 200 https://registry.npmjs.org/etag 22ms (cache revalidated)
692 silly packumentCache full:https://registry.npmjs.org/etag set size:30032 disposed:false
693 silly fetch manifest cookie@^0.7.1
694 silly packumentCache full:https://registry.npmjs.org/cookie cache-miss
695 http fetch GET 200 https://registry.npmjs.org/send 24ms (cache revalidated)
696 silly packumentCache full:https://registry.npmjs.org/send set size:152810 disposed:false
697 silly fetch manifest router@^2.2.0
698 silly packumentCache full:https://registry.npmjs.org/router cache-miss
699 http fetch GET 200 https://registry.npmjs.org/once 34ms (cache updated)
700 silly packumentCache full:https://registry.npmjs.org/once set size:undefined disposed:false
701 silly fetch manifest accepts@^2.0.0
702 silly packumentCache full:https://registry.npmjs.org/accepts cache-miss
703 http fetch GET 200 https://registry.npmjs.org/fresh 20ms (cache revalidated)
704 silly packumentCache full:https://registry.npmjs.org/fresh set size:25427 disposed:false
705 silly fetch manifest type-is@^2.0.1
706 silly packumentCache full:https://registry.npmjs.org/type-is cache-miss
707 http fetch GET 200 https://registry.npmjs.org/cookie 19ms (cache revalidated)
708 silly packumentCache full:https://registry.npmjs.org/cookie set size:72891 disposed:false
709 silly fetch manifest parseurl@^1.3.3
710 silly packumentCache full:https://registry.npmjs.org/parseurl cache-miss
711 http fetch GET 200 https://registry.npmjs.org/debug 36ms (cache revalidated)
712 silly packumentCache full:https://registry.npmjs.org/debug set size:195840 disposed:false
713 silly fetch manifest statuses@^2.0.1
714 silly packumentCache full:https://registry.npmjs.org/statuses cache-miss
715 http fetch GET 200 https://registry.npmjs.org/router 22ms (cache revalidated)
716 silly packumentCache full:https://registry.npmjs.org/router set size:116499 disposed:false
717 silly fetch manifest encodeurl@^2.0.0
718 silly packumentCache full:https://registry.npmjs.org/encodeurl cache-miss
719 http fetch GET 200 https://registry.npmjs.org/parseurl 19ms (cache revalidated)
720 silly packumentCache full:https://registry.npmjs.org/parseurl set size:24148 disposed:false
721 silly fetch manifest mime-types@^3.0.0
722 silly packumentCache full:https://registry.npmjs.org/mime-types cache-miss
723 http fetch GET 200 https://registry.npmjs.org/vary 58ms (cache updated)
724 silly packumentCache full:https://registry.npmjs.org/vary set size:undefined disposed:false
725 silly fetch manifest proxy-addr@^2.0.7
726 silly packumentCache full:https://registry.npmjs.org/proxy-addr cache-miss
727 http fetch GET 200 https://registry.npmjs.org/accepts 34ms (cache revalidated)
728 silly packumentCache full:https://registry.npmjs.org/accepts set size:77054 disposed:false
729 silly fetch manifest body-parser@^2.2.1
730 silly packumentCache full:https://registry.npmjs.org/body-parser cache-miss
731 http fetch GET 200 https://registry.npmjs.org/statuses 27ms (cache revalidated)
732 silly packumentCache full:https://registry.npmjs.org/statuses set size:37117 disposed:false
733 silly fetch manifest escape-html@^1.0.3
734 silly packumentCache full:https://registry.npmjs.org/escape-html cache-miss
735 http fetch GET 200 https://registry.npmjs.org/encodeurl 21ms (cache revalidated)
736 silly packumentCache full:https://registry.npmjs.org/encodeurl set size:12296 disposed:false
737 silly fetch manifest http-errors@^2.0.0
738 silly packumentCache full:https://registry.npmjs.org/http-errors cache-miss
739 http fetch GET 200 https://registry.npmjs.org/type-is 43ms (cache updated)
740 silly packumentCache full:https://registry.npmjs.org/type-is set size:undefined disposed:false
741 silly fetch manifest on-finished@^2.4.1
742 silly packumentCache full:https://registry.npmjs.org/on-finished cache-miss
743 http fetch GET 200 https://registry.npmjs.org/mime-types 23ms (cache revalidated)
744 silly packumentCache full:https://registry.npmjs.org/mime-types set size:139110 disposed:false
745 silly fetch manifest finalhandler@^2.1.0
746 silly packumentCache full:https://registry.npmjs.org/finalhandler cache-miss
747 http fetch GET 200 https://registry.npmjs.org/proxy-addr 20ms (cache revalidated)
748 silly packumentCache full:https://registry.npmjs.org/proxy-addr set size:61619 disposed:false
749 silly fetch manifest range-parser@^1.2.1
750 silly packumentCache full:https://registry.npmjs.org/range-parser cache-miss
751 http fetch GET 200 https://registry.npmjs.org/http-errors 21ms (cache revalidated)
752 silly packumentCache full:https://registry.npmjs.org/http-errors set size:71987 disposed:false
753 silly fetch manifest serve-static@^2.2.0
754 silly packumentCache full:https://registry.npmjs.org/serve-static cache-miss
755 http fetch GET 200 https://registry.npmjs.org/escape-html 27ms (cache revalidated)
756 silly packumentCache full:https://registry.npmjs.org/escape-html set size:7345 disposed:false
757 silly fetch manifest cookie-signature@^1.2.1
758 silly packumentCache full:https://registry.npmjs.org/cookie-signature cache-miss
759 http fetch GET 200 https://registry.npmjs.org/finalhandler 21ms (cache revalidated)
760 silly packumentCache full:https://registry.npmjs.org/finalhandler set size:79291 disposed:false
761 silly fetch manifest merge-descriptors@^2.0.0
762 silly packumentCache full:https://registry.npmjs.org/merge-descriptors cache-miss
763 http fetch GET 200 https://registry.npmjs.org/on-finished 24ms (cache revalidated)
764 silly packumentCache full:https://registry.npmjs.org/on-finished set size:23212 disposed:false
765 silly fetch manifest content-disposition@^1.0.0
766 silly packumentCache full:https://registry.npmjs.org/content-disposition cache-miss
767 http fetch GET 200 https://registry.npmjs.org/range-parser 20ms (cache revalidated)
768 silly packumentCache full:https://registry.npmjs.org/range-parser set size:22228 disposed:false
769 silly fetch manifest ip-address@^10.2.0
770 silly packumentCache full:https://registry.npmjs.org/ip-address cache-miss
771 http fetch GET 200 https://registry.npmjs.org/serve-static 28ms (cache revalidated)
772 silly packumentCache full:https://registry.npmjs.org/serve-static set size:150391 disposed:false
773 silly fetch manifest bytes@~3.1.2
774 silly packumentCache full:https://registry.npmjs.org/bytes cache-miss
775 http fetch GET 200 https://registry.npmjs.org/merge-descriptors 25ms (cache revalidated)
776 silly packumentCache full:https://registry.npmjs.org/merge-descriptors set size:16527 disposed:false
777 silly fetch manifest unpipe@~1.0.0
778 silly packumentCache full:https://registry.npmjs.org/unpipe cache-miss
779 http fetch GET 200 https://registry.npmjs.org/cookie-signature 29ms (cache revalidated)
780 silly packumentCache full:https://registry.npmjs.org/cookie-signature set size:21777 disposed:false
781 silly fetch manifest http-errors@~2.0.1
782 silly packumentCache full:https://registry.npmjs.org/http-errors cache-hit
783 http fetch GET 200 https://registry.npmjs.org/body-parser 62ms (cache updated)
784 silly packumentCache full:https://registry.npmjs.org/body-parser set size:undefined disposed:false
785 http fetch GET 200 https://registry.npmjs.org/content-disposition 31ms (cache updated)
786 silly packumentCache full:https://registry.npmjs.org/content-disposition set size:undefined disposed:false
787 http fetch GET 200 https://registry.npmjs.org/bytes 19ms (cache revalidated)
788 silly packumentCache full:https://registry.npmjs.org/bytes set size:37018 disposed:false
789 http fetch GET 200 https://registry.npmjs.org/unpipe 30ms (cache updated)
790 silly packumentCache full:https://registry.npmjs.org/unpipe set size:undefined disposed:false
791 http fetch GET 200 https://registry.npmjs.org/qs 493ms (cache updated)
792 silly packumentCache full:https://registry.npmjs.org/qs set size:undefined disposed:false
793 http fetch GET 200 https://registry.npmjs.org/ip-address 363ms (cache miss)
794 silly packumentCache full:https://registry.npmjs.org/ip-address set size:undefined disposed:false
795 silly placeDep node_modules/@angular/cli fast-deep-equal@3.1.3 OK for: ajv@8.18.0 want: ^3.1.3
796 silly placeDep node_modules/@angular/cli fast-uri@3.1.2 OK for: ajv@8.18.0 want: ^3.0.1
797 silly placeDep node_modules/@angular/cli json-schema-traverse@1.0.0 OK for: ajv@8.18.0 want: ^1.0.0
798 silly placeDep node_modules/@angular/cli require-from-string@2.0.2 OK for: ajv@8.18.0 want: ^2.0.2
799 silly placeDep node_modules/@angular/cli @algolia/abtesting@1.14.1 OK for: algoliasearch@5.48.1 want: 1.14.1
800 silly placeDep node_modules/@angular/cli @algolia/client-abtesting@5.48.1 OK for: algoliasearch@5.48.1 want: 5.48.1
801 silly placeDep node_modules/@angular/cli @algolia/client-analytics@5.48.1 OK for: algoliasearch@5.48.1 want: 5.48.1
802 silly placeDep node_modules/@angular/cli @algolia/client-common@5.48.1 OK for: algoliasearch@5.48.1 want: 5.48.1
803 silly placeDep node_modules/@angular/cli @algolia/client-insights@5.48.1 OK for: algoliasearch@5.48.1 want: 5.48.1
804 silly placeDep node_modules/@angular/cli @algolia/client-personalization@5.48.1 OK for: algoliasearch@5.48.1 want: 5.48.1
805 silly placeDep node_modules/@angular/cli @algolia/client-query-suggestions@5.48.1 OK for: algoliasearch@5.48.1 want: 5.48.1
806 silly placeDep node_modules/@angular/cli @algolia/client-search@5.48.1 OK for: algoliasearch@5.48.1 want: 5.48.1
807 silly placeDep node_modules/@angular/cli @algolia/ingestion@1.48.1 OK for: algoliasearch@5.48.1 want: 1.48.1
808 silly placeDep node_modules/@angular/cli @algolia/monitoring@1.48.1 OK for: algoliasearch@5.48.1 want: 1.48.1
809 silly placeDep node_modules/@angular/cli @algolia/recommend@5.48.1 OK for: algoliasearch@5.48.1 want: 5.48.1
810 silly placeDep node_modules/@angular/cli @algolia/requester-browser-xhr@5.48.1 OK for: algoliasearch@5.48.1 want: 5.48.1
811 silly placeDep node_modules/@angular/cli @algolia/requester-fetch@5.48.1 OK for: algoliasearch@5.48.1 want: 5.48.1
812 silly placeDep node_modules/@angular/cli @algolia/requester-node-http@5.48.1 OK for: algoliasearch@5.48.1 want: 5.48.1
813 silly placeDep node_modules/@angular/cli object-assign@4.1.1 OK for: cors@2.8.6 want: ^4
814 silly placeDep node_modules/@angular/cli vary@1.1.2 OK for: cors@2.8.6 want: ^1
815 silly placeDep node_modules/@angular/cli path-key@3.1.1 OK for: cross-spawn@7.0.6 want: ^3.1.0
816 silly placeDep node_modules/@angular/cli shebang-command@2.0.0 OK for: cross-spawn@7.0.6 want: ^2.0.0
817 silly placeDep node_modules/@angular/cli which@2.0.2 OK for: cross-spawn@7.0.6 want: ^2.0.1
818 silly fetch manifest shebang-regex@^3.0.0
819 silly packumentCache full:https://registry.npmjs.org/shebang-regex cache-miss
820 silly fetch manifest isexe@^2.0.0
821 silly packumentCache full:https://registry.npmjs.org/isexe cache-miss
822 http fetch GET 200 https://registry.npmjs.org/isexe 26ms (cache revalidated)
823 silly packumentCache full:https://registry.npmjs.org/isexe set size:31756 disposed:false
824 http fetch GET 200 https://registry.npmjs.org/shebang-regex 29ms (cache revalidated)
825 silly packumentCache full:https://registry.npmjs.org/shebang-regex set size:9763 disposed:false
826 silly placeDep node_modules/@angular/cli accepts@2.0.0 OK for: express@5.2.1 want: ^2.0.0
827 silly placeDep node_modules/@angular/cli body-parser@2.2.2 OK for: express@5.2.1 want: ^2.2.1
828 silly placeDep node_modules/@angular/cli content-disposition@1.1.0 OK for: express@5.2.1 want: ^1.0.0
829 silly placeDep node_modules/@angular/cli cookie@0.7.2 OK for: express@5.2.1 want: ^0.7.1
830 silly placeDep node_modules/@angular/cli cookie-signature@1.2.2 OK for: express@5.2.1 want: ^1.2.1
831 silly placeDep node_modules/@angular/cli debug@4.4.3 OK for: express@5.2.1 want: ^4.4.0
832 silly placeDep node_modules/@angular/cli depd@2.0.0 OK for: express@5.2.1 want: ^2.0.0
833 silly placeDep node_modules/@angular/cli encodeurl@2.0.0 OK for: express@5.2.1 want: ^2.0.0
834 silly placeDep node_modules/@angular/cli escape-html@1.0.3 OK for: express@5.2.1 want: ^1.0.3
835 silly placeDep node_modules/@angular/cli etag@1.8.1 OK for: express@5.2.1 want: ^1.8.1
836 silly placeDep node_modules/@angular/cli finalhandler@2.1.1 OK for: express@5.2.1 want: ^2.1.0
837 silly placeDep node_modules/@angular/cli fresh@2.0.0 OK for: express@5.2.1 want: ^2.0.0
838 silly placeDep node_modules/@angular/cli http-errors@2.0.1 OK for: express@5.2.1 want: ^2.0.0
839 silly placeDep node_modules/@angular/cli merge-descriptors@2.0.0 OK for: express@5.2.1 want: ^2.0.0
840 silly placeDep node_modules/@angular/cli mime-types@3.0.2 OK for: express@5.2.1 want: ^3.0.0
841 silly placeDep node_modules/@angular/cli on-finished@2.4.1 OK for: express@5.2.1 want: ^2.4.1
842 silly placeDep node_modules/@angular/cli once@1.4.0 OK for: express@5.2.1 want: ^1.4.0
843 silly placeDep node_modules/@angular/cli parseurl@1.3.3 OK for: express@5.2.1 want: ^1.3.3
844 silly placeDep node_modules/@angular/cli proxy-addr@2.0.7 OK for: express@5.2.1 want: ^2.0.7
845 silly placeDep node_modules/@angular/cli qs@6.15.1 OK for: express@5.2.1 want: ^6.14.0
846 silly placeDep node_modules/@angular/cli range-parser@1.2.1 OK for: express@5.2.1 want: ^1.2.1
847 silly placeDep node_modules/@angular/cli router@2.2.0 OK for: express@5.2.1 want: ^2.2.0
848 silly placeDep node_modules/@angular/cli send@1.2.1 OK for: express@5.2.1 want: ^1.1.0
849 silly placeDep node_modules/@angular/cli serve-static@2.2.1 OK for: express@5.2.1 want: ^2.2.0
850 silly placeDep node_modules/@angular/cli statuses@2.0.2 OK for: express@5.2.1 want: ^2.0.1
851 silly placeDep node_modules/@angular/cli type-is@2.1.0 OK for: express@5.2.1 want: ^2.0.1
852 silly fetch manifest negotiator@^1.0.0
853 silly packumentCache full:https://registry.npmjs.org/negotiator cache-miss
854 silly fetch manifest qs@^6.14.1
855 silly packumentCache full:https://registry.npmjs.org/qs cache-miss
856 silly fetch manifest bytes@^3.1.2
857 silly packumentCache full:https://registry.npmjs.org/bytes cache-hit
858 silly fetch manifest debug@^4.4.3
859 silly packumentCache full:https://registry.npmjs.org/debug cache-hit
860 silly fetch manifest ms@^2.1.3
861 silly packumentCache full:https://registry.npmjs.org/ms cache-miss
862 silly fetch manifest inherits@~2.0.4
863 silly packumentCache full:https://registry.npmjs.org/inherits cache-miss
864 silly fetch manifest setprototypeof@~1.2.0
865 silly packumentCache full:https://registry.npmjs.org/setprototypeof cache-miss
866 silly fetch manifest statuses@~2.0.2
867 silly packumentCache full:https://registry.npmjs.org/statuses cache-hit
868 silly fetch manifest toidentifier@~1.0.1
869 silly packumentCache full:https://registry.npmjs.org/toidentifier cache-miss
870 silly fetch manifest mime-db@^1.54.0
871 silly packumentCache full:https://registry.npmjs.org/mime-db cache-miss
872 http cache https://registry.npmjs.org/qs 8ms (cache hit)
873 silly packumentCache full:https://registry.npmjs.org/qs set size:353582 disposed:false
874 silly fetch manifest ee-first@1.1.1
875 silly packumentCache full:https://registry.npmjs.org/ee-first cache-miss
876 http fetch GET 200 https://registry.npmjs.org/setprototypeof 25ms (cache revalidated)
877 silly packumentCache full:https://registry.npmjs.org/setprototypeof set size:14532 disposed:false
878 silly fetch manifest wrappy@1
879 silly packumentCache full:https://registry.npmjs.org/wrappy cache-miss
880 http fetch GET 200 https://registry.npmjs.org/toidentifier 24ms (cache revalidated)
881 silly packumentCache full:https://registry.npmjs.org/toidentifier set size:12006 disposed:false
882 silly fetch manifest forwarded@0.2.0
883 silly packumentCache full:https://registry.npmjs.org/forwarded cache-miss
884 http fetch GET 200 https://registry.npmjs.org/inherits 27ms (cache revalidated)
885 silly packumentCache full:https://registry.npmjs.org/inherits set size:12925 disposed:false
886 silly fetch manifest ipaddr.js@1.9.1
887 silly packumentCache full:https://registry.npmjs.org/ipaddr.js cache-miss
888 http fetch GET 200 https://registry.npmjs.org/ms 30ms (cache revalidated)
889 silly packumentCache full:https://registry.npmjs.org/ms set size:92208 disposed:false
890 silly fetch manifest side-channel@^1.1.0
891 silly packumentCache full:https://registry.npmjs.org/side-channel cache-miss
892 http fetch GET 200 https://registry.npmjs.org/mime-db 31ms (cache revalidated)
893 silly packumentCache full:https://registry.npmjs.org/mime-db set size:164953 disposed:false
894 silly fetch manifest is-promise@^4.0.0
895 silly packumentCache full:https://registry.npmjs.org/is-promise cache-miss
896 http fetch GET 200 https://registry.npmjs.org/wrappy 23ms (cache revalidated)
897 silly packumentCache full:https://registry.npmjs.org/wrappy set size:7682 disposed:false
898 silly fetch manifest path-to-regexp@^8.0.0
899 silly packumentCache full:https://registry.npmjs.org/path-to-regexp cache-miss
900 http fetch GET 200 https://registry.npmjs.org/negotiator 50ms (cache revalidated)
901 silly packumentCache full:https://registry.npmjs.org/negotiator set size:48046 disposed:false
902 silly fetch manifest statuses@^2.0.2
903 silly packumentCache full:https://registry.npmjs.org/statuses cache-hit
904 silly fetch manifest content-type@^2.0.0
905 silly packumentCache full:https://registry.npmjs.org/content-type cache-miss
906 http fetch GET 200 https://registry.npmjs.org/ee-first 40ms (cache revalidated)
907 silly packumentCache full:https://registry.npmjs.org/ee-first set size:15327 disposed:false
908 silly fetch manifest media-typer@^1.1.0
909 silly packumentCache full:https://registry.npmjs.org/media-typer cache-miss
910 http fetch GET 200 https://registry.npmjs.org/forwarded 25ms (cache revalidated)
911 silly packumentCache full:https://registry.npmjs.org/forwarded set size:11229 disposed:false
912 http cache https://registry.npmjs.org/content-type 3ms (cache hit)
913 silly packumentCache full:https://registry.npmjs.org/content-type set size:18994 disposed:false
914 http fetch GET 200 https://registry.npmjs.org/side-channel 23ms (cache revalidated)
915 silly packumentCache full:https://registry.npmjs.org/side-channel set size:24660 disposed:false
916 http fetch GET 200 https://registry.npmjs.org/is-promise 23ms (cache revalidated)
917 silly packumentCache full:https://registry.npmjs.org/is-promise set size:18599 disposed:false
918 http fetch GET 200 https://registry.npmjs.org/media-typer 27ms (cache revalidated)
919 silly packumentCache full:https://registry.npmjs.org/media-typer set size:20873 disposed:false
920 http fetch GET 200 https://registry.npmjs.org/ipaddr.js 55ms (cache updated)
921 silly packumentCache full:https://registry.npmjs.org/ipaddr.js set size:undefined disposed:false
922 http fetch GET 200 https://registry.npmjs.org/path-to-regexp 396ms (cache updated)
923 silly packumentCache full:https://registry.npmjs.org/path-to-regexp set size:undefined disposed:false
924 silly placeDep node_modules/@angular/cli negotiator@1.0.0 OK for: accepts@2.0.0 want: ^1.0.0
925 silly placeDep node_modules/@angular/cli bytes@3.1.2 OK for: body-parser@2.2.2 want: ^3.1.2
926 silly placeDep node_modules/@angular/cli ms@2.1.3 OK for: debug@4.4.3 want: ^2.1.3
927 silly placeDep node_modules/@angular/cli ip-address@10.2.0 OK for: express-rate-limit@8.5.2 want: ^10.2.0
928 silly placeDep node_modules/@angular/cli inherits@2.0.4 OK for: http-errors@2.0.1 want: ~2.0.4
929 silly placeDep node_modules/@angular/cli setprototypeof@1.2.0 OK for: http-errors@2.0.1 want: ~1.2.0
930 silly placeDep node_modules/@angular/cli toidentifier@1.0.1 OK for: http-errors@2.0.1 want: ~1.0.1
931 silly placeDep node_modules/@angular/cli safer-buffer@2.1.2 OK for: iconv-lite@0.7.2 want: >= 2.1.2 < 3.0.0
932 silly placeDep node_modules/@angular/cli cli-truncate@5.2.0 OK for: listr2@9.0.5 want: ^5.0.0
933 silly placeDep node_modules/@angular/cli colorette@2.0.20 OK for: listr2@9.0.5 want: ^2.0.20
934 silly placeDep node_modules/@angular/cli eventemitter3@5.0.4 OK for: listr2@9.0.5 want: ^5.0.1
935 silly placeDep node_modules/@angular/cli log-update@6.1.0 OK for: listr2@9.0.5 want: ^6.1.0
936 silly placeDep node_modules/@angular/cli rfdc@1.4.1 OK for: listr2@9.0.5 want: ^1.4.1
937 silly placeDep node_modules/@angular/cli/node_modules/listr2 wrap-ansi@9.0.2 OK for: listr2@9.0.5 want: ^9.0.0
938 silly fetch manifest slice-ansi@^8.0.0
939 silly packumentCache full:https://registry.npmjs.org/slice-ansi cache-miss
940 silly fetch manifest string-width@^8.2.0
941 silly packumentCache full:https://registry.npmjs.org/string-width cache-hit
942 silly fetch manifest slice-ansi@^7.1.0
943 silly packumentCache full:https://registry.npmjs.org/slice-ansi cache-miss
944 silly fetch manifest strip-ansi@^7.1.0
945 silly packumentCache full:https://registry.npmjs.org/strip-ansi cache-miss
946 silly fetch manifest ansi-escapes@^7.0.0
947 silly packumentCache full:https://registry.npmjs.org/ansi-escapes cache-miss
948 silly fetch manifest strip-ansi@^7.1.0
949 silly packumentCache full:https://registry.npmjs.org/strip-ansi cache-miss
950 silly fetch manifest ansi-styles@^6.2.1
951 silly packumentCache full:https://registry.npmjs.org/ansi-styles cache-hit
952 silly fetch manifest string-width@^7.0.0
953 silly packumentCache full:https://registry.npmjs.org/string-width cache-hit
954 http cache https://registry.npmjs.org/strip-ansi 8ms (cache hit)
955 silly packumentCache full:https://registry.npmjs.org/strip-ansi set size:44998 disposed:false
956 http cache https://registry.npmjs.org/strip-ansi 8ms (cache hit)
957 silly packumentCache full:https://registry.npmjs.org/strip-ansi set size:44998 disposed:false
958 silly packumentCache full:https://registry.npmjs.org/strip-ansi dispose
959 http fetch GET 200 https://registry.npmjs.org/slice-ansi 41ms (cache miss)
960 silly packumentCache full:https://registry.npmjs.org/slice-ansi set size:undefined disposed:false
961 http fetch GET 200 https://registry.npmjs.org/ansi-escapes 44ms (cache updated)
962 silly packumentCache full:https://registry.npmjs.org/ansi-escapes set size:undefined disposed:false
963 http fetch GET 200 https://registry.npmjs.org/slice-ansi 96ms (cache miss)
964 silly packumentCache full:https://registry.npmjs.org/slice-ansi set size:undefined disposed:false
965 silly placeDep node_modules/@angular/cli slice-ansi@8.0.0 OK for: cli-truncate@5.2.0 want: ^8.0.0
966 silly placeDep node_modules/@angular/cli string-width@8.2.1 OK for: cli-truncate@5.2.0 want: ^8.2.0
967 silly fetch manifest ansi-styles@^6.2.3
968 silly packumentCache full:https://registry.npmjs.org/ansi-styles cache-hit
969 silly fetch manifest is-fullwidth-code-point@^5.1.0
970 silly packumentCache full:https://registry.npmjs.org/is-fullwidth-code-point cache-miss
971 silly fetch manifest get-east-asian-width@^1.5.0
972 silly packumentCache full:https://registry.npmjs.org/get-east-asian-width cache-miss
973 silly fetch manifest strip-ansi@^7.1.2
974 silly packumentCache full:https://registry.npmjs.org/strip-ansi cache-hit
975 http fetch GET 200 https://registry.npmjs.org/is-fullwidth-code-point 30ms (cache revalidated)
976 silly packumentCache full:https://registry.npmjs.org/is-fullwidth-code-point set size:14578 disposed:false
977 http fetch GET 200 https://registry.npmjs.org/get-east-asian-width 45ms (cache miss)
978 silly packumentCache full:https://registry.npmjs.org/get-east-asian-width set size:undefined disposed:false
979 silly placeDep node_modules/@angular/cli ansi-escapes@7.3.0 OK for: log-update@6.1.0 want: ^7.0.0
980 silly placeDep node_modules/@angular/cli cli-cursor@5.0.0 OK for: log-update@6.1.0 want: ^5.0.0
981 silly placeDep node_modules/@angular/cli/node_modules/log-update slice-ansi@7.1.2 OK for: log-update@6.1.0 want: ^7.1.0
982 silly placeDep node_modules/@angular/cli strip-ansi@7.2.0 OK for: log-update@6.1.0 want: ^7.1.0
983 silly placeDep node_modules/@angular/cli/node_modules/log-update wrap-ansi@9.0.2 OK for: log-update@6.1.0 want: ^9.0.0
984 silly fetch manifest environment@^1.0.0
985 silly packumentCache full:https://registry.npmjs.org/environment cache-miss
986 silly fetch manifest restore-cursor@^5.0.0
987 silly packumentCache full:https://registry.npmjs.org/restore-cursor cache-miss
988 silly fetch manifest is-fullwidth-code-point@^5.0.0
989 silly packumentCache full:https://registry.npmjs.org/is-fullwidth-code-point cache-hit
990 silly fetch manifest ansi-regex@^6.2.2
991 silly packumentCache full:https://registry.npmjs.org/ansi-regex cache-miss
992 http fetch GET 200 https://registry.npmjs.org/ansi-regex 23ms (cache revalidated)
993 silly packumentCache full:https://registry.npmjs.org/ansi-regex set size:43572 disposed:false
994 http fetch GET 200 https://registry.npmjs.org/environment 25ms (cache miss)
995 silly packumentCache full:https://registry.npmjs.org/environment set size:undefined disposed:false
996 http fetch GET 200 https://registry.npmjs.org/restore-cursor 71ms (cache miss)
997 silly packumentCache full:https://registry.npmjs.org/restore-cursor set size:undefined disposed:false
998 silly placeDep node_modules/@angular/cli environment@1.1.0 OK for: ansi-escapes@7.3.0 want: ^1.0.0
999 silly placeDep node_modules/@angular/cli restore-cursor@5.1.0 OK for: cli-cursor@5.0.0 want: ^5.0.0
1000 silly fetch manifest onetime@^7.0.0
1001 silly packumentCache full:https://registry.npmjs.org/onetime cache-miss
1002 http fetch GET 200 https://registry.npmjs.org/onetime 34ms (cache updated)
1003 silly packumentCache full:https://registry.npmjs.org/onetime set size:undefined disposed:false
1004 silly placeDep node_modules/@angular/cli @jridgewell/sourcemap-codec@1.5.5 OK for: magic-string@0.30.21 want: ^1.5.5
1005 silly placeDep node_modules/@angular/cli mime-db@1.54.0 OK for: mime-types@3.0.2 want: ^1.54.0
1006 silly placeDep node_modules/@angular/cli hosted-git-info@9.0.3 OK for: npm-package-arg@13.0.2 want: ^9.0.0
1007 silly placeDep node_modules/@angular/cli proc-log@6.1.0 OK for: npm-package-arg@13.0.2 want: ^6.0.0
1008 silly placeDep node_modules/@angular/cli validate-npm-package-name@7.0.2 OK for: npm-package-arg@13.0.2 want: ^7.0.0
1009 silly fetch manifest lru-cache@^11.1.0
1010 silly packumentCache full:https://registry.npmjs.org/lru-cache cache-miss
1011 http fetch GET 200 https://registry.npmjs.org/lru-cache 371ms (cache updated)
1012 silly packumentCache full:https://registry.npmjs.org/lru-cache set size:undefined disposed:false
1013 silly placeDep node_modules/@angular/cli lru-cache@11.3.6 OK for: hosted-git-info@9.0.3 want: ^11.1.0
1014 silly placeDep node_modules/@angular/cli ee-first@1.1.1 OK for: on-finished@2.4.1 want: 1.1.1
1015 silly placeDep node_modules/@angular/cli wrappy@1.0.2 OK for: once@1.4.0 want: 1
1016 silly placeDep node_modules/@angular/cli chalk@5.6.2 OK for: ora@9.3.0 want: ^5.6.2
1017 silly placeDep node_modules/@angular/cli cli-spinners@3.4.0 OK for: ora@9.3.0 want: ^3.2.0
1018 silly placeDep node_modules/@angular/cli is-interactive@2.0.0 OK for: ora@9.3.0 want: ^2.0.0
1019 silly placeDep node_modules/@angular/cli is-unicode-supported@2.1.0 OK for: ora@9.3.0 want: ^2.1.0
1020 silly placeDep node_modules/@angular/cli log-symbols@7.0.1 OK for: ora@9.3.0 want: ^7.0.1
1021 silly placeDep node_modules/@angular/cli stdin-discarder@0.3.2 OK for: ora@9.3.0 want: ^0.3.1
1022 silly fetch manifest yoctocolors@^2.1.1
1023 silly packumentCache full:https://registry.npmjs.org/yoctocolors cache-miss
1024 http fetch GET 200 https://registry.npmjs.org/yoctocolors 34ms (cache miss)
1025 silly packumentCache full:https://registry.npmjs.org/yoctocolors set size:undefined disposed:false
1026 silly placeDep node_modules/@angular/cli yoctocolors@2.1.2 OK for: log-symbols@7.0.1 want: ^2.1.1
1027 silly placeDep node_modules/@angular/cli @npmcli/git@7.0.2 OK for: pacote@21.3.1 want: ^7.0.0
1028 silly placeDep node_modules/@angular/cli @npmcli/installed-package-contents@4.0.0 OK for: pacote@21.3.1 want: ^4.0.0
1029 silly placeDep node_modules/@angular/cli @npmcli/package-json@7.0.5 OK for: pacote@21.3.1 want: ^7.0.0
1030 silly placeDep node_modules/@angular/cli @npmcli/promise-spawn@9.0.1 OK for: pacote@21.3.1 want: ^9.0.0
1031 silly placeDep node_modules/@angular/cli @npmcli/run-script@10.0.4 OK for: pacote@21.3.1 want: ^10.0.0
1032 silly placeDep node_modules/@angular/cli cacache@20.0.4 OK for: pacote@21.3.1 want: ^20.0.0
1033 silly placeDep node_modules/@angular/cli fs-minipass@3.0.3 OK for: pacote@21.3.1 want: ^3.0.0
1034 silly placeDep node_modules/@angular/cli minipass@7.1.3 OK for: pacote@21.3.1 want: ^7.0.2
1035 silly placeDep node_modules/@angular/cli npm-packlist@10.0.4 OK for: pacote@21.3.1 want: ^10.0.1
1036 silly placeDep node_modules/@angular/cli npm-pick-manifest@11.0.3 OK for: pacote@21.3.1 want: ^11.0.1
1037 silly placeDep node_modules/@angular/cli npm-registry-fetch@19.1.1 OK for: pacote@21.3.1 want: ^19.0.0
1038 silly placeDep node_modules/@angular/cli promise-retry@2.0.1 OK for: pacote@21.3.1 want: ^2.0.1
1039 silly placeDep node_modules/@angular/cli sigstore@4.1.0 OK for: pacote@21.3.1 want: ^4.0.0
1040 silly placeDep node_modules/@angular/cli ssri@13.0.1 OK for: pacote@21.3.1 want: ^13.0.0
1041 silly placeDep node_modules/@angular/cli tar@7.5.15 OK for: pacote@21.3.1 want: ^7.4.3
1042 silly fetch manifest which@^6.0.0
1043 silly packumentCache full:https://registry.npmjs.org/which cache-miss
1044 silly fetch manifest @gar/promise-retry@^1.0.0
1045 silly packumentCache full:https://registry.npmjs.org/@gar%2fpromise-retry cache-miss
1046 silly fetch manifest npm-bundled@^5.0.0
1047 silly packumentCache full:https://registry.npmjs.org/npm-bundled cache-miss
1048 silly fetch manifest npm-normalize-package-bin@^5.0.0
1049 silly packumentCache full:https://registry.npmjs.org/npm-normalize-package-bin cache-miss
1050 silly fetch manifest glob@^13.0.0
1051 silly packumentCache full:https://registry.npmjs.org/glob cache-miss
1052 silly fetch manifest spdx-expression-parse@^4.0.0
1053 silly packumentCache full:https://registry.npmjs.org/spdx-expression-parse cache-miss
1054 silly fetch manifest json-parse-even-better-errors@^5.0.0
1055 silly packumentCache full:https://registry.npmjs.org/json-parse-even-better-errors cache-miss
1056 http cache https://registry.npmjs.org/which 6ms (cache hit)
1057 silly packumentCache full:https://registry.npmjs.org/which set size:70143 disposed:false
1058 silly fetch manifest node-gyp@^12.1.0
1059 silly packumentCache full:https://registry.npmjs.org/node-gyp cache-miss
1060 http fetch GET 200 https://registry.npmjs.org/npm-normalize-package-bin 37ms (cache miss)
1061 silly packumentCache full:https://registry.npmjs.org/npm-normalize-package-bin set size:undefined disposed:false
1062 silly fetch manifest @npmcli/node-gyp@^5.0.0
1063 silly packumentCache full:https://registry.npmjs.org/@npmcli%2fnode-gyp cache-miss
1064 http fetch GET 200 https://registry.npmjs.org/npm-bundled 39ms (cache miss)
1065 silly packumentCache full:https://registry.npmjs.org/npm-bundled set size:undefined disposed:false
1066 silly fetch manifest glob@^13.0.0
1067 silly packumentCache full:https://registry.npmjs.org/glob cache-miss
1068 http fetch GET 200 https://registry.npmjs.org/json-parse-even-better-errors 47ms (cache updated)
1069 silly packumentCache full:https://registry.npmjs.org/json-parse-even-better-errors set size:undefined disposed:false
1070 silly fetch manifest p-map@^7.0.2
1071 silly packumentCache full:https://registry.npmjs.org/p-map cache-miss
1072 http fetch GET 200 https://registry.npmjs.org/@gar%2fpromise-retry 49ms (cache miss)
1073 silly packumentCache full:https://registry.npmjs.org/@gar%2fpromise-retry set size:undefined disposed:false
1074 silly fetch manifest minipass@^7.0.3
1075 silly packumentCache full:https://registry.npmjs.org/minipass cache-miss
1076 http cache https://registry.npmjs.org/minipass 2ms (cache hit)
1077 silly packumentCache full:https://registry.npmjs.org/minipass set size:276925 disposed:false
1078 silly fetch manifest @npmcli/fs@^5.0.0
1079 silly packumentCache full:https://registry.npmjs.org/@npmcli%2ffs cache-miss
1080 http fetch GET 200 https://registry.npmjs.org/@npmcli%2fnode-gyp 40ms (cache miss)
1081 silly packumentCache full:https://registry.npmjs.org/@npmcli%2fnode-gyp set size:undefined disposed:false
1082 silly fetch manifest minipass-flush@^1.0.5
1083 silly packumentCache full:https://registry.npmjs.org/minipass-flush cache-miss
1084 http fetch GET 200 https://registry.npmjs.org/spdx-expression-parse 82ms (cache miss)
1085 silly packumentCache full:https://registry.npmjs.org/spdx-expression-parse set size:undefined disposed:false
1086 silly fetch manifest minipass-collect@^2.0.1
1087 silly packumentCache full:https://registry.npmjs.org/minipass-collect cache-miss
1088 http fetch GET 200 https://registry.npmjs.org/p-map 74ms (cache miss)
1089 silly packumentCache full:https://registry.npmjs.org/p-map set size:undefined disposed:false
1090 silly fetch manifest minipass-pipeline@^1.2.4
1091 silly packumentCache full:https://registry.npmjs.org/minipass-pipeline cache-miss
1092 http fetch GET 200 https://registry.npmjs.org/minipass-collect 56ms (cache miss)
1093 silly packumentCache full:https://registry.npmjs.org/minipass-collect set size:undefined disposed:false
1094 silly fetch manifest ignore-walk@^8.0.0
1095 silly packumentCache full:https://registry.npmjs.org/ignore-walk cache-miss
1096 http fetch GET 200 https://registry.npmjs.org/minipass-flush 74ms (cache miss)
1097 silly packumentCache full:https://registry.npmjs.org/minipass-flush set size:undefined disposed:false
1098 silly fetch manifest npm-install-checks@^8.0.0
1099 silly packumentCache full:https://registry.npmjs.org/npm-install-checks cache-miss
1100 http fetch GET 200 https://registry.npmjs.org/@npmcli%2ffs 133ms (cache miss)
1101 silly packumentCache full:https://registry.npmjs.org/@npmcli%2ffs set size:undefined disposed:false
1102 silly fetch manifest minizlib@^3.0.1
1103 silly packumentCache full:https://registry.npmjs.org/minizlib cache-miss
1104 http fetch GET 200 https://registry.npmjs.org/node-gyp 182ms (cache miss)
1105 silly packumentCache full:https://registry.npmjs.org/node-gyp set size:undefined disposed:false
1106 silly fetch manifest jsonparse@^1.3.1
1107 silly packumentCache full:https://registry.npmjs.org/jsonparse cache-miss
1108 http fetch GET 200 https://registry.npmjs.org/minipass-pipeline 98ms (cache miss)
1109 silly packumentCache full:https://registry.npmjs.org/minipass-pipeline set size:undefined disposed:false
1110 silly fetch manifest @npmcli/redact@^4.0.0
1111 silly packumentCache full:https://registry.npmjs.org/@npmcli%2fredact cache-miss
1112 http fetch GET 200 https://registry.npmjs.org/glob 344ms (cache updated)
1113 silly packumentCache full:https://registry.npmjs.org/glob set size:undefined disposed:false
1114 silly fetch manifest minipass-fetch@^5.0.0
1115 silly packumentCache full:https://registry.npmjs.org/minipass-fetch cache-miss
1116 http fetch GET 200 https://registry.npmjs.org/@npmcli%2fredact 129ms (cache miss)
1117 silly packumentCache full:https://registry.npmjs.org/@npmcli%2fredact set size:undefined disposed:false
1118 silly fetch manifest make-fetch-happen@^15.0.0
1119 silly packumentCache full:https://registry.npmjs.org/make-fetch-happen cache-miss
1120 http fetch GET 200 https://registry.npmjs.org/ignore-walk 213ms (cache miss)
1121 silly packumentCache full:https://registry.npmjs.org/ignore-walk set size:undefined disposed:false
1122 silly fetch manifest err-code@^2.0.2
1123 silly packumentCache full:https://registry.npmjs.org/err-code cache-miss
1124 http fetch GET 200 https://registry.npmjs.org/minizlib 168ms (cache miss)
1125 silly packumentCache full:https://registry.npmjs.org/minizlib set size:undefined disposed:false
1126 silly fetch manifest retry@^0.12.0
1127 silly packumentCache full:https://registry.npmjs.org/retry cache-miss
1128 http fetch GET 200 https://registry.npmjs.org/jsonparse 164ms (cache miss)
1129 silly packumentCache full:https://registry.npmjs.org/jsonparse set size:undefined disposed:false
1130 silly fetch manifest @sigstore/bundle@^4.0.0
1131 silly packumentCache full:https://registry.npmjs.org/@sigstore%2fbundle cache-miss
1132 http fetch GET 200 https://registry.npmjs.org/npm-install-checks 205ms (cache miss)
1133 silly packumentCache full:https://registry.npmjs.org/npm-install-checks set size:undefined disposed:false
1134 silly fetch manifest @sigstore/core@^3.1.0
1135 silly packumentCache full:https://registry.npmjs.org/@sigstore%2fcore cache-miss
1136 http fetch GET 200 https://registry.npmjs.org/glob 322ms (cache updated)
1137 silly packumentCache full:https://registry.npmjs.org/glob set size:undefined disposed:false
1138 silly fetch manifest @sigstore/protobuf-specs@^0.5.0
1139 silly packumentCache full:https://registry.npmjs.org/@sigstore%2fprotobuf-specs cache-miss
1140 http fetch GET 200 https://registry.npmjs.org/retry 28ms (cache revalidated)
1141 silly packumentCache full:https://registry.npmjs.org/retry set size:31161 disposed:false
1142 silly fetch manifest @sigstore/sign@^4.1.0
1143 silly packumentCache full:https://registry.npmjs.org/@sigstore%2fsign cache-miss
1144 http fetch GET 200 https://registry.npmjs.org/err-code 36ms (cache miss)
1145 silly packumentCache full:https://registry.npmjs.org/err-code set size:undefined disposed:false
1146 silly fetch manifest @sigstore/tuf@^4.0.1
1147 silly packumentCache full:https://registry.npmjs.org/@sigstore%2ftuf cache-miss
1148 http fetch GET 200 https://registry.npmjs.org/@sigstore%2fbundle 36ms (cache miss)
1149 silly packumentCache full:https://registry.npmjs.org/@sigstore%2fbundle set size:undefined disposed:false
1150 silly fetch manifest @sigstore/verify@^3.1.0
1151 silly packumentCache full:https://registry.npmjs.org/@sigstore%2fverify cache-miss
1152 http fetch GET 200 https://registry.npmjs.org/@sigstore%2fprotobuf-specs 40ms (cache miss)
1153 silly packumentCache full:https://registry.npmjs.org/@sigstore%2fprotobuf-specs set size:undefined disposed:false
1154 silly fetch manifest @isaacs/fs-minipass@^4.0.0
1155 silly packumentCache full:https://registry.npmjs.org/@isaacs%2ffs-minipass cache-miss
1156 http fetch GET 200 https://registry.npmjs.org/@sigstore%2fcore 69ms (cache miss)
1157 silly packumentCache full:https://registry.npmjs.org/@sigstore%2fcore set size:undefined disposed:false
1158 silly fetch manifest chownr@^3.0.0
1159 silly packumentCache full:https://registry.npmjs.org/chownr cache-miss
1160 http fetch GET 200 https://registry.npmjs.org/@sigstore%2fsign 60ms (cache miss)
1161 silly packumentCache full:https://registry.npmjs.org/@sigstore%2fsign set size:undefined disposed:false
1162 silly fetch manifest minizlib@^3.1.0
1163 silly packumentCache full:https://registry.npmjs.org/minizlib cache-miss
1164 http cache https://registry.npmjs.org/minizlib 3ms (cache hit)
1165 silly packumentCache full:https://registry.npmjs.org/minizlib set size:62862 disposed:false
1166 silly fetch manifest yallist@^5.0.0
1167 silly packumentCache full:https://registry.npmjs.org/yallist cache-miss
1168 http fetch GET 200 https://registry.npmjs.org/@sigstore%2fverify 58ms (cache miss)
1169 silly packumentCache full:https://registry.npmjs.org/@sigstore%2fverify set size:undefined disposed:false
1170 http fetch GET 200 https://registry.npmjs.org/@isaacs%2ffs-minipass 52ms (cache miss)
1171 silly packumentCache full:https://registry.npmjs.org/@isaacs%2ffs-minipass set size:undefined disposed:false
1172 http fetch GET 200 https://registry.npmjs.org/minipass-fetch 116ms (cache miss)
1173 silly packumentCache full:https://registry.npmjs.org/minipass-fetch set size:undefined disposed:false
1174 http fetch GET 200 https://registry.npmjs.org/yallist 23ms (cache revalidated)
1175 silly packumentCache full:https://registry.npmjs.org/yallist set size:34610 disposed:false
1176 http fetch GET 200 https://registry.npmjs.org/@sigstore%2ftuf 81ms (cache miss)
1177 silly packumentCache full:https://registry.npmjs.org/@sigstore%2ftuf set size:undefined disposed:false
1178 http fetch GET 200 https://registry.npmjs.org/chownr 52ms (cache miss)
1179 silly packumentCache full:https://registry.npmjs.org/chownr set size:undefined disposed:false
1180 http fetch GET 200 https://registry.npmjs.org/make-fetch-happen 146ms (cache miss)
1181 silly packumentCache full:https://registry.npmjs.org/make-fetch-happen set size:undefined disposed:false
1182 silly placeDep node_modules/@angular/cli @gar/promise-retry@1.0.3 OK for: @npmcli/git@7.0.2 want: ^1.0.0
1183 silly placeDep node_modules/@angular/cli/node_modules/@npmcli/git which@6.0.1 OK for: @npmcli/git@7.0.2 want: ^6.0.0
1184 silly fetch manifest isexe@^4.0.0
1185 silly packumentCache full:https://registry.npmjs.org/isexe cache-hit
1186 silly placeDep node_modules/@angular/cli npm-bundled@5.0.0 OK for: @npmcli/installed-package-contents@4.0.0 want: ^5.0.0
1187 silly placeDep node_modules/@angular/cli npm-normalize-package-bin@5.0.0 OK for: @npmcli/installed-package-contents@4.0.0 want: ^5.0.0
1188 silly placeDep node_modules/@angular/cli glob@13.0.6 OK for: @npmcli/package-json@7.0.5 want: ^13.0.0
1189 silly placeDep node_modules/@angular/cli json-parse-even-better-errors@5.0.0 OK for: @npmcli/package-json@7.0.5 want: ^5.0.0
1190 silly placeDep node_modules/@angular/cli spdx-expression-parse@4.0.0 OK for: @npmcli/package-json@7.0.5 want: ^4.0.0
1191 silly fetch manifest minimatch@^10.2.2
1192 silly packumentCache full:https://registry.npmjs.org/minimatch cache-miss
1193 silly fetch manifest path-scurry@^2.0.2
1194 silly packumentCache full:https://registry.npmjs.org/path-scurry cache-miss
1195 silly fetch manifest spdx-exceptions@^2.1.0
1196 silly packumentCache full:https://registry.npmjs.org/spdx-exceptions cache-miss
1197 silly fetch manifest spdx-license-ids@^3.0.0
1198 silly packumentCache full:https://registry.npmjs.org/spdx-license-ids cache-miss
1199 http fetch GET 200 https://registry.npmjs.org/spdx-exceptions 31ms (cache miss)
1200 silly packumentCache full:https://registry.npmjs.org/spdx-exceptions set size:undefined disposed:false
1201 http fetch GET 200 https://registry.npmjs.org/spdx-license-ids 52ms (cache miss)
1202 silly packumentCache full:https://registry.npmjs.org/spdx-license-ids set size:undefined disposed:false
1203 http fetch GET 200 https://registry.npmjs.org/path-scurry 70ms (cache updated)
1204 silly packumentCache full:https://registry.npmjs.org/path-scurry set size:undefined disposed:false
1205 http fetch GET 200 https://registry.npmjs.org/minimatch 140ms (cache updated)
1206 silly packumentCache full:https://registry.npmjs.org/minimatch set size:undefined disposed:false
1207 silly placeDep node_modules/@angular/cli/node_modules/@npmcli/promise-spawn which@6.0.1 OK for: @npmcli/promise-spawn@9.0.1 want: ^6.0.0
1208 silly placeDep node_modules/@angular/cli @npmcli/node-gyp@5.0.0 OK for: @npmcli/run-script@10.0.4 want: ^5.0.0
1209 silly placeDep node_modules/@angular/cli node-gyp@12.3.0 OK for: @npmcli/run-script@10.0.4 want: ^12.1.0
1210 silly fetch manifest env-paths@^2.2.0
1211 silly packumentCache full:https://registry.npmjs.org/env-paths cache-miss
1212 silly fetch manifest exponential-backoff@^3.1.1
1213 silly packumentCache full:https://registry.npmjs.org/exponential-backoff cache-miss
1214 silly fetch manifest graceful-fs@^4.2.6
1215 silly packumentCache full:https://registry.npmjs.org/graceful-fs cache-miss
1216 silly fetch manifest nopt@^9.0.0
1217 silly packumentCache full:https://registry.npmjs.org/nopt cache-miss
1218 silly fetch manifest tinyglobby@^0.2.12
1219 silly packumentCache full:https://registry.npmjs.org/tinyglobby cache-miss
1220 silly fetch manifest undici@^6.25.0
1221 silly packumentCache full:https://registry.npmjs.org/undici cache-miss
1222 http fetch GET 200 https://registry.npmjs.org/graceful-fs 24ms (cache revalidated)
1223 silly packumentCache full:https://registry.npmjs.org/graceful-fs set size:124285 disposed:false
1224 http fetch GET 200 https://registry.npmjs.org/exponential-backoff 39ms (cache miss)
1225 silly packumentCache full:https://registry.npmjs.org/exponential-backoff set size:undefined disposed:false
1226 http fetch GET 200 https://registry.npmjs.org/tinyglobby 47ms (cache updated)
1227 silly packumentCache full:https://registry.npmjs.org/tinyglobby set size:undefined disposed:false
1228 http fetch GET 200 https://registry.npmjs.org/nopt 63ms (cache miss)
1229 silly packumentCache full:https://registry.npmjs.org/nopt set size:undefined disposed:false
1230 http fetch GET 200 https://registry.npmjs.org/env-paths 277ms (cache miss)
1231 silly packumentCache full:https://registry.npmjs.org/env-paths set size:undefined disposed:false
1232 http fetch GET 200 https://registry.npmjs.org/undici 288ms (cache miss)
1233 silly packumentCache full:https://registry.npmjs.org/undici set size:undefined disposed:false
1234 silly placeDep node_modules/@angular/cli @npmcli/fs@5.0.0 OK for: cacache@20.0.4 want: ^5.0.0
1235 silly placeDep node_modules/@angular/cli minipass-collect@2.0.1 OK for: cacache@20.0.4 want: ^2.0.1
1236 silly placeDep node_modules/@angular/cli minipass-flush@1.0.7 OK for: cacache@20.0.4 want: ^1.0.5
1237 silly placeDep node_modules/@angular/cli minipass-pipeline@1.2.4 OK for: cacache@20.0.4 want: ^1.2.4
1238 silly placeDep node_modules/@angular/cli p-map@7.0.4 OK for: cacache@20.0.4 want: ^7.0.2
1239 silly fetch manifest minipass@^3.0.0
1240 silly packumentCache full:https://registry.npmjs.org/minipass cache-hit
1241 silly fetch manifest minipass@^3.0.0
1242 silly packumentCache full:https://registry.npmjs.org/minipass cache-hit
1243 silly placeDep node_modules/@angular/cli minimatch@10.2.5 OK for: glob@13.0.6 want: ^10.2.2
1244 silly placeDep node_modules/@angular/cli path-scurry@2.0.2 OK for: glob@13.0.6 want: ^2.0.2
1245 silly fetch manifest brace-expansion@^5.0.5
1246 silly packumentCache full:https://registry.npmjs.org/brace-expansion cache-miss
1247 http fetch GET 200 https://registry.npmjs.org/brace-expansion 41ms (cache updated)
1248 silly packumentCache full:https://registry.npmjs.org/brace-expansion set size:undefined disposed:false
1249 silly placeDep node_modules/@angular/cli brace-expansion@5.0.6 OK for: minimatch@10.2.5 want: ^5.0.5
1250 silly fetch manifest balanced-match@^4.0.2
1251 silly packumentCache full:https://registry.npmjs.org/balanced-match cache-miss
1252 http fetch GET 200 https://registry.npmjs.org/balanced-match 37ms (cache updated)
1253 silly packumentCache full:https://registry.npmjs.org/balanced-match set size:undefined disposed:false
1254 silly placeDep node_modules/@angular/cli balanced-match@4.0.4 OK for: brace-expansion@5.0.6 want: ^4.0.2
1255 silly placeDep node_modules/@angular/cli/node_modules/minipass-flush minipass@3.3.6 OK for: minipass-flush@1.0.7 want: ^3.0.0
1256 silly fetch manifest yallist@^4.0.0
1257 silly packumentCache full:https://registry.npmjs.org/yallist cache-hit
1258 silly placeDep node_modules/@angular/cli/node_modules/minipass-pipeline minipass@3.3.6 OK for: minipass-pipeline@1.2.4 want: ^3.0.0
1259 silly placeDep node_modules/@angular/cli env-paths@2.2.1 OK for: node-gyp@12.3.0 want: ^2.2.0
1260 silly placeDep node_modules/@angular/cli exponential-backoff@3.1.3 OK for: node-gyp@12.3.0 want: ^3.1.1
1261 silly placeDep node_modules/@angular/cli graceful-fs@4.2.11 OK for: node-gyp@12.3.0 want: ^4.2.6
1262 silly placeDep node_modules/@angular/cli nopt@9.0.0 OK for: node-gyp@12.3.0 want: ^9.0.0
1263 silly placeDep node_modules/@angular/cli tinyglobby@0.2.16 OK for: node-gyp@12.3.0 want: ^0.2.12
1264 silly placeDep node_modules/@angular/cli undici@6.25.0 OK for: node-gyp@12.3.0 want: ^6.25.0
1265 silly placeDep node_modules/@angular/cli/node_modules/node-gyp which@6.0.1 OK for: node-gyp@12.3.0 want: ^6.0.0
1266 silly fetch manifest abbrev@^4.0.0
1267 silly packumentCache full:https://registry.npmjs.org/abbrev cache-miss
1268 silly fetch manifest fdir@^6.5.0
1269 silly packumentCache full:https://registry.npmjs.org/fdir cache-miss
1270 http fetch GET 200 https://registry.npmjs.org/abbrev 27ms (cache miss)
1271 silly packumentCache full:https://registry.npmjs.org/abbrev set size:undefined disposed:false
1272 http fetch GET 200 https://registry.npmjs.org/fdir 29ms (cache revalidated)
1273 silly packumentCache full:https://registry.npmjs.org/fdir set size:136182 disposed:false
1274 silly placeDep node_modules/@angular/cli abbrev@4.0.0 OK for: nopt@9.0.0 want: ^4.0.0
1275 silly placeDep node_modules/@angular/cli ignore-walk@8.0.0 OK for: npm-packlist@10.0.4 want: ^8.0.0
1276 silly placeDep node_modules/@angular/cli npm-install-checks@8.0.0 OK for: npm-pick-manifest@11.0.3 want: ^8.0.0
1277 silly placeDep node_modules/@angular/cli @npmcli/redact@4.0.0 OK for: npm-registry-fetch@19.1.1 want: ^4.0.0
1278 silly placeDep node_modules/@angular/cli jsonparse@1.3.1 OK for: npm-registry-fetch@19.1.1 want: ^1.3.1
1279 silly placeDep node_modules/@angular/cli make-fetch-happen@15.0.5 OK for: npm-registry-fetch@19.1.1 want: ^15.0.0
1280 silly placeDep node_modules/@angular/cli minipass-fetch@5.0.2 OK for: npm-registry-fetch@19.1.1 want: ^5.0.0
1281 silly placeDep node_modules/@angular/cli minizlib@3.1.0 OK for: npm-registry-fetch@19.1.1 want: ^3.0.1
1282 silly fetch manifest @npmcli/agent@^4.0.0
1283 silly packumentCache full:https://registry.npmjs.org/@npmcli%2fagent cache-miss
1284 silly fetch manifest http-cache-semantics@^4.1.1
1285 silly packumentCache full:https://registry.npmjs.org/http-cache-semantics cache-miss
1286 silly fetch manifest minipass-sized@^2.0.0
1287 silly packumentCache full:https://registry.npmjs.org/minipass-sized cache-miss
1288 http fetch GET 200 https://registry.npmjs.org/minipass-sized 24ms (cache miss)
1289 silly packumentCache full:https://registry.npmjs.org/minipass-sized set size:undefined disposed:false
1290 http fetch GET 200 https://registry.npmjs.org/http-cache-semantics 41ms (cache miss)
1291 silly packumentCache full:https://registry.npmjs.org/http-cache-semantics set size:undefined disposed:false
1292 http fetch GET 200 https://registry.npmjs.org/@npmcli%2fagent 46ms (cache miss)
1293 silly packumentCache full:https://registry.npmjs.org/@npmcli%2fagent set size:undefined disposed:false
1294 silly placeDep node_modules/@angular/cli @npmcli/agent@4.0.0 OK for: make-fetch-happen@15.0.5 want: ^4.0.0
1295 silly placeDep node_modules/@angular/cli http-cache-semantics@4.2.0 OK for: make-fetch-happen@15.0.5 want: ^4.1.1
1296 silly fetch manifest agent-base@^7.1.0
1297 silly packumentCache full:https://registry.npmjs.org/agent-base cache-miss
1298 silly fetch manifest http-proxy-agent@^7.0.0
1299 silly packumentCache full:https://registry.npmjs.org/http-proxy-agent cache-miss
1300 silly fetch manifest https-proxy-agent@^7.0.1
1301 silly packumentCache full:https://registry.npmjs.org/https-proxy-agent cache-miss
1302 silly fetch manifest socks-proxy-agent@^8.0.3
1303 silly packumentCache full:https://registry.npmjs.org/socks-proxy-agent cache-miss
1304 http fetch GET 200 https://registry.npmjs.org/https-proxy-agent 40ms (cache updated)
1305 silly packumentCache full:https://registry.npmjs.org/https-proxy-agent set size:undefined disposed:false
1306 http fetch GET 200 https://registry.npmjs.org/http-proxy-agent 41ms (cache updated)
1307 silly packumentCache full:https://registry.npmjs.org/http-proxy-agent set size:undefined disposed:false
1308 http fetch GET 200 https://registry.npmjs.org/agent-base 43ms (cache updated)
1309 silly packumentCache full:https://registry.npmjs.org/agent-base set size:undefined disposed:false
1310 http fetch GET 200 https://registry.npmjs.org/socks-proxy-agent 43ms (cache miss)
1311 silly packumentCache full:https://registry.npmjs.org/socks-proxy-agent set size:undefined disposed:false
1312 silly placeDep node_modules/@angular/cli agent-base@7.1.4 OK for: @npmcli/agent@4.0.0 want: ^7.1.0
1313 silly placeDep node_modules/@angular/cli http-proxy-agent@7.0.2 OK for: @npmcli/agent@4.0.0 want: ^7.0.0
1314 silly placeDep node_modules/@angular/cli https-proxy-agent@7.0.6 OK for: @npmcli/agent@4.0.0 want: ^7.0.1
1315 silly placeDep node_modules/@angular/cli socks-proxy-agent@8.0.5 OK for: @npmcli/agent@4.0.0 want: ^8.0.3
1316 silly fetch manifest socks@^2.8.3
1317 silly packumentCache full:https://registry.npmjs.org/socks cache-miss
1318 http fetch GET 200 https://registry.npmjs.org/socks 44ms (cache miss)
1319 silly packumentCache full:https://registry.npmjs.org/socks set size:undefined disposed:false
1320 silly placeDep node_modules/@angular/cli minipass-sized@2.0.0 OK for: minipass-fetch@5.0.2 want: ^2.0.0
1321 silly placeDep node_modules/@angular/cli entities@6.0.1 OK for: parse5-html-rewriting-stream@8.0.0 want: ^6.0.0
1322 silly placeDep node_modules/@angular/cli parse5@8.0.1 OK for: parse5-html-rewriting-stream@8.0.0 want: ^8.0.0
1323 silly placeDep node_modules/@angular/cli parse5-sax-parser@8.0.0 OK for: parse5-html-rewriting-stream@8.0.0 want: ^8.0.0
1324 silly fetch manifest entities@^8.0.0
1325 silly packumentCache full:https://registry.npmjs.org/entities cache-miss
1326 http cache https://registry.npmjs.org/entities 2ms (cache hit)
1327 silly packumentCache full:https://registry.npmjs.org/entities set size:101550 disposed:false
1328 silly placeDep node_modules/@angular/cli/node_modules/parse5 entities@8.0.0 OK for: parse5@8.0.1 want: ^8.0.0
1329 silly placeDep node_modules/@angular/cli err-code@2.0.3 OK for: promise-retry@2.0.1 want: ^2.0.2
1330 silly placeDep node_modules/@angular/cli retry@0.12.0 OK for: promise-retry@2.0.1 want: ^0.12.0
1331 silly placeDep node_modules/@angular/cli forwarded@0.2.0 OK for: proxy-addr@2.0.7 want: 0.2.0
1332 silly placeDep node_modules/@angular/cli ipaddr.js@1.9.1 OK for: proxy-addr@2.0.7 want: 1.9.1
1333 silly placeDep node_modules/@angular/cli side-channel@1.1.0 OK for: qs@6.15.1 want: ^1.1.0
1334 silly fetch manifest es-errors@^1.3.0
1335 silly packumentCache full:https://registry.npmjs.org/es-errors cache-miss
1336 silly fetch manifest object-inspect@^1.13.3
1337 silly packumentCache full:https://registry.npmjs.org/object-inspect cache-miss
1338 silly fetch manifest side-channel-list@^1.0.0
1339 silly packumentCache full:https://registry.npmjs.org/side-channel-list cache-miss
1340 silly fetch manifest side-channel-map@^1.0.1
1341 silly packumentCache full:https://registry.npmjs.org/side-channel-map cache-miss
1342 silly fetch manifest side-channel-weakmap@^1.0.2
1343 silly packumentCache full:https://registry.npmjs.org/side-channel-weakmap cache-miss
1344 http fetch GET 200 https://registry.npmjs.org/object-inspect 25ms (cache revalidated)
1345 silly packumentCache full:https://registry.npmjs.org/object-inspect set size:101912 disposed:false
1346 http fetch GET 200 https://registry.npmjs.org/es-errors 30ms (cache revalidated)
1347 silly packumentCache full:https://registry.npmjs.org/es-errors set size:16918 disposed:false
1348 http fetch GET 200 https://registry.npmjs.org/side-channel-weakmap 30ms (cache revalidated)
1349 silly packumentCache full:https://registry.npmjs.org/side-channel-weakmap set size:12620 disposed:false
1350 http fetch GET 200 https://registry.npmjs.org/side-channel-list 31ms (cache updated)
1351 silly packumentCache full:https://registry.npmjs.org/side-channel-list set size:undefined disposed:false
1352 http fetch GET 200 https://registry.npmjs.org/side-channel-map 31ms (cache revalidated)
1353 silly packumentCache full:https://registry.npmjs.org/side-channel-map set size:9126 disposed:false
1354 silly placeDep node_modules/@angular/cli unpipe@1.0.0 OK for: raw-body@3.0.2 want: ~1.0.0
1355 silly placeDep node_modules/@angular/cli onetime@7.0.0 OK for: restore-cursor@5.1.0 want: ^7.0.0
1356 silly fetch manifest mimic-function@^5.0.0
1357 silly packumentCache full:https://registry.npmjs.org/mimic-function cache-miss
1358 http fetch GET 200 https://registry.npmjs.org/mimic-function 98ms (cache miss)
1359 silly packumentCache full:https://registry.npmjs.org/mimic-function set size:undefined disposed:false
1360 silly placeDep node_modules/@angular/cli mimic-function@5.0.1 OK for: onetime@7.0.0 want: ^5.0.0
1361 silly placeDep node_modules/@angular/cli is-promise@4.0.0 OK for: router@2.2.0 want: ^4.0.0
1362 silly placeDep node_modules/@angular/cli path-to-regexp@8.4.2 OK for: router@2.2.0 want: ^8.0.0
1363 silly placeDep node_modules/@angular/cli tslib@2.8.1 OK for: rxjs@7.8.2 want: ^2.1.0
1364 silly placeDep node_modules/@angular/cli shebang-regex@3.0.0 OK for: shebang-command@2.0.0 want: ^3.0.0
1365 silly placeDep node_modules/@angular/cli es-errors@1.3.0 OK for: side-channel@1.1.0 want: ^1.3.0
1366 silly placeDep node_modules/@angular/cli object-inspect@1.13.4 OK for: side-channel@1.1.0 want: ^1.13.3
1367 silly placeDep node_modules/@angular/cli side-channel-list@1.0.1 OK for: side-channel@1.1.0 want: ^1.0.0
1368 silly placeDep node_modules/@angular/cli side-channel-map@1.0.1 OK for: side-channel@1.1.0 want: ^1.0.1
1369 silly placeDep node_modules/@angular/cli side-channel-weakmap@1.0.2 OK for: side-channel@1.1.0 want: ^1.0.2
1370 silly fetch manifest call-bound@^1.0.2
1371 silly packumentCache full:https://registry.npmjs.org/call-bound cache-miss
1372 silly fetch manifest get-intrinsic@^1.2.5
1373 silly packumentCache full:https://registry.npmjs.org/get-intrinsic cache-miss
1374 silly fetch manifest call-bound@^1.0.2
1375 silly packumentCache full:https://registry.npmjs.org/call-bound cache-miss
1376 silly fetch manifest get-intrinsic@^1.2.5
1377 silly packumentCache full:https://registry.npmjs.org/get-intrinsic cache-miss
1378 http fetch GET 200 https://registry.npmjs.org/call-bound 25ms (cache revalidated)
1379 silly packumentCache full:https://registry.npmjs.org/call-bound set size:15317 disposed:false
1380 http fetch GET 200 https://registry.npmjs.org/call-bound 25ms (cache revalidated)
1381 silly packumentCache full:https://registry.npmjs.org/call-bound set size:15317 disposed:false
1382 silly packumentCache full:https://registry.npmjs.org/call-bound dispose
1383 http fetch GET 200 https://registry.npmjs.org/get-intrinsic 27ms (cache revalidated)
1384 silly packumentCache full:https://registry.npmjs.org/get-intrinsic set size:60985 disposed:false
1385 http fetch GET 200 https://registry.npmjs.org/get-intrinsic 30ms (cache revalidated)
1386 silly packumentCache full:https://registry.npmjs.org/get-intrinsic set size:60985 disposed:false
1387 silly packumentCache full:https://registry.npmjs.org/get-intrinsic dispose
1388 silly placeDep node_modules/@angular/cli call-bound@1.0.4 OK for: side-channel-map@1.0.1 want: ^1.0.2
1389 silly placeDep node_modules/@angular/cli get-intrinsic@1.3.0 OK for: side-channel-map@1.0.1 want: ^1.2.5
1390 silly fetch manifest call-bind-apply-helpers@^1.0.2
1391 silly packumentCache full:https://registry.npmjs.org/call-bind-apply-helpers cache-miss
1392 silly fetch manifest get-intrinsic@^1.3.0
1393 silly packumentCache full:https://registry.npmjs.org/get-intrinsic cache-hit
1394 silly fetch manifest gopd@^1.2.0
1395 silly packumentCache full:https://registry.npmjs.org/gopd cache-miss
1396 silly fetch manifest hasown@^2.0.2
1397 silly packumentCache full:https://registry.npmjs.org/hasown cache-miss
1398 silly fetch manifest get-proto@^1.0.1
1399 silly packumentCache full:https://registry.npmjs.org/get-proto cache-miss
1400 silly fetch manifest has-symbols@^1.1.0
1401 silly packumentCache full:https://registry.npmjs.org/has-symbols cache-miss
1402 silly fetch manifest function-bind@^1.1.2
1403 silly packumentCache full:https://registry.npmjs.org/function-bind cache-miss
1404 silly fetch manifest es-object-atoms@^1.1.1
1405 silly packumentCache full:https://registry.npmjs.org/es-object-atoms cache-miss
1406 http fetch GET 200 https://registry.npmjs.org/call-bind-apply-helpers 28ms (cache revalidated)
1407 silly packumentCache full:https://registry.npmjs.org/call-bind-apply-helpers set size:12744 disposed:false
1408 silly fetch manifest math-intrinsics@^1.1.0
1409 silly packumentCache full:https://registry.npmjs.org/math-intrinsics cache-miss
1410 http fetch GET 200 https://registry.npmjs.org/get-proto 28ms (cache revalidated)
1411 silly packumentCache full:https://registry.npmjs.org/get-proto set size:8300 disposed:false
1412 silly fetch manifest es-define-property@^1.0.1
1413 silly packumentCache full:https://registry.npmjs.org/es-define-property cache-miss
1414 http fetch GET 200 https://registry.npmjs.org/es-object-atoms 28ms (cache revalidated)
1415 silly packumentCache full:https://registry.npmjs.org/es-object-atoms set size:15304 disposed:false
1416 http fetch GET 200 https://registry.npmjs.org/gopd 30ms (cache revalidated)
1417 silly packumentCache full:https://registry.npmjs.org/gopd set size:11458 disposed:false
1418 http fetch GET 200 https://registry.npmjs.org/has-symbols 34ms (cache revalidated)
1419 silly packumentCache full:https://registry.npmjs.org/has-symbols set size:21550 disposed:false
1420 http fetch GET 200 https://registry.npmjs.org/function-bind 35ms (cache revalidated)
1421 silly packumentCache full:https://registry.npmjs.org/function-bind set size:15733 disposed:false
1422 http fetch GET 200 https://registry.npmjs.org/hasown 36ms (cache updated)
1423 silly packumentCache full:https://registry.npmjs.org/hasown set size:undefined disposed:false
1424 http fetch GET 200 https://registry.npmjs.org/es-define-property 26ms (cache revalidated)
1425 silly packumentCache full:https://registry.npmjs.org/es-define-property set size:8542 disposed:false
1426 http fetch GET 200 https://registry.npmjs.org/math-intrinsics 27ms (cache revalidated)
1427 silly packumentCache full:https://registry.npmjs.org/math-intrinsics set size:9265 disposed:false
1428 silly placeDep node_modules/@angular/cli call-bind-apply-helpers@1.0.2 OK for: call-bound@1.0.4 want: ^1.0.2
1429 silly placeDep node_modules/@angular/cli function-bind@1.1.2 OK for: call-bind-apply-helpers@1.0.2 want: ^1.1.2
1430 silly placeDep node_modules/@angular/cli es-define-property@1.0.1 OK for: get-intrinsic@1.3.0 want: ^1.0.1
1431 silly placeDep node_modules/@angular/cli es-object-atoms@1.1.1 OK for: get-intrinsic@1.3.0 want: ^1.1.1
1432 silly placeDep node_modules/@angular/cli get-proto@1.0.1 OK for: get-intrinsic@1.3.0 want: ^1.0.1
1433 silly placeDep node_modules/@angular/cli gopd@1.2.0 OK for: get-intrinsic@1.3.0 want: ^1.2.0
1434 silly placeDep node_modules/@angular/cli has-symbols@1.1.0 OK for: get-intrinsic@1.3.0 want: ^1.1.0
1435 silly placeDep node_modules/@angular/cli hasown@2.0.3 OK for: get-intrinsic@1.3.0 want: ^2.0.2
1436 silly placeDep node_modules/@angular/cli math-intrinsics@1.1.0 OK for: get-intrinsic@1.3.0 want: ^1.1.0
1437 silly fetch manifest dunder-proto@^1.0.1
1438 silly packumentCache full:https://registry.npmjs.org/dunder-proto cache-miss
1439 http fetch GET 200 https://registry.npmjs.org/dunder-proto 20ms (cache revalidated)
1440 silly packumentCache full:https://registry.npmjs.org/dunder-proto set size:8256 disposed:false
1441 silly placeDep node_modules/@angular/cli dunder-proto@1.0.1 OK for: get-proto@1.0.1 want: ^1.0.1
1442 silly placeDep node_modules/@angular/cli @sigstore/bundle@4.0.0 OK for: sigstore@4.1.0 want: ^4.0.0
1443 silly placeDep node_modules/@angular/cli @sigstore/core@3.2.0 OK for: sigstore@4.1.0 want: ^3.1.0
1444 silly placeDep node_modules/@angular/cli @sigstore/protobuf-specs@0.5.1 OK for: sigstore@4.1.0 want: ^0.5.0
1445 silly placeDep node_modules/@angular/cli @sigstore/sign@4.1.1 OK for: sigstore@4.1.0 want: ^4.1.0
1446 silly placeDep node_modules/@angular/cli @sigstore/tuf@4.0.2 OK for: sigstore@4.1.0 want: ^4.0.1
1447 silly placeDep node_modules/@angular/cli @sigstore/verify@3.1.0 OK for: sigstore@4.1.0 want: ^3.1.0
1448 silly fetch manifest tuf-js@^4.1.0
1449 silly packumentCache full:https://registry.npmjs.org/tuf-js cache-miss
1450 http fetch GET 200 https://registry.npmjs.org/tuf-js 37ms (cache miss)
1451 silly packumentCache full:https://registry.npmjs.org/tuf-js set size:undefined disposed:false
1452 silly placeDep node_modules/@angular/cli tuf-js@4.1.0 OK for: @sigstore/tuf@4.0.2 want: ^4.1.0
1453 silly fetch manifest @tufjs/models@4.1.0
1454 silly packumentCache full:https://registry.npmjs.org/@tufjs%2fmodels cache-miss
1455 http fetch GET 200 https://registry.npmjs.org/@tufjs%2fmodels 38ms (cache miss)
1456 silly packumentCache full:https://registry.npmjs.org/@tufjs%2fmodels set size:undefined disposed:false
1457 silly placeDep node_modules/@angular/cli ansi-styles@6.2.3 OK for: slice-ansi@8.0.0 want: ^6.2.3
1458 silly placeDep node_modules/@angular/cli is-fullwidth-code-point@5.1.0 OK for: slice-ansi@8.0.0 want: ^5.1.0
1459 silly fetch manifest get-east-asian-width@^1.3.1
1460 silly packumentCache full:https://registry.npmjs.org/get-east-asian-width cache-miss
1461 http cache https://registry.npmjs.org/get-east-asian-width 1ms (cache hit)
1462 silly packumentCache full:https://registry.npmjs.org/get-east-asian-width set size:20538 disposed:false
1463 silly placeDep node_modules/@angular/cli get-east-asian-width@1.6.0 OK for: is-fullwidth-code-point@5.1.0 want: ^1.3.1
1464 silly placeDep node_modules/@angular/cli socks@2.8.9 OK for: socks-proxy-agent@8.0.5 want: ^2.8.3
1465 silly fetch manifest smart-buffer@^4.2.0
1466 silly packumentCache full:https://registry.npmjs.org/smart-buffer cache-miss
1467 http fetch GET 200 https://registry.npmjs.org/smart-buffer 40ms (cache miss)
1468 silly packumentCache full:https://registry.npmjs.org/smart-buffer set size:undefined disposed:false
1469 silly placeDep node_modules/@angular/cli smart-buffer@4.2.0 OK for: socks@2.8.9 want: ^4.2.0
1470 silly placeDep node_modules/@angular/cli spdx-exceptions@2.5.0 OK for: spdx-expression-parse@4.0.0 want: ^2.1.0
1471 silly placeDep node_modules/@angular/cli spdx-license-ids@3.0.23 OK for: spdx-expression-parse@4.0.0 want: ^3.0.0
1472 silly placeDep node_modules/@angular/cli ansi-regex@6.2.2 OK for: strip-ansi@7.2.0 want: ^6.2.2
1473 silly placeDep node_modules/@angular/cli @isaacs/fs-minipass@4.0.1 OK for: tar@7.5.15 want: ^4.0.0
1474 silly placeDep node_modules/@angular/cli chownr@3.0.0 OK for: tar@7.5.15 want: ^3.0.0
1475 silly placeDep node_modules/@angular/cli yallist@5.0.0 OK for: tar@7.5.15 want: ^5.0.0
1476 silly fetch manifest picomatch@^4.0.4
1477 silly packumentCache full:https://registry.npmjs.org/picomatch cache-miss
1478 http cache https://registry.npmjs.org/picomatch 2ms (cache hit)
1479 silly packumentCache full:https://registry.npmjs.org/picomatch set size:126376 disposed:false
1480 silly placeDep node_modules/@angular/cli fdir@6.5.0 OK for: tinyglobby@0.2.16 want: ^6.5.0
1481 silly placeDep node_modules/@angular/cli @tufjs/models@4.1.0 OK for: tuf-js@4.1.0 want: 4.1.0
1482 silly fetch manifest @tufjs/canonical-json@2.0.0
1483 silly packumentCache full:https://registry.npmjs.org/@tufjs%2fcanonical-json cache-miss
1484 http fetch GET 200 https://registry.npmjs.org/@tufjs%2fcanonical-json 45ms (cache miss)
1485 silly packumentCache full:https://registry.npmjs.org/@tufjs%2fcanonical-json set size:undefined disposed:false
1486 silly placeDep node_modules/@angular/cli @tufjs/canonical-json@2.0.0 OK for: @tufjs/models@4.1.0 want: 2.0.0
1487 silly placeDep node_modules/@angular/cli/node_modules/type-is content-type@2.0.0 OK for: type-is@2.1.0 want: ^2.0.0
1488 silly placeDep node_modules/@angular/cli media-typer@1.1.0 OK for: type-is@2.1.0 want: ^1.1.0
1489 silly placeDep node_modules/@angular/cli isexe@2.0.0 OK for: which@2.0.2 want: ^2.0.0
1490 silly placeDep node_modules/@angular/cli/node_modules/wrap-ansi ansi-styles@4.3.0 OK for: wrap-ansi@6.2.0 want: ^4.0.0
1491 silly placeDep node_modules/@angular/cli/node_modules/wrap-ansi string-width@4.2.3 OK for: wrap-ansi@6.2.0 want: ^4.1.0
1492 silly placeDep node_modules/@angular/cli/node_modules/wrap-ansi strip-ansi@6.0.1 OK for: wrap-ansi@6.2.0 want: ^6.0.0
1493 silly fetch manifest color-convert@^2.0.1
1494 silly packumentCache full:https://registry.npmjs.org/color-convert cache-miss
1495 silly fetch manifest strip-ansi@^6.0.1
1496 silly packumentCache full:https://registry.npmjs.org/strip-ansi cache-hit
1497 silly fetch manifest emoji-regex@^8.0.0
1498 silly packumentCache full:https://registry.npmjs.org/emoji-regex cache-miss
1499 silly fetch manifest is-fullwidth-code-point@^3.0.0
1500 silly packumentCache full:https://registry.npmjs.org/is-fullwidth-code-point cache-hit
1501 silly fetch manifest ansi-regex@^5.0.1
1502 silly packumentCache full:https://registry.npmjs.org/ansi-regex cache-hit
1503 http fetch GET 200 https://registry.npmjs.org/color-convert 27ms (cache revalidated)
1504 silly packumentCache full:https://registry.npmjs.org/color-convert set size:72663 disposed:false
1505 http fetch GET 200 https://registry.npmjs.org/emoji-regex 35ms (cache updated)
1506 silly packumentCache full:https://registry.npmjs.org/emoji-regex set size:undefined disposed:false
1507 silly placeDep node_modules/@angular/cli cliui@9.0.1 OK for: yargs@18.0.0 want: ^9.0.1
1508 silly placeDep node_modules/@angular/cli escalade@3.2.0 OK for: yargs@18.0.0 want: ^3.1.1
1509 silly placeDep node_modules/@angular/cli get-caller-file@2.0.5 OK for: yargs@18.0.0 want: ^2.0.5
1510 silly placeDep node_modules/@angular/cli/node_modules/yargs string-width@7.2.0 OK for: yargs@18.0.0 want: ^7.2.0
1511 silly placeDep node_modules/@angular/cli y18n@5.0.8 OK for: yargs@18.0.0 want: ^5.0.5
1512 silly placeDep node_modules/@angular/cli yargs-parser@22.0.0 OK for: yargs@18.0.0 want: ^22.0.0
1513 silly fetch manifest emoji-regex@^10.3.0
1514 silly packumentCache full:https://registry.npmjs.org/emoji-regex cache-miss
1515 http cache https://registry.npmjs.org/emoji-regex 2ms (cache hit)
1516 silly packumentCache full:https://registry.npmjs.org/emoji-regex set size:89064 disposed:false
1517 silly placeDep node_modules/@angular/cli/node_modules/cliui string-width@7.2.0 OK for: cliui@9.0.1 want: ^7.2.0
1518 silly placeDep node_modules/@angular/cli/node_modules/cliui wrap-ansi@9.0.2 OK for: cliui@9.0.1 want: ^9.0.0
1519 silly placeDep node_modules/@angular/cli/node_modules/@npmcli/git isexe@4.0.0 OK for: which@6.0.1 want: ^4.0.0
1520 silly placeDep node_modules/@angular/cli/node_modules/@npmcli/promise-spawn isexe@4.0.0 OK for: which@6.0.1 want: ^4.0.0
1521 silly placeDep node_modules/@angular/cli emoji-regex@10.6.0 OK for: string-width@7.2.0 want: ^10.3.0
1522 silly placeDep node_modules/@angular/cli/node_modules/listr2 string-width@7.2.0 OK for: wrap-ansi@9.0.2 want: ^7.0.0
1523 silly placeDep node_modules/@angular/cli/node_modules/log-update string-width@7.2.0 OK for: wrap-ansi@9.0.2 want: ^7.0.0
1524 silly placeDep node_modules/@angular/cli/node_modules/minipass-flush yallist@4.0.0 OK for: minipass@3.3.6 want: ^4.0.0
1525 silly placeDep node_modules/@angular/cli/node_modules/minipass-pipeline yallist@4.0.0 OK for: minipass@3.3.6 want: ^4.0.0
1526 silly placeDep node_modules/@angular/cli/node_modules/node-gyp isexe@4.0.0 OK for: which@6.0.1 want: ^4.0.0
1527 silly placeDep node_modules/@angular/cli color-convert@2.0.1 OK for: ansi-styles@4.3.0 want: ^2.0.1
1528 silly fetch manifest color-name@~1.1.4
1529 silly packumentCache full:https://registry.npmjs.org/color-name cache-miss
1530 http fetch GET 200 https://registry.npmjs.org/color-name 21ms (cache revalidated)
1531 silly packumentCache full:https://registry.npmjs.org/color-name set size:19467 disposed:false
1532 silly placeDep node_modules/@angular/cli color-name@1.1.4 OK for: color-convert@2.0.1 want: ~1.1.4
1533 silly placeDep node_modules/@angular/cli/node_modules/wrap-ansi emoji-regex@8.0.0 OK for: string-width@4.2.3 want: ^8.0.0
1534 silly placeDep node_modules/@angular/cli/node_modules/wrap-ansi is-fullwidth-code-point@3.0.0 OK for: string-width@4.2.3 want: ^3.0.0
1535 silly placeDep node_modules/@angular/cli/node_modules/wrap-ansi ansi-regex@5.0.1 OK for: strip-ansi@6.0.1 want: ^5.0.1
1536 silly reify moves {}
1537 http cache @angular/cli@https://registry.npmjs.org/@angular/cli/-/cli-21.2.11.tgz 0ms (cache hit)
1538 http cache color-name@https://registry.npmjs.org/color-name/-/color-name-1.1.4.tgz 0ms (cache hit)
1539 http cache color-convert@https://registry.npmjs.org/color-convert/-/color-convert-2.0.1.tgz 0ms (cache hit)
1540 http cache emoji-regex@https://registry.npmjs.org/emoji-regex/-/emoji-regex-10.6.0.tgz 0ms (cache hit)
1541 http cache yargs-parser@https://registry.npmjs.org/yargs-parser/-/yargs-parser-22.0.0.tgz 0ms (cache hit)
1542 http cache escalade@https://registry.npmjs.org/escalade/-/escalade-3.2.0.tgz 0ms (cache hit)
1543 http cache cliui@https://registry.npmjs.org/cliui/-/cliui-9.0.1.tgz 0ms (cache hit)
1544 http cache get-caller-file@https://registry.npmjs.org/get-caller-file/-/get-caller-file-2.0.5.tgz 0ms (cache hit)
1545 http cache wrap-ansi@https://registry.npmjs.org/wrap-ansi/-/wrap-ansi-9.0.2.tgz 0ms (cache hit)
1546 http cache isexe@https://registry.npmjs.org/isexe/-/isexe-2.0.0.tgz 0ms (cache hit)
1547 http cache media-typer@https://registry.npmjs.org/media-typer/-/media-typer-1.1.0.tgz 0ms (cache hit)
1548 http cache @tufjs/models@https://registry.npmjs.org/@tufjs/models/-/models-4.1.0.tgz 0ms (cache hit)
1549 http cache @tufjs/canonical-json@https://registry.npmjs.org/@tufjs/canonical-json/-/canonical-json-2.0.0.tgz 0ms (cache hit)
1550 http cache fdir@https://registry.npmjs.org/fdir/-/fdir-6.5.0.tgz 0ms (cache hit)
1551 http cache string-width@https://registry.npmjs.org/string-width/-/string-width-7.2.0.tgz 0ms (cache hit)
1552 http cache y18n@https://registry.npmjs.org/y18n/-/y18n-5.0.8.tgz 0ms (cache hit)
1553 http cache yallist@https://registry.npmjs.org/yallist/-/yallist-5.0.0.tgz 0ms (cache hit)
1554 http cache chownr@https://registry.npmjs.org/chownr/-/chownr-3.0.0.tgz 0ms (cache hit)
1555 http cache ansi-regex@https://registry.npmjs.org/ansi-regex/-/ansi-regex-6.2.2.tgz 0ms (cache hit)
1556 http cache @isaacs/fs-minipass@https://registry.npmjs.org/@isaacs/fs-minipass/-/fs-minipass-4.0.1.tgz 0ms (cache hit)
1557 http cache spdx-exceptions@https://registry.npmjs.org/spdx-exceptions/-/spdx-exceptions-2.5.0.tgz 0ms (cache hit)
1558 http cache smart-buffer@https://registry.npmjs.org/smart-buffer/-/smart-buffer-4.2.0.tgz 0ms (cache hit)
1559 http cache socks@https://registry.npmjs.org/socks/-/socks-2.8.9.tgz 0ms (cache hit)
1560 http cache get-east-asian-width@https://registry.npmjs.org/get-east-asian-width/-/get-east-asian-width-1.6.0.tgz 0ms (cache hit)
1561 http cache is-fullwidth-code-point@https://registry.npmjs.org/is-fullwidth-code-point/-/is-fullwidth-code-point-5.1.0.tgz 0ms (cache hit)
1562 http cache ansi-styles@https://registry.npmjs.org/ansi-styles/-/ansi-styles-6.2.3.tgz 0ms (cache hit)
1563 http cache tuf-js@https://registry.npmjs.org/tuf-js/-/tuf-js-4.1.0.tgz 0ms (cache hit)
1564 http cache @sigstore/tuf@https://registry.npmjs.org/@sigstore/tuf/-/tuf-4.0.2.tgz 0ms (cache hit)
1565 http cache @sigstore/verify@https://registry.npmjs.org/@sigstore/verify/-/verify-3.1.0.tgz 0ms (cache hit)
1566 http cache @sigstore/sign@https://registry.npmjs.org/@sigstore/sign/-/sign-4.1.1.tgz 0ms (cache hit)
1567 http cache @sigstore/core@https://registry.npmjs.org/@sigstore/core/-/core-3.2.0.tgz 0ms (cache hit)
1568 http cache spdx-license-ids@https://registry.npmjs.org/spdx-license-ids/-/spdx-license-ids-3.0.23.tgz 0ms (cache hit)
1569 http cache @sigstore/protobuf-specs@https://registry.npmjs.org/@sigstore/protobuf-specs/-/protobuf-specs-0.5.1.tgz 0ms (cache hit)
1570 http cache @sigstore/bundle@https://registry.npmjs.org/@sigstore/bundle/-/bundle-4.0.0.tgz 0ms (cache hit)
1571 http cache dunder-proto@https://registry.npmjs.org/dunder-proto/-/dunder-proto-1.0.1.tgz 0ms (cache hit)
1572 http cache math-intrinsics@https://registry.npmjs.org/math-intrinsics/-/math-intrinsics-1.1.0.tgz 0ms (cache hit)
1573 http cache hasown@https://registry.npmjs.org/hasown/-/hasown-2.0.3.tgz 0ms (cache hit)
1574 http cache gopd@https://registry.npmjs.org/gopd/-/gopd-1.2.0.tgz 0ms (cache hit)
1575 http cache has-symbols@https://registry.npmjs.org/has-symbols/-/has-symbols-1.1.0.tgz 0ms (cache hit)
1576 http cache get-proto@https://registry.npmjs.org/get-proto/-/get-proto-1.0.1.tgz 0ms (cache hit)
1577 http cache es-define-property@https://registry.npmjs.org/es-define-property/-/es-define-property-1.0.1.tgz 0ms (cache hit)
1578 http cache function-bind@https://registry.npmjs.org/function-bind/-/function-bind-1.1.2.tgz 0ms (cache hit)
1579 http cache call-bind-apply-helpers@https://registry.npmjs.org/call-bind-apply-helpers/-/call-bind-apply-helpers-1.0.2.tgz 0ms (cache hit)
1580 http cache get-intrinsic@https://registry.npmjs.org/get-intrinsic/-/get-intrinsic-1.3.0.tgz 0ms (cache hit)
1581 http cache side-channel-weakmap@https://registry.npmjs.org/side-channel-weakmap/-/side-channel-weakmap-1.0.2.tgz 0ms (cache hit)
1582 http cache side-channel-map@https://registry.npmjs.org/side-channel-map/-/side-channel-map-1.0.1.tgz 0ms (cache hit)
1583 http cache call-bound@https://registry.npmjs.org/call-bound/-/call-bound-1.0.4.tgz 0ms (cache hit)
1584 http cache side-channel-list@https://registry.npmjs.org/side-channel-list/-/side-channel-list-1.0.1.tgz 0ms (cache hit)
1585 http cache object-inspect@https://registry.npmjs.org/object-inspect/-/object-inspect-1.13.4.tgz 0ms (cache hit)
1586 http cache shebang-regex@https://registry.npmjs.org/shebang-regex/-/shebang-regex-3.0.0.tgz 0ms (cache hit)
1587 http cache es-errors@https://registry.npmjs.org/es-errors/-/es-errors-1.3.0.tgz 0ms (cache hit)
1588 http cache tslib@https://registry.npmjs.org/tslib/-/tslib-2.8.1.tgz 0ms (cache hit)
1589 http cache path-to-regexp@https://registry.npmjs.org/path-to-regexp/-/path-to-regexp-8.4.2.tgz 0ms (cache hit)
1590 http cache is-promise@https://registry.npmjs.org/is-promise/-/is-promise-4.0.0.tgz 0ms (cache hit)
1591 http cache es-object-atoms@https://registry.npmjs.org/es-object-atoms/-/es-object-atoms-1.1.1.tgz 0ms (cache hit)
1592 http cache mimic-function@https://registry.npmjs.org/mimic-function/-/mimic-function-5.0.1.tgz 0ms (cache hit)
1593 http cache unpipe@https://registry.npmjs.org/unpipe/-/unpipe-1.0.0.tgz 0ms (cache hit)
1594 http cache onetime@https://registry.npmjs.org/onetime/-/onetime-7.0.0.tgz 0ms (cache hit)
1595 http cache side-channel@https://registry.npmjs.org/side-channel/-/side-channel-1.1.0.tgz 0ms (cache hit)
1596 http cache forwarded@https://registry.npmjs.org/forwarded/-/forwarded-0.2.0.tgz 0ms (cache hit)
1597 http cache ipaddr.js@https://registry.npmjs.org/ipaddr.js/-/ipaddr.js-1.9.1.tgz 0ms (cache hit)
1598 http cache retry@https://registry.npmjs.org/retry/-/retry-0.12.0.tgz 0ms (cache hit)
1599 http cache err-code@https://registry.npmjs.org/err-code/-/err-code-2.0.3.tgz 0ms (cache hit)
1600 http cache parse5-sax-parser@https://registry.npmjs.org/parse5-sax-parser/-/parse5-sax-parser-8.0.0.tgz 0ms (cache hit)
1601 http cache entities@https://registry.npmjs.org/entities/-/entities-8.0.0.tgz 0ms (cache hit)
1602 http cache entities@https://registry.npmjs.org/entities/-/entities-6.0.1.tgz 0ms (cache hit)
1603 http cache minipass-sized@https://registry.npmjs.org/minipass-sized/-/minipass-sized-2.0.0.tgz 0ms (cache hit)
1604 http cache socks-proxy-agent@https://registry.npmjs.org/socks-proxy-agent/-/socks-proxy-agent-8.0.5.tgz 0ms (cache hit)
1605 http cache https-proxy-agent@https://registry.npmjs.org/https-proxy-agent/-/https-proxy-agent-7.0.6.tgz 0ms (cache hit)
1606 http cache http-proxy-agent@https://registry.npmjs.org/http-proxy-agent/-/http-proxy-agent-7.0.2.tgz 0ms (cache hit)
1607 http cache agent-base@https://registry.npmjs.org/agent-base/-/agent-base-7.1.4.tgz 0ms (cache hit)
1608 http cache http-cache-semantics@https://registry.npmjs.org/http-cache-semantics/-/http-cache-semantics-4.2.0.tgz 0ms (cache hit)
1609 http cache @npmcli/agent@https://registry.npmjs.org/@npmcli/agent/-/agent-4.0.0.tgz 0ms (cache hit)
1610 http cache minizlib@https://registry.npmjs.org/minizlib/-/minizlib-3.1.0.tgz 0ms (cache hit)
1611 http cache minipass-fetch@https://registry.npmjs.org/minipass-fetch/-/minipass-fetch-5.0.2.tgz 0ms (cache hit)
1612 http cache make-fetch-happen@https://registry.npmjs.org/make-fetch-happen/-/make-fetch-happen-15.0.5.tgz 0ms (cache hit)
1613 http cache jsonparse@https://registry.npmjs.org/jsonparse/-/jsonparse-1.3.1.tgz 0ms (cache hit)
1614 http cache @npmcli/redact@https://registry.npmjs.org/@npmcli/redact/-/redact-4.0.0.tgz 0ms (cache hit)
1615 http cache npm-install-checks@https://registry.npmjs.org/npm-install-checks/-/npm-install-checks-8.0.0.tgz 0ms (cache hit)
1616 http cache ignore-walk@https://registry.npmjs.org/ignore-walk/-/ignore-walk-8.0.0.tgz 0ms (cache hit)
1617 http cache parse5@https://registry.npmjs.org/parse5/-/parse5-8.0.1.tgz 0ms (cache hit)
1618 http cache abbrev@https://registry.npmjs.org/abbrev/-/abbrev-4.0.0.tgz 0ms (cache hit)
1619 http cache tinyglobby@https://registry.npmjs.org/tinyglobby/-/tinyglobby-0.2.16.tgz 0ms (cache hit)
1620 http cache nopt@https://registry.npmjs.org/nopt/-/nopt-9.0.0.tgz 0ms (cache hit)
1621 http cache graceful-fs@https://registry.npmjs.org/graceful-fs/-/graceful-fs-4.2.11.tgz 0ms (cache hit)
1622 http cache env-paths@https://registry.npmjs.org/env-paths/-/env-paths-2.2.1.tgz 0ms (cache hit)
1623 http cache exponential-backoff@https://registry.npmjs.org/exponential-backoff/-/exponential-backoff-3.1.3.tgz 0ms (cache hit)
1624 http cache balanced-match@https://registry.npmjs.org/balanced-match/-/balanced-match-4.0.4.tgz 0ms (cache hit)
1625 http cache brace-expansion@https://registry.npmjs.org/brace-expansion/-/brace-expansion-5.0.6.tgz 0ms (cache hit)
1626 http cache minimatch@https://registry.npmjs.org/minimatch/-/minimatch-10.2.5.tgz 0ms (cache hit)
1627 http cache undici@https://registry.npmjs.org/undici/-/undici-6.25.0.tgz 0ms (cache hit)
1628 http cache p-map@https://registry.npmjs.org/p-map/-/p-map-7.0.4.tgz 0ms (cache hit)
1629 http cache minipass-pipeline@https://registry.npmjs.org/minipass-pipeline/-/minipass-pipeline-1.2.4.tgz 0ms (cache hit)
1630 http cache yallist@https://registry.npmjs.org/yallist/-/yallist-4.0.0.tgz 0ms (cache hit)
1631 http cache minipass@https://registry.npmjs.org/minipass/-/minipass-3.3.6.tgz 0ms (cache hit)
1632 http cache minipass-flush@https://registry.npmjs.org/minipass-flush/-/minipass-flush-1.0.7.tgz 0ms (cache hit)
1633 http cache yallist@https://registry.npmjs.org/yallist/-/yallist-4.0.0.tgz 0ms (cache hit)
1634 http cache path-scurry@https://registry.npmjs.org/path-scurry/-/path-scurry-2.0.2.tgz 0ms (cache hit)
1635 http cache minipass-collect@https://registry.npmjs.org/minipass-collect/-/minipass-collect-2.0.1.tgz 0ms (cache hit)
1636 http cache @npmcli/fs@https://registry.npmjs.org/@npmcli/fs/-/fs-5.0.0.tgz 0ms (cache hit)
1637 http cache @npmcli/node-gyp@https://registry.npmjs.org/@npmcli/node-gyp/-/node-gyp-5.0.0.tgz 0ms (cache hit)
1638 http cache minipass@https://registry.npmjs.org/minipass/-/minipass-3.3.6.tgz 0ms (cache hit)
1639 http cache isexe@https://registry.npmjs.org/isexe/-/isexe-4.0.0.tgz 0ms (cache hit)
1640 http cache which@https://registry.npmjs.org/which/-/which-6.0.1.tgz 0ms (cache hit)
1641 http cache spdx-expression-parse@https://registry.npmjs.org/spdx-expression-parse/-/spdx-expression-parse-4.0.0.tgz 0ms (cache hit)
1642 http cache npm-normalize-package-bin@https://registry.npmjs.org/npm-normalize-package-bin/-/npm-normalize-package-bin-5.0.0.tgz 0ms (cache hit)
1643 http cache glob@https://registry.npmjs.org/glob/-/glob-13.0.6.tgz 0ms (cache hit)
1644 http cache node-gyp@https://registry.npmjs.org/node-gyp/-/node-gyp-12.3.0.tgz 0ms (cache hit)
1645 http cache json-parse-even-better-errors@https://registry.npmjs.org/json-parse-even-better-errors/-/json-parse-even-better-errors-5.0.0.tgz 0ms (cache hit)
1646 http cache npm-bundled@https://registry.npmjs.org/npm-bundled/-/npm-bundled-5.0.0.tgz 0ms (cache hit)
1647 http cache tar@https://registry.npmjs.org/tar/-/tar-7.5.15.tgz 0ms (cache hit)
1648 http cache ssri@https://registry.npmjs.org/ssri/-/ssri-13.0.1.tgz 0ms (cache hit)
1649 http cache sigstore@https://registry.npmjs.org/sigstore/-/sigstore-4.1.0.tgz 0ms (cache hit)
1650 http cache npm-registry-fetch@https://registry.npmjs.org/npm-registry-fetch/-/npm-registry-fetch-19.1.1.tgz 0ms (cache hit)
1651 http cache promise-retry@https://registry.npmjs.org/promise-retry/-/promise-retry-2.0.1.tgz 0ms (cache hit)
1652 http cache npm-pick-manifest@https://registry.npmjs.org/npm-pick-manifest/-/npm-pick-manifest-11.0.3.tgz 0ms (cache hit)
1653 http cache npm-packlist@https://registry.npmjs.org/npm-packlist/-/npm-packlist-10.0.4.tgz 0ms (cache hit)
1654 http cache minipass@https://registry.npmjs.org/minipass/-/minipass-7.1.3.tgz 0ms (cache hit)
1655 http cache fs-minipass@https://registry.npmjs.org/fs-minipass/-/fs-minipass-3.0.3.tgz 0ms (cache hit)
1656 http cache cacache@https://registry.npmjs.org/cacache/-/cacache-20.0.4.tgz 0ms (cache hit)
1657 http cache @npmcli/run-script@https://registry.npmjs.org/@npmcli/run-script/-/run-script-10.0.4.tgz 0ms (cache hit)
1658 http cache isexe@https://registry.npmjs.org/isexe/-/isexe-4.0.0.tgz 0ms (cache hit)
1659 http cache @npmcli/promise-spawn@https://registry.npmjs.org/@npmcli/promise-spawn/-/promise-spawn-9.0.1.tgz 0ms (cache hit)
1660 http cache which@https://registry.npmjs.org/which/-/which-6.0.1.tgz 0ms (cache hit)
1661 http cache @npmcli/package-json@https://registry.npmjs.org/@npmcli/package-json/-/package-json-7.0.5.tgz 0ms (cache hit)
1662 http cache @npmcli/installed-package-contents@https://registry.npmjs.org/@npmcli/installed-package-contents/-/installed-package-contents-4.0.0.tgz 0ms (cache hit)
1663 http cache yoctocolors@https://registry.npmjs.org/yoctocolors/-/yoctocolors-2.1.2.tgz 0ms (cache hit)
1664 http cache which@https://registry.npmjs.org/which/-/which-6.0.1.tgz 0ms (cache hit)
1665 http cache isexe@https://registry.npmjs.org/isexe/-/isexe-4.0.0.tgz 0ms (cache hit)
1666 http cache @gar/promise-retry@https://registry.npmjs.org/@gar/promise-retry/-/promise-retry-1.0.3.tgz 0ms (cache hit)
1667 http cache stdin-discarder@https://registry.npmjs.org/stdin-discarder/-/stdin-discarder-0.3.2.tgz 0ms (cache hit)
1668 http cache log-symbols@https://registry.npmjs.org/log-symbols/-/log-symbols-7.0.1.tgz 0ms (cache hit)
1669 http cache @npmcli/git@https://registry.npmjs.org/@npmcli/git/-/git-7.0.2.tgz 0ms (cache hit)
1670 http cache cli-spinners@https://registry.npmjs.org/cli-spinners/-/cli-spinners-3.4.0.tgz 0ms (cache hit)
1671 http cache chalk@https://registry.npmjs.org/chalk/-/chalk-5.6.2.tgz 0ms (cache hit)
1672 http cache ee-first@https://registry.npmjs.org/ee-first/-/ee-first-1.1.1.tgz 0ms (cache hit)
1673 http cache wrappy@https://registry.npmjs.org/wrappy/-/wrappy-1.0.2.tgz 0ms (cache hit)
1674 http cache lru-cache@https://registry.npmjs.org/lru-cache/-/lru-cache-11.3.6.tgz 0ms (cache hit)
1675 http cache is-interactive@https://registry.npmjs.org/is-interactive/-/is-interactive-2.0.0.tgz 0ms (cache hit)
1676 http cache validate-npm-package-name@https://registry.npmjs.org/validate-npm-package-name/-/validate-npm-package-name-7.0.2.tgz 0ms (cache hit)
1677 http cache proc-log@https://registry.npmjs.org/proc-log/-/proc-log-6.1.0.tgz 0ms (cache hit)
1678 http cache @jridgewell/sourcemap-codec@https://registry.npmjs.org/@jridgewell/sourcemap-codec/-/sourcemap-codec-1.5.5.tgz 0ms (cache hit)
1679 http cache mime-db@https://registry.npmjs.org/mime-db/-/mime-db-1.54.0.tgz 0ms (cache hit)
1680 http cache restore-cursor@https://registry.npmjs.org/restore-cursor/-/restore-cursor-5.1.0.tgz 0ms (cache hit)
1681 http cache hosted-git-info@https://registry.npmjs.org/hosted-git-info/-/hosted-git-info-9.0.3.tgz 0ms (cache hit)
1682 http cache environment@https://registry.npmjs.org/environment/-/environment-1.1.0.tgz 0ms (cache hit)
1683 http cache is-unicode-supported@https://registry.npmjs.org/is-unicode-supported/-/is-unicode-supported-2.1.0.tgz 0ms (cache hit)
1684 http cache strip-ansi@https://registry.npmjs.org/strip-ansi/-/strip-ansi-7.2.0.tgz 0ms (cache hit)
1685 http cache string-width@https://registry.npmjs.org/string-width/-/string-width-8.2.1.tgz 0ms (cache hit)
1686 http cache cli-cursor@https://registry.npmjs.org/cli-cursor/-/cli-cursor-5.0.0.tgz 0ms (cache hit)
1687 http cache rfdc@https://registry.npmjs.org/rfdc/-/rfdc-1.4.1.tgz 0ms (cache hit)
1688 http cache log-update@https://registry.npmjs.org/log-update/-/log-update-6.1.0.tgz 0ms (cache hit)
1689 http cache slice-ansi@https://registry.npmjs.org/slice-ansi/-/slice-ansi-8.0.0.tgz 0ms (cache hit)
1690 http cache string-width@https://registry.npmjs.org/string-width/-/string-width-7.2.0.tgz 0ms (cache hit)
1691 http cache wrap-ansi@https://registry.npmjs.org/wrap-ansi/-/wrap-ansi-9.0.2.tgz 0ms (cache hit)
1692 http cache slice-ansi@https://registry.npmjs.org/slice-ansi/-/slice-ansi-7.1.2.tgz 0ms (cache hit)
1693 http cache ansi-escapes@https://registry.npmjs.org/ansi-escapes/-/ansi-escapes-7.3.0.tgz 0ms (cache hit)
1694 http cache eventemitter3@https://registry.npmjs.org/eventemitter3/-/eventemitter3-5.0.4.tgz 0ms (cache hit)
1695 http cache colorette@https://registry.npmjs.org/colorette/-/colorette-2.0.20.tgz 0ms (cache hit)
1696 http cache toidentifier@https://registry.npmjs.org/toidentifier/-/toidentifier-1.0.1.tgz 0ms (cache hit)
1697 http cache safer-buffer@https://registry.npmjs.org/safer-buffer/-/safer-buffer-2.1.2.tgz 0ms (cache hit)
1698 http cache inherits@https://registry.npmjs.org/inherits/-/inherits-2.0.4.tgz 0ms (cache hit)
1699 http cache ip-address@https://registry.npmjs.org/ip-address/-/ip-address-10.2.0.tgz 0ms (cache hit)
1700 http cache ms@https://registry.npmjs.org/ms/-/ms-2.1.3.tgz 0ms (cache hit)
1701 http cache bytes@https://registry.npmjs.org/bytes/-/bytes-3.1.2.tgz 0ms (cache hit)
1702 http cache negotiator@https://registry.npmjs.org/negotiator/-/negotiator-1.0.0.tgz 0ms (cache hit)
1703 http cache type-is@https://registry.npmjs.org/type-is/-/type-is-2.1.0.tgz 0ms (cache hit)
1704 http cache content-type@https://registry.npmjs.org/content-type/-/content-type-2.0.0.tgz 0ms (cache hit)
1705 http cache statuses@https://registry.npmjs.org/statuses/-/statuses-2.0.2.tgz 0ms (cache hit)
1706 http cache setprototypeof@https://registry.npmjs.org/setprototypeof/-/setprototypeof-1.2.0.tgz 0ms (cache hit)
1707 http cache serve-static@https://registry.npmjs.org/serve-static/-/serve-static-2.2.1.tgz 0ms (cache hit)
1708 http cache range-parser@https://registry.npmjs.org/range-parser/-/range-parser-1.2.1.tgz 0ms (cache hit)
1709 http cache send@https://registry.npmjs.org/send/-/send-1.2.1.tgz 0ms (cache hit)
1710 http cache qs@https://registry.npmjs.org/qs/-/qs-6.15.1.tgz 0ms (cache hit)
1711 http cache parseurl@https://registry.npmjs.org/parseurl/-/parseurl-1.3.3.tgz 0ms (cache hit)
1712 http cache router@https://registry.npmjs.org/router/-/router-2.2.0.tgz 0ms (cache hit)
1713 http cache proxy-addr@https://registry.npmjs.org/proxy-addr/-/proxy-addr-2.0.7.tgz 0ms (cache hit)
1714 http cache once@https://registry.npmjs.org/once/-/once-1.4.0.tgz 0ms (cache hit)
1715 http cache cli-truncate@https://registry.npmjs.org/cli-truncate/-/cli-truncate-5.2.0.tgz 0ms (cache hit)
1716 http cache on-finished@https://registry.npmjs.org/on-finished/-/on-finished-2.4.1.tgz 0ms (cache hit)
1717 http cache mime-types@https://registry.npmjs.org/mime-types/-/mime-types-3.0.2.tgz 0ms (cache hit)
1718 http cache merge-descriptors@https://registry.npmjs.org/merge-descriptors/-/merge-descriptors-2.0.0.tgz 0ms (cache hit)
1719 http cache http-errors@https://registry.npmjs.org/http-errors/-/http-errors-2.0.1.tgz 0ms (cache hit)
1720 http cache finalhandler@https://registry.npmjs.org/finalhandler/-/finalhandler-2.1.1.tgz 0ms (cache hit)
1721 http cache escape-html@https://registry.npmjs.org/escape-html/-/escape-html-1.0.3.tgz 0ms (cache hit)
1722 http cache etag@https://registry.npmjs.org/etag/-/etag-1.8.1.tgz 0ms (cache hit)
1723 http cache encodeurl@https://registry.npmjs.org/encodeurl/-/encodeurl-2.0.0.tgz 0ms (cache hit)
1724 http cache debug@https://registry.npmjs.org/debug/-/debug-4.4.3.tgz 0ms (cache hit)
1725 http cache depd@https://registry.npmjs.org/depd/-/depd-2.0.0.tgz 0ms (cache hit)
1726 http cache cookie-signature@https://registry.npmjs.org/cookie-signature/-/cookie-signature-1.2.2.tgz 0ms (cache hit)
1727 http cache cookie@https://registry.npmjs.org/cookie/-/cookie-0.7.2.tgz 0ms (cache hit)
1728 http cache body-parser@https://registry.npmjs.org/body-parser/-/body-parser-2.2.2.tgz 0ms (cache hit)
1729 http cache accepts@https://registry.npmjs.org/accepts/-/accepts-2.0.0.tgz 0ms (cache hit)
1730 http cache which@https://registry.npmjs.org/which/-/which-2.0.2.tgz 0ms (cache hit)
1731 http cache shebang-command@https://registry.npmjs.org/shebang-command/-/shebang-command-2.0.0.tgz 0ms (cache hit)
1732 http cache object-assign@https://registry.npmjs.org/object-assign/-/object-assign-4.1.1.tgz 0ms (cache hit)
1733 http cache @algolia/requester-node-http@https://registry.npmjs.org/@algolia/requester-node-http/-/requester-node-http-5.48.1.tgz 0ms (cache hit)
1734 http cache @algolia/requester-fetch@https://registry.npmjs.org/@algolia/requester-fetch/-/requester-fetch-5.48.1.tgz 0ms (cache hit)
1735 http cache content-disposition@https://registry.npmjs.org/content-disposition/-/content-disposition-1.1.0.tgz 0ms (cache hit)
1736 http cache @algolia/requester-browser-xhr@https://registry.npmjs.org/@algolia/requester-browser-xhr/-/requester-browser-xhr-5.48.1.tgz 0ms (cache hit)
1737 http cache @algolia/recommend@https://registry.npmjs.org/@algolia/recommend/-/recommend-5.48.1.tgz 0ms (cache hit)
1738 http cache fresh@https://registry.npmjs.org/fresh/-/fresh-2.0.0.tgz 0ms (cache hit)
1739 http cache path-key@https://registry.npmjs.org/path-key/-/path-key-3.1.1.tgz 0ms (cache hit)
1740 http cache @algolia/client-personalization@https://registry.npmjs.org/@algolia/client-personalization/-/client-personalization-5.48.1.tgz 0ms (cache hit)
1741 http cache vary@https://registry.npmjs.org/vary/-/vary-1.1.2.tgz 0ms (cache hit)
1742 http cache @algolia/ingestion@https://registry.npmjs.org/@algolia/ingestion/-/ingestion-1.48.1.tgz 0ms (cache hit)
1743 http cache @algolia/monitoring@https://registry.npmjs.org/@algolia/monitoring/-/monitoring-1.48.1.tgz 0ms (cache hit)
1744 http cache @algolia/client-common@https://registry.npmjs.org/@algolia/client-common/-/client-common-5.48.1.tgz 0ms (cache hit)
1745 http cache @algolia/client-search@https://registry.npmjs.org/@algolia/client-search/-/client-search-5.48.1.tgz 0ms (cache hit)
1746 http cache @algolia/client-insights@https://registry.npmjs.org/@algolia/client-insights/-/client-insights-5.48.1.tgz 0ms (cache hit)
1747 http cache @algolia/client-query-suggestions@https://registry.npmjs.org/@algolia/client-query-suggestions/-/client-query-suggestions-5.48.1.tgz 0ms (cache hit)
1748 http cache @algolia/client-abtesting@https://registry.npmjs.org/@algolia/client-abtesting/-/client-abtesting-5.48.1.tgz 0ms (cache hit)
1749 http cache @algolia/abtesting@https://registry.npmjs.org/@algolia/abtesting/-/abtesting-1.14.1.tgz 0ms (cache hit)
1750 http cache json-schema-traverse@https://registry.npmjs.org/json-schema-traverse/-/json-schema-traverse-1.0.0.tgz 0ms (cache hit)
1751 http cache fast-deep-equal@https://registry.npmjs.org/fast-deep-equal/-/fast-deep-equal-3.1.3.tgz 0ms (cache hit)
1752 http cache fast-uri@https://registry.npmjs.org/fast-uri/-/fast-uri-3.1.2.tgz 0ms (cache hit)
1753 http cache zod-to-json-schema@https://registry.npmjs.org/zod-to-json-schema/-/zod-to-json-schema-3.25.2.tgz 0ms (cache hit)
1754 http cache raw-body@https://registry.npmjs.org/raw-body/-/raw-body-3.0.2.tgz 0ms (cache hit)
1755 http cache @algolia/client-analytics@https://registry.npmjs.org/@algolia/client-analytics/-/client-analytics-5.48.1.tgz 0ms (cache hit)
1756 http cache pkce-challenge@https://registry.npmjs.org/pkce-challenge/-/pkce-challenge-5.0.1.tgz 0ms (cache hit)
1757 http cache jose@https://registry.npmjs.org/jose/-/jose-6.2.3.tgz 0ms (cache hit)
1758 http cache express-rate-limit@https://registry.npmjs.org/express-rate-limit/-/express-rate-limit-8.5.2.tgz 0ms (cache hit)
1759 http cache express@https://registry.npmjs.org/express/-/express-5.2.1.tgz 0ms (cache hit)
1760 http cache eventsource-parser@https://registry.npmjs.org/eventsource-parser/-/eventsource-parser-3.0.8.tgz 0ms (cache hit)
1761 http cache cross-spawn@https://registry.npmjs.org/cross-spawn/-/cross-spawn-7.0.6.tgz 0ms (cache hit)
1762 http cache cors@https://registry.npmjs.org/cors/-/cors-2.8.6.tgz 0ms (cache hit)
1763 http cache eventsource@https://registry.npmjs.org/eventsource/-/eventsource-3.0.7.tgz 0ms (cache hit)
1764 http cache json-schema-typed@https://registry.npmjs.org/json-schema-typed/-/json-schema-typed-8.0.2.tgz 0ms (cache hit)
1765 http cache content-type@https://registry.npmjs.org/content-type/-/content-type-1.0.5.tgz 0ms (cache hit)
1766 http cache hono@https://registry.npmjs.org/hono/-/hono-4.12.18.tgz 0ms (cache hit)
1767 http cache require-from-string@https://registry.npmjs.org/require-from-string/-/require-from-string-2.0.2.tgz 0ms (cache hit)
1768 http cache @hono/node-server@https://registry.npmjs.org/@hono/node-server/-/node-server-1.19.14.tgz 0ms (cache hit)
1769 http cache @inquirer/external-editor@https://registry.npmjs.org/@inquirer/external-editor/-/external-editor-1.0.3.tgz 0ms (cache hit)
1770 http cache chardet@https://registry.npmjs.org/chardet/-/chardet-2.1.1.tgz 0ms (cache hit)
1771 http cache iconv-lite@https://registry.npmjs.org/iconv-lite/-/iconv-lite-0.7.2.tgz 0ms (cache hit)
1772 http cache ansi-regex@https://registry.npmjs.org/ansi-regex/-/ansi-regex-5.0.1.tgz 0ms (cache hit)
1773 http cache emoji-regex@https://registry.npmjs.org/emoji-regex/-/emoji-regex-8.0.0.tgz 0ms (cache hit)
1774 http cache is-fullwidth-code-point@https://registry.npmjs.org/is-fullwidth-code-point/-/is-fullwidth-code-point-3.0.0.tgz 0ms (cache hit)
1775 http cache string-width@https://registry.npmjs.org/string-width/-/string-width-4.2.3.tgz 0ms (cache hit)
1776 http cache strip-ansi@https://registry.npmjs.org/strip-ansi/-/strip-ansi-6.0.1.tgz 0ms (cache hit)
1777 http cache ansi-styles@https://registry.npmjs.org/ansi-styles/-/ansi-styles-4.3.0.tgz 0ms (cache hit)
1778 http cache wrap-ansi@https://registry.npmjs.org/wrap-ansi/-/wrap-ansi-6.2.0.tgz 0ms (cache hit)
1779 http cache cli-width@https://registry.npmjs.org/cli-width/-/cli-width-4.1.0.tgz 0ms (cache hit)
1780 http cache @inquirer/type@https://registry.npmjs.org/@inquirer/type/-/type-3.0.10.tgz 0ms (cache hit)
1781 http cache @inquirer/figures@https://registry.npmjs.org/@inquirer/figures/-/figures-1.0.15.tgz 0ms (cache hit)
1782 http cache signal-exit@https://registry.npmjs.org/signal-exit/-/signal-exit-4.1.0.tgz 0ms (cache hit)
1783 http cache @inquirer/core@https://registry.npmjs.org/@inquirer/core/-/core-10.3.2.tgz 0ms (cache hit)
1784 http cache @inquirer/ansi@https://registry.npmjs.org/@inquirer/ansi/-/ansi-1.0.2.tgz 0ms (cache hit)
1785 http cache mute-stream@https://registry.npmjs.org/mute-stream/-/mute-stream-2.0.0.tgz 0ms (cache hit)
1786 http cache @inquirer/select@https://registry.npmjs.org/@inquirer/select/-/select-4.4.2.tgz 0ms (cache hit)
1787 http cache @inquirer/search@https://registry.npmjs.org/@inquirer/search/-/search-3.2.2.tgz 0ms (cache hit)
1788 http cache @inquirer/rawlist@https://registry.npmjs.org/@inquirer/rawlist/-/rawlist-4.1.11.tgz 0ms (cache hit)
1789 http cache @inquirer/number@https://registry.npmjs.org/@inquirer/number/-/number-3.0.23.tgz 0ms (cache hit)
1790 http cache @inquirer/expand@https://registry.npmjs.org/@inquirer/expand/-/expand-4.0.23.tgz 0ms (cache hit)
1791 http cache @inquirer/input@https://registry.npmjs.org/@inquirer/input/-/input-4.3.1.tgz 0ms (cache hit)
1792 http cache @inquirer/editor@https://registry.npmjs.org/@inquirer/editor/-/editor-4.2.23.tgz 0ms (cache hit)
1793 http cache @inquirer/password@https://registry.npmjs.org/@inquirer/password/-/password-4.0.23.tgz 0ms (cache hit)
1794 http cache yoctocolors-cjs@https://registry.npmjs.org/yoctocolors-cjs/-/yoctocolors-cjs-2.1.3.tgz 0ms (cache hit)
1795 http cache @inquirer/confirm@https://registry.npmjs.org/@inquirer/confirm/-/confirm-5.1.21.tgz 0ms (cache hit)
1796 http cache @inquirer/checkbox@https://registry.npmjs.org/@inquirer/checkbox/-/checkbox-4.3.2.tgz 0ms (cache hit)
1797 http cache picomatch@https://registry.npmjs.org/picomatch/-/picomatch-4.0.4.tgz 0ms (cache hit)
1798 http cache ajv-formats@https://registry.npmjs.org/ajv-formats/-/ajv-formats-3.0.1.tgz 0ms (cache hit)
1799 http cache magic-string@https://registry.npmjs.org/magic-string/-/magic-string-0.30.21.tgz 0ms (cache hit)
1800 http cache ora@https://registry.npmjs.org/ora/-/ora-9.3.0.tgz 0ms (cache hit)
1801 http cache ajv@https://registry.npmjs.org/ajv/-/ajv-8.18.0.tgz 0ms (cache hit)
1802 http cache rxjs@https://registry.npmjs.org/rxjs/-/rxjs-7.8.2.tgz 0ms (cache hit)
1803 http cache zod@https://registry.npmjs.org/zod/-/zod-4.3.6.tgz 0ms (cache hit)
1804 http cache string-width@https://registry.npmjs.org/string-width/-/string-width-7.2.0.tgz 0ms (cache hit)
1805 http cache source-map@https://registry.npmjs.org/source-map/-/source-map-0.7.6.tgz 0ms (cache hit)
1806 http cache parse5-html-rewriting-stream@https://registry.npmjs.org/parse5-html-rewriting-stream/-/parse5-html-rewriting-stream-8.0.0.tgz 0ms (cache hit)
1807 http cache semver@https://registry.npmjs.org/semver/-/semver-7.7.4.tgz 0ms (cache hit)
1808 http cache pacote@https://registry.npmjs.org/pacote/-/pacote-21.3.1.tgz 0ms (cache hit)
1809 http cache ini@https://registry.npmjs.org/ini/-/ini-6.0.0.tgz 0ms (cache hit)
1810 http cache jsonc-parser@https://registry.npmjs.org/jsonc-parser/-/jsonc-parser-3.3.1.tgz 0ms (cache hit)
1811 http cache yargs@https://registry.npmjs.org/yargs/-/yargs-18.0.0.tgz 0ms (cache hit)
1812 http cache npm-package-arg@https://registry.npmjs.org/npm-package-arg/-/npm-package-arg-13.0.2.tgz 0ms (cache hit)
1813 http cache algoliasearch@https://registry.npmjs.org/algoliasearch/-/algoliasearch-5.48.1.tgz 0ms (cache hit)
1814 http cache listr2@https://registry.npmjs.org/listr2/-/listr2-9.0.5.tgz 0ms (cache hit)
1815 http cache @yarnpkg/lockfile@https://registry.npmjs.org/@yarnpkg/lockfile/-/lockfile-1.1.0.tgz 0ms (cache hit)
1816 http cache wrap-ansi@https://registry.npmjs.org/wrap-ansi/-/wrap-ansi-9.0.2.tgz 0ms (cache hit)
1817 http cache @angular-devkit/schematics@https://registry.npmjs.org/@angular-devkit/schematics/-/schematics-21.2.11.tgz 0ms (cache hit)
1818 http cache string-width@https://registry.npmjs.org/string-width/-/string-width-7.2.0.tgz 0ms (cache hit)
1819 http cache @schematics/angular@https://registry.npmjs.org/@schematics/angular/-/angular-21.2.11.tgz 0ms (cache hit)
1820 http cache @inquirer/prompts@https://registry.npmjs.org/@inquirer/prompts/-/prompts-7.10.1.tgz 0ms (cache hit)
1821 http cache @listr2/prompt-adapter-inquirer@https://registry.npmjs.org/@listr2/prompt-adapter-inquirer/-/prompt-adapter-inquirer-3.0.5.tgz 0ms (cache hit)
1822 http cache @angular-devkit/architect@https://registry.npmjs.org/@angular-devkit/architect/-/architect-0.2102.11.tgz 0ms (cache hit)
1823 http cache @modelcontextprotocol/sdk@https://registry.npmjs.org/@modelcontextprotocol/sdk/-/sdk-1.26.0.tgz 0ms (cache hit)
1824 silly tarball no local data for @angular/cli@https://registry.npmjs.org/@angular/cli/-/cli-21.2.11.tgz. Extracting by manifest.
1825 http cache @angular-devkit/core@https://registry.npmjs.org/@angular-devkit/core/-/core-21.2.11.tgz 0ms (cache hit)
1826 silly tarball no local data for yargs-parser@https://registry.npmjs.org/yargs-parser/-/yargs-parser-22.0.0.tgz. Extracting by manifest.
1827 silly tarball no local data for cliui@https://registry.npmjs.org/cliui/-/cliui-9.0.1.tgz. Extracting by manifest.
1828 silly tarball no local data for emoji-regex@https://registry.npmjs.org/emoji-regex/-/emoji-regex-10.6.0.tgz. Extracting by manifest.
1829 silly tarball no local data for wrap-ansi@https://registry.npmjs.org/wrap-ansi/-/wrap-ansi-9.0.2.tgz. Extracting by manifest.
1830 silly tarball no local data for @tufjs/models@https://registry.npmjs.org/@tufjs/models/-/models-4.1.0.tgz. Extracting by manifest.
1831 silly tarball no local data for @tufjs/canonical-json@https://registry.npmjs.org/@tufjs/canonical-json/-/canonical-json-2.0.0.tgz. Extracting by manifest.
1832 silly tarball no local data for string-width@https://registry.npmjs.org/string-width/-/string-width-7.2.0.tgz. Extracting by manifest.
1833 silly tarball no local data for chownr@https://registry.npmjs.org/chownr/-/chownr-3.0.0.tgz. Extracting by manifest.
1834 silly tarball no local data for yallist@https://registry.npmjs.org/yallist/-/yallist-5.0.0.tgz. Extracting by manifest.
1835 silly tarball no local data for @isaacs/fs-minipass@https://registry.npmjs.org/@isaacs/fs-minipass/-/fs-minipass-4.0.1.tgz. Extracting by manifest.
1836 silly tarball no local data for spdx-exceptions@https://registry.npmjs.org/spdx-exceptions/-/spdx-exceptions-2.5.0.tgz. Extracting by manifest.
1837 silly tarball no local data for smart-buffer@https://registry.npmjs.org/smart-buffer/-/smart-buffer-4.2.0.tgz. Extracting by manifest.
1838 silly tarball no local data for socks@https://registry.npmjs.org/socks/-/socks-2.8.9.tgz. Extracting by manifest.
1839 silly tarball no local data for get-east-asian-width@https://registry.npmjs.org/get-east-asian-width/-/get-east-asian-width-1.6.0.tgz. Extracting by manifest.
1840 silly tarball no local data for is-fullwidth-code-point@https://registry.npmjs.org/is-fullwidth-code-point/-/is-fullwidth-code-point-5.1.0.tgz. Extracting by manifest.
1841 silly tarball no local data for @sigstore/verify@https://registry.npmjs.org/@sigstore/verify/-/verify-3.1.0.tgz. Extracting by manifest.
1842 silly tarball no local data for @sigstore/sign@https://registry.npmjs.org/@sigstore/sign/-/sign-4.1.1.tgz. Extracting by manifest.
1843 silly tarball no local data for @sigstore/core@https://registry.npmjs.org/@sigstore/core/-/core-3.2.0.tgz. Extracting by manifest.
1844 silly tarball no local data for tuf-js@https://registry.npmjs.org/tuf-js/-/tuf-js-4.1.0.tgz. Extracting by manifest.
1845 silly tarball no local data for spdx-license-ids@https://registry.npmjs.org/spdx-license-ids/-/spdx-license-ids-3.0.23.tgz. Extracting by manifest.
1846 silly tarball no local data for @sigstore/bundle@https://registry.npmjs.org/@sigstore/bundle/-/bundle-4.0.0.tgz. Extracting by manifest.
1847 silly tarball no local data for @sigstore/protobuf-specs@https://registry.npmjs.org/@sigstore/protobuf-specs/-/protobuf-specs-0.5.1.tgz. Extracting by manifest.
1848 silly tarball no local data for hasown@https://registry.npmjs.org/hasown/-/hasown-2.0.3.tgz. Extracting by manifest.
1849 silly tarball no local data for @sigstore/tuf@https://registry.npmjs.org/@sigstore/tuf/-/tuf-4.0.2.tgz. Extracting by manifest.
1850 silly tarball no local data for side-channel-list@https://registry.npmjs.org/side-channel-list/-/side-channel-list-1.0.1.tgz. Extracting by manifest.
1851 silly tarball no local data for path-to-regexp@https://registry.npmjs.org/path-to-regexp/-/path-to-regexp-8.4.2.tgz. Extracting by manifest.
1852 silly tarball no local data for mimic-function@https://registry.npmjs.org/mimic-function/-/mimic-function-5.0.1.tgz. Extracting by manifest.
1853 silly tarball no local data for onetime@https://registry.npmjs.org/onetime/-/onetime-7.0.0.tgz. Extracting by manifest.
1854 silly tarball no local data for err-code@https://registry.npmjs.org/err-code/-/err-code-2.0.3.tgz. Extracting by manifest.
1855 silly tarball no local data for parse5-sax-parser@https://registry.npmjs.org/parse5-sax-parser/-/parse5-sax-parser-8.0.0.tgz. Extracting by manifest.
1856 silly tarball no local data for entities@https://registry.npmjs.org/entities/-/entities-8.0.0.tgz. Extracting by manifest.
1857 silly tarball no local data for entities@https://registry.npmjs.org/entities/-/entities-6.0.1.tgz. Extracting by manifest.
1858 silly tarball no local data for minipass-sized@https://registry.npmjs.org/minipass-sized/-/minipass-sized-2.0.0.tgz. Extracting by manifest.
1859 silly tarball no local data for socks-proxy-agent@https://registry.npmjs.org/socks-proxy-agent/-/socks-proxy-agent-8.0.5.tgz. Extracting by manifest.
1860 silly tarball no local data for https-proxy-agent@https://registry.npmjs.org/https-proxy-agent/-/https-proxy-agent-7.0.6.tgz. Extracting by manifest.
1861 silly tarball no local data for http-proxy-agent@https://registry.npmjs.org/http-proxy-agent/-/http-proxy-agent-7.0.2.tgz. Extracting by manifest.
1862 silly tarball no local data for agent-base@https://registry.npmjs.org/agent-base/-/agent-base-7.1.4.tgz. Extracting by manifest.
1863 silly tarball no local data for http-cache-semantics@https://registry.npmjs.org/http-cache-semantics/-/http-cache-semantics-4.2.0.tgz. Extracting by manifest.
1864 silly tarball no local data for @npmcli/agent@https://registry.npmjs.org/@npmcli/agent/-/agent-4.0.0.tgz. Extracting by manifest.
1865 silly tarball no local data for minipass-fetch@https://registry.npmjs.org/minipass-fetch/-/minipass-fetch-5.0.2.tgz. Extracting by manifest.
1866 silly tarball no local data for make-fetch-happen@https://registry.npmjs.org/make-fetch-happen/-/make-fetch-happen-15.0.5.tgz. Extracting by manifest.
1867 silly tarball no local data for jsonparse@https://registry.npmjs.org/jsonparse/-/jsonparse-1.3.1.tgz. Extracting by manifest.
1868 silly tarball no local data for minizlib@https://registry.npmjs.org/minizlib/-/minizlib-3.1.0.tgz. Extracting by manifest.
1869 silly tarball no local data for @npmcli/redact@https://registry.npmjs.org/@npmcli/redact/-/redact-4.0.0.tgz. Extracting by manifest.
1870 silly tarball no local data for ignore-walk@https://registry.npmjs.org/ignore-walk/-/ignore-walk-8.0.0.tgz. Extracting by manifest.
1871 silly tarball no local data for npm-install-checks@https://registry.npmjs.org/npm-install-checks/-/npm-install-checks-8.0.0.tgz. Extracting by manifest.
1872 silly tarball no local data for parse5@https://registry.npmjs.org/parse5/-/parse5-8.0.1.tgz. Extracting by manifest.
1873 silly tarball no local data for tinyglobby@https://registry.npmjs.org/tinyglobby/-/tinyglobby-0.2.16.tgz. Extracting by manifest.
1874 silly tarball no local data for nopt@https://registry.npmjs.org/nopt/-/nopt-9.0.0.tgz. Extracting by manifest.
1875 silly tarball no local data for abbrev@https://registry.npmjs.org/abbrev/-/abbrev-4.0.0.tgz. Extracting by manifest.
1876 silly tarball no local data for env-paths@https://registry.npmjs.org/env-paths/-/env-paths-2.2.1.tgz. Extracting by manifest.
1877 silly tarball no local data for exponential-backoff@https://registry.npmjs.org/exponential-backoff/-/exponential-backoff-3.1.3.tgz. Extracting by manifest.
1878 silly tarball no local data for brace-expansion@https://registry.npmjs.org/brace-expansion/-/brace-expansion-5.0.6.tgz. Extracting by manifest.
1879 silly tarball no local data for minimatch@https://registry.npmjs.org/minimatch/-/minimatch-10.2.5.tgz. Extracting by manifest.
1880 silly tarball no local data for p-map@https://registry.npmjs.org/p-map/-/p-map-7.0.4.tgz. Extracting by manifest.
1881 silly tarball no local data for minipass-pipeline@https://registry.npmjs.org/minipass-pipeline/-/minipass-pipeline-1.2.4.tgz. Extracting by manifest.
1882 silly tarball no local data for yallist@https://registry.npmjs.org/yallist/-/yallist-4.0.0.tgz. Extracting by manifest.
1883 silly tarball no local data for minipass@https://registry.npmjs.org/minipass/-/minipass-3.3.6.tgz. Extracting by manifest.
1884 silly tarball no local data for minipass-flush@https://registry.npmjs.org/minipass-flush/-/minipass-flush-1.0.7.tgz. Extracting by manifest.
1885 silly tarball no local data for yallist@https://registry.npmjs.org/yallist/-/yallist-4.0.0.tgz. Extracting by manifest.
1886 silly tarball no local data for minipass-collect@https://registry.npmjs.org/minipass-collect/-/minipass-collect-2.0.1.tgz. Extracting by manifest.
1887 silly tarball no local data for path-scurry@https://registry.npmjs.org/path-scurry/-/path-scurry-2.0.2.tgz. Extracting by manifest.
1888 silly tarball no local data for @npmcli/fs@https://registry.npmjs.org/@npmcli/fs/-/fs-5.0.0.tgz. Extracting by manifest.
1889 silly tarball no local data for undici@https://registry.npmjs.org/undici/-/undici-6.25.0.tgz. Extracting by manifest.
1890 silly tarball no local data for @npmcli/node-gyp@https://registry.npmjs.org/@npmcli/node-gyp/-/node-gyp-5.0.0.tgz. Extracting by manifest.
1891 silly tarball no local data for minipass@https://registry.npmjs.org/minipass/-/minipass-3.3.6.tgz. Extracting by manifest.
1892 silly tarball no local data for isexe@https://registry.npmjs.org/isexe/-/isexe-4.0.0.tgz. Extracting by manifest.
1893 silly tarball no local data for which@https://registry.npmjs.org/which/-/which-6.0.1.tgz. Extracting by manifest.
1894 silly tarball no local data for spdx-expression-parse@https://registry.npmjs.org/spdx-expression-parse/-/spdx-expression-parse-4.0.0.tgz. Extracting by manifest.
1895 silly tarball no local data for npm-normalize-package-bin@https://registry.npmjs.org/npm-normalize-package-bin/-/npm-normalize-package-bin-5.0.0.tgz. Extracting by manifest.
1896 silly tarball no local data for json-parse-even-better-errors@https://registry.npmjs.org/json-parse-even-better-errors/-/json-parse-even-better-errors-5.0.0.tgz. Extracting by manifest.
1897 silly tarball no local data for npm-bundled@https://registry.npmjs.org/npm-bundled/-/npm-bundled-5.0.0.tgz. Extracting by manifest.
1898 silly tarball no local data for glob@https://registry.npmjs.org/glob/-/glob-13.0.6.tgz. Extracting by manifest.
1899 silly tarball no local data for node-gyp@https://registry.npmjs.org/node-gyp/-/node-gyp-12.3.0.tgz. Extracting by manifest.
1900 silly tarball no local data for tar@https://registry.npmjs.org/tar/-/tar-7.5.15.tgz. Extracting by manifest.
1901 silly tarball no local data for ssri@https://registry.npmjs.org/ssri/-/ssri-13.0.1.tgz. Extracting by manifest.
1902 silly tarball no local data for sigstore@https://registry.npmjs.org/sigstore/-/sigstore-4.1.0.tgz. Extracting by manifest.
1903 silly tarball no local data for npm-registry-fetch@https://registry.npmjs.org/npm-registry-fetch/-/npm-registry-fetch-19.1.1.tgz. Extracting by manifest.
1904 silly tarball no local data for promise-retry@https://registry.npmjs.org/promise-retry/-/promise-retry-2.0.1.tgz. Extracting by manifest.
1905 silly tarball no local data for npm-pick-manifest@https://registry.npmjs.org/npm-pick-manifest/-/npm-pick-manifest-11.0.3.tgz. Extracting by manifest.
1906 silly tarball no local data for npm-packlist@https://registry.npmjs.org/npm-packlist/-/npm-packlist-10.0.4.tgz. Extracting by manifest.
1907 silly tarball no local data for minipass@https://registry.npmjs.org/minipass/-/minipass-7.1.3.tgz. Extracting by manifest.
1908 silly tarball no local data for fs-minipass@https://registry.npmjs.org/fs-minipass/-/fs-minipass-3.0.3.tgz. Extracting by manifest.
1909 silly tarball no local data for @npmcli/run-script@https://registry.npmjs.org/@npmcli/run-script/-/run-script-10.0.4.tgz. Extracting by manifest.
1910 silly tarball no local data for isexe@https://registry.npmjs.org/isexe/-/isexe-4.0.0.tgz. Extracting by manifest.
1911 silly tarball no local data for @npmcli/promise-spawn@https://registry.npmjs.org/@npmcli/promise-spawn/-/promise-spawn-9.0.1.tgz. Extracting by manifest.
1912 silly tarball no local data for cacache@https://registry.npmjs.org/cacache/-/cacache-20.0.4.tgz. Extracting by manifest.
1913 silly tarball no local data for which@https://registry.npmjs.org/which/-/which-6.0.1.tgz. Extracting by manifest.
1914 silly tarball no local data for @npmcli/installed-package-contents@https://registry.npmjs.org/@npmcli/installed-package-contents/-/installed-package-contents-4.0.0.tgz. Extracting by manifest.
1915 silly tarball no local data for yoctocolors@https://registry.npmjs.org/yoctocolors/-/yoctocolors-2.1.2.tgz. Extracting by manifest.
1916 silly tarball no local data for @npmcli/package-json@https://registry.npmjs.org/@npmcli/package-json/-/package-json-7.0.5.tgz. Extracting by manifest.
1917 silly tarball no local data for which@https://registry.npmjs.org/which/-/which-6.0.1.tgz. Extracting by manifest.
1918 silly tarball no local data for isexe@https://registry.npmjs.org/isexe/-/isexe-4.0.0.tgz. Extracting by manifest.
1919 silly tarball no local data for stdin-discarder@https://registry.npmjs.org/stdin-discarder/-/stdin-discarder-0.3.2.tgz. Extracting by manifest.
1920 silly tarball no local data for log-symbols@https://registry.npmjs.org/log-symbols/-/log-symbols-7.0.1.tgz. Extracting by manifest.
1921 silly tarball no local data for @npmcli/git@https://registry.npmjs.org/@npmcli/git/-/git-7.0.2.tgz. Extracting by manifest.
1922 silly tarball no local data for cli-spinners@https://registry.npmjs.org/cli-spinners/-/cli-spinners-3.4.0.tgz. Extracting by manifest.
1923 silly tarball no local data for @gar/promise-retry@https://registry.npmjs.org/@gar/promise-retry/-/promise-retry-1.0.3.tgz. Extracting by manifest.
1924 silly tarball no local data for is-interactive@https://registry.npmjs.org/is-interactive/-/is-interactive-2.0.0.tgz. Extracting by manifest.
1925 silly tarball no local data for validate-npm-package-name@https://registry.npmjs.org/validate-npm-package-name/-/validate-npm-package-name-7.0.2.tgz. Extracting by manifest.
1926 silly tarball no local data for proc-log@https://registry.npmjs.org/proc-log/-/proc-log-6.1.0.tgz. Extracting by manifest.
1927 silly tarball no local data for lru-cache@https://registry.npmjs.org/lru-cache/-/lru-cache-11.3.6.tgz. Extracting by manifest.
1928 silly tarball no local data for restore-cursor@https://registry.npmjs.org/restore-cursor/-/restore-cursor-5.1.0.tgz. Extracting by manifest.
1929 silly tarball no local data for hosted-git-info@https://registry.npmjs.org/hosted-git-info/-/hosted-git-info-9.0.3.tgz. Extracting by manifest.
1930 silly tarball no local data for environment@https://registry.npmjs.org/environment/-/environment-1.1.0.tgz. Extracting by manifest.
1931 silly tarball no local data for is-unicode-supported@https://registry.npmjs.org/is-unicode-supported/-/is-unicode-supported-2.1.0.tgz. Extracting by manifest.
1932 silly tarball no local data for strip-ansi@https://registry.npmjs.org/strip-ansi/-/strip-ansi-7.2.0.tgz. Extracting by manifest.
1933 silly tarball no local data for string-width@https://registry.npmjs.org/string-width/-/string-width-8.2.1.tgz. Extracting by manifest.
1934 silly tarball no local data for cli-cursor@https://registry.npmjs.org/cli-cursor/-/cli-cursor-5.0.0.tgz. Extracting by manifest.
1935 silly tarball no local data for rfdc@https://registry.npmjs.org/rfdc/-/rfdc-1.4.1.tgz. Extracting by manifest.
1936 silly tarball no local data for log-update@https://registry.npmjs.org/log-update/-/log-update-6.1.0.tgz. Extracting by manifest.
1937 silly tarball no local data for slice-ansi@https://registry.npmjs.org/slice-ansi/-/slice-ansi-8.0.0.tgz. Extracting by manifest.
1938 silly tarball no local data for string-width@https://registry.npmjs.org/string-width/-/string-width-7.2.0.tgz. Extracting by manifest.
1939 silly tarball no local data for wrap-ansi@https://registry.npmjs.org/wrap-ansi/-/wrap-ansi-9.0.2.tgz. Extracting by manifest.
1940 silly tarball no local data for slice-ansi@https://registry.npmjs.org/slice-ansi/-/slice-ansi-7.1.2.tgz. Extracting by manifest.
1941 silly tarball no local data for ansi-escapes@https://registry.npmjs.org/ansi-escapes/-/ansi-escapes-7.3.0.tgz. Extracting by manifest.
1942 silly tarball no local data for eventemitter3@https://registry.npmjs.org/eventemitter3/-/eventemitter3-5.0.4.tgz. Extracting by manifest.
1943 silly tarball no local data for ip-address@https://registry.npmjs.org/ip-address/-/ip-address-10.2.0.tgz. Extracting by manifest.
1944 silly tarball no local data for type-is@https://registry.npmjs.org/type-is/-/type-is-2.1.0.tgz. Extracting by manifest.
1945 silly tarball no local data for content-type@https://registry.npmjs.org/content-type/-/content-type-2.0.0.tgz. Extracting by manifest.
1946 silly tarball no local data for qs@https://registry.npmjs.org/qs/-/qs-6.15.1.tgz. Extracting by manifest.
1947 silly tarball no local data for cli-truncate@https://registry.npmjs.org/cli-truncate/-/cli-truncate-5.2.0.tgz. Extracting by manifest.
1948 silly tarball no local data for @algolia/requester-node-http@https://registry.npmjs.org/@algolia/requester-node-http/-/requester-node-http-5.48.1.tgz. Extracting by manifest.
1949 silly tarball no local data for @algolia/requester-fetch@https://registry.npmjs.org/@algolia/requester-fetch/-/requester-fetch-5.48.1.tgz. Extracting by manifest.
1950 silly tarball no local data for content-disposition@https://registry.npmjs.org/content-disposition/-/content-disposition-1.1.0.tgz. Extracting by manifest.
1951 silly tarball no local data for @algolia/requester-browser-xhr@https://registry.npmjs.org/@algolia/requester-browser-xhr/-/requester-browser-xhr-5.48.1.tgz. Extracting by manifest.
1952 silly tarball no local data for @algolia/recommend@https://registry.npmjs.org/@algolia/recommend/-/recommend-5.48.1.tgz. Extracting by manifest.
1953 silly tarball no local data for @algolia/client-personalization@https://registry.npmjs.org/@algolia/client-personalization/-/client-personalization-5.48.1.tgz. Extracting by manifest.
1954 silly tarball no local data for @algolia/ingestion@https://registry.npmjs.org/@algolia/ingestion/-/ingestion-1.48.1.tgz. Extracting by manifest.
1955 silly tarball no local data for @algolia/client-common@https://registry.npmjs.org/@algolia/client-common/-/client-common-5.48.1.tgz. Extracting by manifest.
1956 silly tarball no local data for @algolia/client-search@https://registry.npmjs.org/@algolia/client-search/-/client-search-5.48.1.tgz. Extracting by manifest.
1957 silly tarball no local data for @algolia/monitoring@https://registry.npmjs.org/@algolia/monitoring/-/monitoring-1.48.1.tgz. Extracting by manifest.
1958 silly tarball no local data for @algolia/client-abtesting@https://registry.npmjs.org/@algolia/client-abtesting/-/client-abtesting-5.48.1.tgz. Extracting by manifest.
1959 silly tarball no local data for @algolia/abtesting@https://registry.npmjs.org/@algolia/abtesting/-/abtesting-1.14.1.tgz. Extracting by manifest.
1960 silly tarball no local data for @algolia/client-insights@https://registry.npmjs.org/@algolia/client-insights/-/client-insights-5.48.1.tgz. Extracting by manifest.
1961 silly tarball no local data for @algolia/client-query-suggestions@https://registry.npmjs.org/@algolia/client-query-suggestions/-/client-query-suggestions-5.48.1.tgz. Extracting by manifest.
1962 silly tarball no local data for fast-uri@https://registry.npmjs.org/fast-uri/-/fast-uri-3.1.2.tgz. Extracting by manifest.
1963 silly tarball no local data for zod-to-json-schema@https://registry.npmjs.org/zod-to-json-schema/-/zod-to-json-schema-3.25.2.tgz. Extracting by manifest.
1964 silly tarball no local data for @algolia/client-analytics@https://registry.npmjs.org/@algolia/client-analytics/-/client-analytics-5.48.1.tgz. Extracting by manifest.
1965 silly tarball no local data for jose@https://registry.npmjs.org/jose/-/jose-6.2.3.tgz. Extracting by manifest.
1966 silly tarball no local data for express-rate-limit@https://registry.npmjs.org/express-rate-limit/-/express-rate-limit-8.5.2.tgz. Extracting by manifest.
1967 silly tarball no local data for eventsource-parser@https://registry.npmjs.org/eventsource-parser/-/eventsource-parser-3.0.8.tgz. Extracting by manifest.
1968 silly tarball no local data for pkce-challenge@https://registry.npmjs.org/pkce-challenge/-/pkce-challenge-5.0.1.tgz. Extracting by manifest.
1969 silly tarball no local data for eventsource@https://registry.npmjs.org/eventsource/-/eventsource-3.0.7.tgz. Extracting by manifest.
1970 silly tarball no local data for json-schema-typed@https://registry.npmjs.org/json-schema-typed/-/json-schema-typed-8.0.2.tgz. Extracting by manifest.
1971 silly tarball no local data for hono@https://registry.npmjs.org/hono/-/hono-4.12.18.tgz. Extracting by manifest.
1972 silly tarball no local data for @hono/node-server@https://registry.npmjs.org/@hono/node-server/-/node-server-1.19.14.tgz. Extracting by manifest.
1973 silly tarball no local data for @inquirer/external-editor@https://registry.npmjs.org/@inquirer/external-editor/-/external-editor-1.0.3.tgz. Extracting by manifest.
1974 silly tarball no local data for chardet@https://registry.npmjs.org/chardet/-/chardet-2.1.1.tgz. Extracting by manifest.
1975 silly tarball no local data for wrap-ansi@https://registry.npmjs.org/wrap-ansi/-/wrap-ansi-6.2.0.tgz. Extracting by manifest.
1976 silly tarball no local data for cli-width@https://registry.npmjs.org/cli-width/-/cli-width-4.1.0.tgz. Extracting by manifest.
1977 silly tarball no local data for @inquirer/type@https://registry.npmjs.org/@inquirer/type/-/type-3.0.10.tgz. Extracting by manifest.
1978 silly tarball no local data for @inquirer/core@https://registry.npmjs.org/@inquirer/core/-/core-10.3.2.tgz. Extracting by manifest.
1979 silly tarball no local data for @inquirer/ansi@https://registry.npmjs.org/@inquirer/ansi/-/ansi-1.0.2.tgz. Extracting by manifest.
1980 silly tarball no local data for mute-stream@https://registry.npmjs.org/mute-stream/-/mute-stream-2.0.0.tgz. Extracting by manifest.
1981 silly tarball no local data for @inquirer/select@https://registry.npmjs.org/@inquirer/select/-/select-4.4.2.tgz. Extracting by manifest.
1982 silly tarball no local data for @inquirer/search@https://registry.npmjs.org/@inquirer/search/-/search-3.2.2.tgz. Extracting by manifest.
1983 silly tarball no local data for @inquirer/rawlist@https://registry.npmjs.org/@inquirer/rawlist/-/rawlist-4.1.11.tgz. Extracting by manifest.
1984 silly tarball no local data for @inquirer/number@https://registry.npmjs.org/@inquirer/number/-/number-3.0.23.tgz. Extracting by manifest.
1985 silly tarball no local data for @inquirer/expand@https://registry.npmjs.org/@inquirer/expand/-/expand-4.0.23.tgz. Extracting by manifest.
1986 silly tarball no local data for @inquirer/input@https://registry.npmjs.org/@inquirer/input/-/input-4.3.1.tgz. Extracting by manifest.
1987 silly tarball no local data for @inquirer/editor@https://registry.npmjs.org/@inquirer/editor/-/editor-4.2.23.tgz. Extracting by manifest.
1988 silly tarball no local data for @inquirer/password@https://registry.npmjs.org/@inquirer/password/-/password-4.0.23.tgz. Extracting by manifest.
1989 silly tarball no local data for yoctocolors-cjs@https://registry.npmjs.org/yoctocolors-cjs/-/yoctocolors-cjs-2.1.3.tgz. Extracting by manifest.
1990 silly tarball no local data for @inquirer/confirm@https://registry.npmjs.org/@inquirer/confirm/-/confirm-5.1.21.tgz. Extracting by manifest.
1991 silly tarball no local data for picomatch@https://registry.npmjs.org/picomatch/-/picomatch-4.0.4.tgz. Extracting by manifest.
1992 silly tarball no local data for ajv-formats@https://registry.npmjs.org/ajv-formats/-/ajv-formats-3.0.1.tgz. Extracting by manifest.
1993 silly tarball no local data for magic-string@https://registry.npmjs.org/magic-string/-/magic-string-0.30.21.tgz. Extracting by manifest.
1994 silly tarball no local data for ora@https://registry.npmjs.org/ora/-/ora-9.3.0.tgz. Extracting by manifest.
1995 silly tarball no local data for ajv@https://registry.npmjs.org/ajv/-/ajv-8.18.0.tgz. Extracting by manifest.
1996 silly tarball no local data for @inquirer/figures@https://registry.npmjs.org/@inquirer/figures/-/figures-1.0.15.tgz. Extracting by manifest.
1997 silly tarball no local data for string-width@https://registry.npmjs.org/string-width/-/string-width-7.2.0.tgz. Extracting by manifest.
1998 silly tarball no local data for @inquirer/checkbox@https://registry.npmjs.org/@inquirer/checkbox/-/checkbox-4.3.2.tgz. Extracting by manifest.
1999 silly tarball no local data for parse5-html-rewriting-stream@https://registry.npmjs.org/parse5-html-rewriting-stream/-/parse5-html-rewriting-stream-8.0.0.tgz. Extracting by manifest.
2000 silly tarball no local data for pacote@https://registry.npmjs.org/pacote/-/pacote-21.3.1.tgz. Extracting by manifest.
2001 silly tarball no local data for ini@https://registry.npmjs.org/ini/-/ini-6.0.0.tgz. Extracting by manifest.
2002 silly tarball no local data for jsonc-parser@https://registry.npmjs.org/jsonc-parser/-/jsonc-parser-3.3.1.tgz. Extracting by manifest.
2003 silly tarball no local data for yargs@https://registry.npmjs.org/yargs/-/yargs-18.0.0.tgz. Extracting by manifest.
2004 silly tarball no local data for npm-package-arg@https://registry.npmjs.org/npm-package-arg/-/npm-package-arg-13.0.2.tgz. Extracting by manifest.
2005 silly tarball no local data for algoliasearch@https://registry.npmjs.org/algoliasearch/-/algoliasearch-5.48.1.tgz. Extracting by manifest.
2006 silly tarball no local data for listr2@https://registry.npmjs.org/listr2/-/listr2-9.0.5.tgz. Extracting by manifest.
2007 silly tarball no local data for @yarnpkg/lockfile@https://registry.npmjs.org/@yarnpkg/lockfile/-/lockfile-1.1.0.tgz. Extracting by manifest.
2008 silly tarball no local data for wrap-ansi@https://registry.npmjs.org/wrap-ansi/-/wrap-ansi-9.0.2.tgz. Extracting by manifest.
2009 silly tarball no local data for @angular-devkit/schematics@https://registry.npmjs.org/@angular-devkit/schematics/-/schematics-21.2.11.tgz. Extracting by manifest.
2010 silly tarball no local data for string-width@https://registry.npmjs.org/string-width/-/string-width-7.2.0.tgz. Extracting by manifest.
2011 silly tarball no local data for @schematics/angular@https://registry.npmjs.org/@schematics/angular/-/angular-21.2.11.tgz. Extracting by manifest.
2012 silly tarball no local data for @listr2/prompt-adapter-inquirer@https://registry.npmjs.org/@listr2/prompt-adapter-inquirer/-/prompt-adapter-inquirer-3.0.5.tgz. Extracting by manifest.
2013 silly tarball no local data for @angular-devkit/architect@https://registry.npmjs.org/@angular-devkit/architect/-/architect-0.2102.11.tgz. Extracting by manifest.
2014 silly tarball no local data for @modelcontextprotocol/sdk@https://registry.npmjs.org/@modelcontextprotocol/sdk/-/sdk-1.26.0.tgz. Extracting by manifest.
2015 silly tarball no local data for @inquirer/prompts@https://registry.npmjs.org/@inquirer/prompts/-/prompts-7.10.1.tgz. Extracting by manifest.
2016 silly tarball no local data for @angular-devkit/core@https://registry.npmjs.org/@angular-devkit/core/-/core-21.2.11.tgz. Extracting by manifest.
2017 http fetch GET 200 https://registry.npmjs.org/emoji-regex/-/emoji-regex-10.6.0.tgz 161ms (cache miss)
2018 http fetch GET 200 https://registry.npmjs.org/@tufjs/canonical-json/-/canonical-json-2.0.0.tgz 162ms (cache miss)
2019 http fetch GET 200 https://registry.npmjs.org/wrap-ansi/-/wrap-ansi-9.0.2.tgz 163ms (cache miss)
2020 http fetch GET 200 https://registry.npmjs.org/cliui/-/cliui-9.0.1.tgz 164ms (cache miss)
2021 http fetch GET 200 https://registry.npmjs.org/spdx-license-ids/-/spdx-license-ids-3.0.23.tgz 163ms (cache miss)
2022 http fetch GET 200 https://registry.npmjs.org/is-fullwidth-code-point/-/is-fullwidth-code-point-5.1.0.tgz 166ms (cache miss)
2023 http fetch GET 200 https://registry.npmjs.org/yargs-parser/-/yargs-parser-22.0.0.tgz 168ms (cache miss)
2024 http fetch GET 200 https://registry.npmjs.org/@tufjs/models/-/models-4.1.0.tgz 179ms (cache miss)
2025 http fetch GET 200 https://registry.npmjs.org/spdx-exceptions/-/spdx-exceptions-2.5.0.tgz 186ms (cache miss)
2026 http fetch GET 200 https://registry.npmjs.org/tuf-js/-/tuf-js-4.1.0.tgz 194ms (cache miss)
2027 http fetch GET 200 https://registry.npmjs.org/string-width/-/string-width-7.2.0.tgz 204ms (cache miss)
2028 http fetch GET 200 https://registry.npmjs.org/chownr/-/chownr-3.0.0.tgz 227ms (cache miss)
2029 http fetch GET 200 https://registry.npmjs.org/get-east-asian-width/-/get-east-asian-width-1.6.0.tgz 229ms (cache miss)
2030 http fetch GET 200 https://registry.npmjs.org/hasown/-/hasown-2.0.3.tgz 227ms (cache miss)
2031 http fetch GET 200 https://registry.npmjs.org/mimic-function/-/mimic-function-5.0.1.tgz 301ms (cache miss)
2032 http fetch GET 200 https://registry.npmjs.org/yallist/-/yallist-5.0.0.tgz 305ms (cache miss)
2033 http fetch GET 200 https://registry.npmjs.org/side-channel-list/-/side-channel-list-1.0.1.tgz 304ms (cache miss)
2034 http fetch GET 200 https://registry.npmjs.org/@sigstore/bundle/-/bundle-4.0.0.tgz 339ms (cache miss)
2035 http fetch GET 200 https://registry.npmjs.org/err-code/-/err-code-2.0.3.tgz 347ms (cache miss)
2036 http fetch GET 200 https://registry.npmjs.org/@sigstore/verify/-/verify-3.1.0.tgz 357ms (cache miss)
2037 http fetch GET 200 https://registry.npmjs.org/parse5-sax-parser/-/parse5-sax-parser-8.0.0.tgz 384ms (cache miss)
2038 http fetch GET 200 https://registry.npmjs.org/minipass-sized/-/minipass-sized-2.0.0.tgz 436ms (cache miss)
2039 http fetch GET 200 https://registry.npmjs.org/@sigstore/core/-/core-3.2.0.tgz 441ms (cache miss)
2040 http fetch GET 200 https://registry.npmjs.org/socks-proxy-agent/-/socks-proxy-agent-8.0.5.tgz 452ms (cache miss)
2041 http fetch GET 200 https://registry.npmjs.org/https-proxy-agent/-/https-proxy-agent-7.0.6.tgz 611ms (cache miss)
2042 http fetch GET 200 https://registry.npmjs.org/http-proxy-agent/-/http-proxy-agent-7.0.2.tgz 612ms (cache miss)
2043 http fetch GET 200 https://registry.npmjs.org/onetime/-/onetime-7.0.0.tgz 613ms (cache miss)
2044 http fetch GET 200 https://registry.npmjs.org/agent-base/-/agent-base-7.1.4.tgz 613ms (cache miss)
2045 http fetch GET 200 https://registry.npmjs.org/http-cache-semantics/-/http-cache-semantics-4.2.0.tgz 612ms (cache miss)
2046 http fetch GET 200 https://registry.npmjs.org/smart-buffer/-/smart-buffer-4.2.0.tgz 617ms (cache miss)
2047 http fetch GET 200 https://registry.npmjs.org/socks/-/socks-2.8.9.tgz 625ms (cache miss)
2048 http fetch GET 200 https://registry.npmjs.org/ignore-walk/-/ignore-walk-8.0.0.tgz 665ms (cache miss)
2049 http fetch GET 200 https://registry.npmjs.org/@npmcli/redact/-/redact-4.0.0.tgz 696ms (cache miss)
2050 http fetch GET 200 https://registry.npmjs.org/@npmcli/agent/-/agent-4.0.0.tgz 703ms (cache miss)
2051 http fetch GET 200 https://registry.npmjs.org/jsonparse/-/jsonparse-1.3.1.tgz 718ms (cache miss)
2052 http fetch GET 200 https://registry.npmjs.org/npm-install-checks/-/npm-install-checks-8.0.0.tgz 730ms (cache miss)
2053 http fetch GET 200 https://registry.npmjs.org/minipass-fetch/-/minipass-fetch-5.0.2.tgz 767ms (cache miss)
2054 http fetch GET 200 https://registry.npmjs.org/abbrev/-/abbrev-4.0.0.tgz 781ms (cache miss)
2055 http fetch GET 200 https://registry.npmjs.org/@sigstore/sign/-/sign-4.1.1.tgz 786ms (cache miss)
2056 http fetch GET 200 https://registry.npmjs.org/make-fetch-happen/-/make-fetch-happen-15.0.5.tgz 799ms (cache miss)
2057 http fetch GET 200 https://registry.npmjs.org/tinyglobby/-/tinyglobby-0.2.16.tgz 810ms (cache miss)
2058 http fetch GET 200 https://registry.npmjs.org/env-paths/-/env-paths-2.2.1.tgz 813ms (cache miss)
2059 http fetch GET 200 https://registry.npmjs.org/minizlib/-/minizlib-3.1.0.tgz 825ms (cache miss)
2060 http fetch GET 200 https://registry.npmjs.org/minipass-pipeline/-/minipass-pipeline-1.2.4.tgz 870ms (cache miss)
2061 http fetch GET 200 https://registry.npmjs.org/path-to-regexp/-/path-to-regexp-8.4.2.tgz 879ms (cache miss)
2062 http fetch GET 200 https://registry.npmjs.org/brace-expansion/-/brace-expansion-5.0.6.tgz 888ms (cache miss)
2063 http fetch GET 200 https://registry.npmjs.org/p-map/-/p-map-7.0.4.tgz 912ms (cache miss)
2064 http fetch GET 200 https://registry.npmjs.org/minipass-flush/-/minipass-flush-1.0.7.tgz 930ms (cache miss)
2065 http fetch GET 200 https://registry.npmjs.org/minipass-collect/-/minipass-collect-2.0.1.tgz 931ms (cache miss)
2066 http fetch GET 200 https://registry.npmjs.org/@sigstore/tuf/-/tuf-4.0.2.tgz 935ms (cache miss)
2067 http fetch GET 200 https://registry.npmjs.org/yallist/-/yallist-4.0.0.tgz 938ms (cache miss)
2068 http fetch GET 200 https://registry.npmjs.org/exponential-backoff/-/exponential-backoff-3.1.3.tgz 950ms (cache miss)
2069 http fetch GET 200 https://registry.npmjs.org/yallist/-/yallist-4.0.0.tgz 956ms (cache miss)
2070 http fetch GET 200 https://registry.npmjs.org/@npmcli/node-gyp/-/node-gyp-5.0.0.tgz 998ms (cache miss)
2071 http fetch GET 200 https://registry.npmjs.org/minipass/-/minipass-3.3.6.tgz 1006ms (cache miss)
2072 http fetch GET 200 https://registry.npmjs.org/@isaacs/fs-minipass/-/fs-minipass-4.0.1.tgz 1029ms (cache miss)
2073 http fetch GET 200 https://registry.npmjs.org/spdx-expression-parse/-/spdx-expression-parse-4.0.0.tgz 1137ms (cache miss)
2074 http fetch GET 200 https://registry.npmjs.org/minipass/-/minipass-3.3.6.tgz 1138ms (cache miss)
2075 http fetch GET 200 https://registry.npmjs.org/which/-/which-6.0.1.tgz 1138ms (cache miss)
2076 http fetch GET 200 https://registry.npmjs.org/@npmcli/fs/-/fs-5.0.0.tgz 1138ms (cache miss)
2077 http fetch GET 200 https://registry.npmjs.org/nopt/-/nopt-9.0.0.tgz 1141ms (cache miss)
2078 http fetch GET 200 https://registry.npmjs.org/isexe/-/isexe-4.0.0.tgz 1141ms (cache miss)
2079 http fetch GET 200 https://registry.npmjs.org/json-parse-even-better-errors/-/json-parse-even-better-errors-5.0.0.tgz 1206ms (cache miss)
2080 http fetch GET 200 https://registry.npmjs.org/npm-bundled/-/npm-bundled-5.0.0.tgz 1208ms (cache miss)
2081 http fetch GET 200 https://registry.npmjs.org/@sigstore/protobuf-specs/-/protobuf-specs-0.5.1.tgz 1267ms (cache miss)
2082 http fetch GET 200 https://registry.npmjs.org/promise-retry/-/promise-retry-2.0.1.tgz 1279ms (cache miss)
2083 http fetch GET 200 https://registry.npmjs.org/ssri/-/ssri-13.0.1.tgz 1292ms (cache miss)
2084 http fetch GET 200 https://registry.npmjs.org/npm-pick-manifest/-/npm-pick-manifest-11.0.3.tgz 1392ms (cache miss)
2085 http fetch GET 200 https://registry.npmjs.org/npm-packlist/-/npm-packlist-10.0.4.tgz 1396ms (cache miss)
2086 http fetch GET 200 https://registry.npmjs.org/npm-registry-fetch/-/npm-registry-fetch-19.1.1.tgz 1400ms (cache miss)
2087 http fetch GET 200 https://registry.npmjs.org/parse5/-/parse5-8.0.1.tgz 1427ms (cache miss)
2088 http fetch GET 200 https://registry.npmjs.org/npm-normalize-package-bin/-/npm-normalize-package-bin-5.0.0.tgz 1474ms (cache miss)
2089 http fetch GET 200 https://registry.npmjs.org/fs-minipass/-/fs-minipass-3.0.3.tgz 1476ms (cache miss)
2090 http fetch GET 200 https://registry.npmjs.org/@npmcli/run-script/-/run-script-10.0.4.tgz 1519ms (cache miss)
2091 http fetch GET 200 https://registry.npmjs.org/entities/-/entities-8.0.0.tgz 1654ms (cache miss)
2092 http fetch GET 200 https://registry.npmjs.org/which/-/which-6.0.1.tgz 1651ms (cache miss)
2093 http fetch GET 200 https://registry.npmjs.org/@npmcli/promise-spawn/-/promise-spawn-9.0.1.tgz 1667ms (cache miss)
2094 http fetch GET 200 https://registry.npmjs.org/isexe/-/isexe-4.0.0.tgz 1667ms (cache miss)
2095 http fetch GET 200 https://registry.npmjs.org/cacache/-/cacache-20.0.4.tgz 1713ms (cache miss)
2096 http fetch GET 200 https://registry.npmjs.org/yoctocolors/-/yoctocolors-2.1.2.tgz 1720ms (cache miss)
2097 http fetch GET 200 https://registry.npmjs.org/@npmcli/installed-package-contents/-/installed-package-contents-4.0.0.tgz 1723ms (cache miss)
2098 http fetch GET 200 https://registry.npmjs.org/sigstore/-/sigstore-4.1.0.tgz 1762ms (cache miss)
2099 http fetch GET 200 https://registry.npmjs.org/stdin-discarder/-/stdin-discarder-0.3.2.tgz 1762ms (cache miss)
2100 http fetch GET 200 https://registry.npmjs.org/which/-/which-6.0.1.tgz 1763ms (cache miss)
2101 http fetch GET 200 https://registry.npmjs.org/log-symbols/-/log-symbols-7.0.1.tgz 1763ms (cache miss)
2102 http fetch GET 200 https://registry.npmjs.org/@gar/promise-retry/-/promise-retry-1.0.3.tgz 1858ms (cache miss)
2103 http fetch GET 200 https://registry.npmjs.org/cli-spinners/-/cli-spinners-3.4.0.tgz 1866ms (cache miss)
2104 http fetch GET 200 https://registry.npmjs.org/@npmcli/git/-/git-7.0.2.tgz 1900ms (cache miss)
2105 http fetch GET 200 https://registry.npmjs.org/validate-npm-package-name/-/validate-npm-package-name-7.0.2.tgz 1911ms (cache miss)
2106 http fetch GET 200 https://registry.npmjs.org/entities/-/entities-6.0.1.tgz 1933ms (cache miss)
2107 http fetch GET 200 https://registry.npmjs.org/restore-cursor/-/restore-cursor-5.1.0.tgz 1933ms (cache miss)
2108 http fetch GET 200 https://registry.npmjs.org/@npmcli/package-json/-/package-json-7.0.5.tgz 1940ms (cache miss)
2109 http fetch GET 200 https://registry.npmjs.org/is-interactive/-/is-interactive-2.0.0.tgz 1969ms (cache miss)
2110 http fetch GET 200 https://registry.npmjs.org/environment/-/environment-1.1.0.tgz 1994ms (cache miss)
2111 http fetch GET 200 https://registry.npmjs.org/is-unicode-supported/-/is-unicode-supported-2.1.0.tgz 1995ms (cache miss)
2112 http fetch GET 200 https://registry.npmjs.org/proc-log/-/proc-log-6.1.0.tgz 2010ms (cache miss)
2113 http fetch GET 200 https://registry.npmjs.org/hosted-git-info/-/hosted-git-info-9.0.3.tgz 2021ms (cache miss)
2114 http fetch GET 200 https://registry.npmjs.org/cli-cursor/-/cli-cursor-5.0.0.tgz 2055ms (cache miss)
2115 http fetch GET 200 https://registry.npmjs.org/string-width/-/string-width-8.2.1.tgz 2063ms (cache miss)
2116 http fetch GET 200 https://registry.npmjs.org/log-update/-/log-update-6.1.0.tgz 2177ms (cache miss)
2117 http fetch GET 200 https://registry.npmjs.org/rfdc/-/rfdc-1.4.1.tgz 2178ms (cache miss)
2118 http fetch GET 200 https://registry.npmjs.org/slice-ansi/-/slice-ansi-8.0.0.tgz 2178ms (cache miss)
2119 http fetch GET 200 https://registry.npmjs.org/path-scurry/-/path-scurry-2.0.2.tgz 2186ms (cache miss)
2120 http fetch GET 200 https://registry.npmjs.org/slice-ansi/-/slice-ansi-7.1.2.tgz 2242ms (cache miss)
2121 http fetch GET 200 https://registry.npmjs.org/minimatch/-/minimatch-10.2.5.tgz 2256ms (cache miss)
2122 http fetch GET 200 https://registry.npmjs.org/eventemitter3/-/eventemitter3-5.0.4.tgz 2307ms (cache miss)
2123 http fetch GET 200 https://registry.npmjs.org/strip-ansi/-/strip-ansi-7.2.0.tgz 2328ms (cache miss)
2124 http fetch GET 200 https://registry.npmjs.org/content-type/-/content-type-2.0.0.tgz 2360ms (cache miss)
2125 http fetch GET 200 https://registry.npmjs.org/type-is/-/type-is-2.1.0.tgz 2410ms (cache miss)
2126 http fetch GET 200 https://registry.npmjs.org/string-width/-/string-width-7.2.0.tgz 2448ms (cache miss)
2127 http fetch GET 200 https://registry.npmjs.org/ansi-escapes/-/ansi-escapes-7.3.0.tgz 2487ms (cache miss)
2128 http fetch GET 200 https://registry.npmjs.org/@algolia/requester-node-http/-/requester-node-http-5.48.1.tgz 2496ms (cache miss)
2129 http fetch GET 200 https://registry.npmjs.org/@algolia/requester-browser-xhr/-/requester-browser-xhr-5.48.1.tgz 2542ms (cache miss)
2130 http fetch GET 200 https://registry.npmjs.org/content-disposition/-/content-disposition-1.1.0.tgz 2543ms (cache miss)
2131 http fetch GET 200 https://registry.npmjs.org/@algolia/requester-fetch/-/requester-fetch-5.48.1.tgz 2584ms (cache miss)
2132 http fetch GET 200 https://registry.npmjs.org/wrap-ansi/-/wrap-ansi-9.0.2.tgz 2588ms (cache miss)
2133 http fetch GET 200 https://registry.npmjs.org/cli-truncate/-/cli-truncate-5.2.0.tgz 2703ms (cache miss)
2134 http fetch GET 200 https://registry.npmjs.org/isexe/-/isexe-4.0.0.tgz 2705ms (cache miss)
2135 http fetch GET 200 https://registry.npmjs.org/minipass/-/minipass-7.1.3.tgz 2753ms (cache miss)
2136 http fetch GET 200 https://registry.npmjs.org/ip-address/-/ip-address-10.2.0.tgz 3095ms (cache miss)
2137 http fetch GET 200 https://registry.npmjs.org/qs/-/qs-6.15.1.tgz 3269ms (cache miss)
2138 http fetch GET 200 https://registry.npmjs.org/@algolia/monitoring/-/monitoring-1.48.1.tgz 3400ms (cache miss)
2139 http fetch GET 200 https://registry.npmjs.org/@algolia/client-abtesting/-/client-abtesting-5.48.1.tgz 3450ms (cache miss)
2140 http fetch GET 200 https://registry.npmjs.org/@angular/cli/-/cli-21.2.11.tgz 3470ms (cache miss)
2141 http fetch GET 200 https://registry.npmjs.org/@algolia/client-personalization/-/client-personalization-5.48.1.tgz 3530ms (cache miss)
2142 http fetch GET 200 https://registry.npmjs.org/@algolia/abtesting/-/abtesting-1.14.1.tgz 3861ms (cache miss)
2143 http fetch GET 200 https://registry.npmjs.org/@algolia/client-query-suggestions/-/client-query-suggestions-5.48.1.tgz 4050ms (cache miss)
2144 http fetch GET 200 https://registry.npmjs.org/@algolia/client-common/-/client-common-5.48.1.tgz 4146ms (cache miss)
2145 http fetch GET 200 https://registry.npmjs.org/@algolia/client-insights/-/client-insights-5.48.1.tgz 4264ms (cache miss)
2146 http fetch GET 200 https://registry.npmjs.org/@algolia/recommend/-/recommend-5.48.1.tgz 4268ms (cache miss)
2147 http fetch GET 200 https://registry.npmjs.org/pkce-challenge/-/pkce-challenge-5.0.1.tgz 4300ms (cache miss)
2148 http fetch GET 200 https://registry.npmjs.org/express-rate-limit/-/express-rate-limit-8.5.2.tgz 4335ms (cache miss)
2149 http fetch GET 200 https://registry.npmjs.org/json-schema-typed/-/json-schema-typed-8.0.2.tgz 4455ms (cache miss)
2150 http fetch GET 200 https://registry.npmjs.org/zod-to-json-schema/-/zod-to-json-schema-3.25.2.tgz 4541ms (cache miss)
2151 http fetch GET 200 https://registry.npmjs.org/@hono/node-server/-/node-server-1.19.14.tgz 4554ms (cache miss)
2152 http fetch GET 200 https://registry.npmjs.org/eventsource/-/eventsource-3.0.7.tgz 4608ms (cache miss)
2153 http fetch GET 200 https://registry.npmjs.org/@inquirer/external-editor/-/external-editor-1.0.3.tgz 4623ms (cache miss)
2154 http fetch GET 200 https://registry.npmjs.org/eventsource-parser/-/eventsource-parser-3.0.8.tgz 4634ms (cache miss)
2155 http fetch GET 200 https://registry.npmjs.org/cli-width/-/cli-width-4.1.0.tgz 4639ms (cache miss)
2156 http fetch GET 200 https://registry.npmjs.org/jose/-/jose-6.2.3.tgz 4662ms (cache miss)
2157 http fetch GET 200 https://registry.npmjs.org/wrap-ansi/-/wrap-ansi-6.2.0.tgz 4674ms (cache miss)
2158 http fetch GET 200 https://registry.npmjs.org/@inquirer/ansi/-/ansi-1.0.2.tgz 4678ms (cache miss)
2159 http fetch GET 200 https://registry.npmjs.org/@inquirer/rawlist/-/rawlist-4.1.11.tgz 4793ms (cache miss)
2160 http fetch GET 200 https://registry.npmjs.org/mute-stream/-/mute-stream-2.0.0.tgz 4797ms (cache miss)
2161 http fetch GET 200 https://registry.npmjs.org/@inquirer/select/-/select-4.4.2.tgz 4801ms (cache miss)
2162 http fetch GET 200 https://registry.npmjs.org/@inquirer/core/-/core-10.3.2.tgz 4810ms (cache miss)
2163 http fetch GET 200 https://registry.npmjs.org/@inquirer/number/-/number-3.0.23.tgz 4840ms (cache miss)
2164 http fetch GET 200 https://registry.npmjs.org/chardet/-/chardet-2.1.1.tgz 4857ms (cache miss)
2165 http fetch GET 200 https://registry.npmjs.org/@inquirer/search/-/search-3.2.2.tgz 4908ms (cache miss)
2166 http fetch GET 200 https://registry.npmjs.org/@inquirer/editor/-/editor-4.2.23.tgz 4921ms (cache miss)
2167 http fetch GET 200 https://registry.npmjs.org/@inquirer/password/-/password-4.0.23.tgz 4930ms (cache miss)
2168 http fetch GET 200 https://registry.npmjs.org/@inquirer/confirm/-/confirm-5.1.21.tgz 4970ms (cache miss)
2169 http fetch GET 200 https://registry.npmjs.org/@inquirer/input/-/input-4.3.1.tgz 4985ms (cache miss)
2170 http fetch GET 200 https://registry.npmjs.org/undici/-/undici-6.25.0.tgz 5160ms (cache miss)
2171 http fetch GET 200 https://registry.npmjs.org/@inquirer/expand/-/expand-4.0.23.tgz 5169ms (cache miss)
2172 http fetch GET 200 https://registry.npmjs.org/fast-uri/-/fast-uri-3.1.2.tgz 5350ms (cache miss)
2173 http fetch GET 200 https://registry.npmjs.org/@inquirer/checkbox/-/checkbox-4.3.2.tgz 5446ms (cache miss)
2174 http fetch GET 200 https://registry.npmjs.org/ora/-/ora-9.3.0.tgz 5480ms (cache miss)
2175 http fetch GET 200 https://registry.npmjs.org/ajv-formats/-/ajv-formats-3.0.1.tgz 5501ms (cache miss)
2176 http fetch GET 200 https://registry.npmjs.org/string-width/-/string-width-7.2.0.tgz 5526ms (cache miss)
2177 http fetch GET 200 https://registry.npmjs.org/@inquirer/figures/-/figures-1.0.15.tgz 5548ms (cache miss)
2178 http fetch GET 200 https://registry.npmjs.org/picomatch/-/picomatch-4.0.4.tgz 5549ms (cache miss)
2179 http fetch GET 200 https://registry.npmjs.org/parse5-html-rewriting-stream/-/parse5-html-rewriting-stream-8.0.0.tgz 5590ms (cache miss)
2180 http fetch GET 200 https://registry.npmjs.org/@inquirer/type/-/type-3.0.10.tgz 5601ms (cache miss)
2181 http fetch GET 200 https://registry.npmjs.org/ini/-/ini-6.0.0.tgz 5647ms (cache miss)
2182 http fetch GET 200 https://registry.npmjs.org/npm-package-arg/-/npm-package-arg-13.0.2.tgz 5837ms (cache miss)
2183 http fetch GET 200 https://registry.npmjs.org/pacote/-/pacote-21.3.1.tgz 5897ms (cache miss)
2184 http fetch GET 200 https://registry.npmjs.org/yoctocolors-cjs/-/yoctocolors-cjs-2.1.3.tgz 5900ms (cache miss)
2185 http fetch GET 200 https://registry.npmjs.org/glob/-/glob-13.0.6.tgz 6025ms (cache miss)
2186 http fetch GET 200 https://registry.npmjs.org/jsonc-parser/-/jsonc-parser-3.3.1.tgz 6086ms (cache miss)
2187 http fetch GET 200 https://registry.npmjs.org/wrap-ansi/-/wrap-ansi-9.0.2.tgz 6095ms (cache miss)
2188 http fetch GET 200 https://registry.npmjs.org/string-width/-/string-width-7.2.0.tgz 6150ms (cache miss)
2189 http fetch GET 200 https://registry.npmjs.org/magic-string/-/magic-string-0.30.21.tgz 6353ms (cache miss)
2190 http fetch GET 200 https://registry.npmjs.org/@algolia/client-analytics/-/client-analytics-5.48.1.tgz 6365ms (cache miss)
2191 http fetch GET 200 https://registry.npmjs.org/node-gyp/-/node-gyp-12.3.0.tgz 6393ms (cache miss)
2192 http fetch GET 200 https://registry.npmjs.org/@listr2/prompt-adapter-inquirer/-/prompt-adapter-inquirer-3.0.5.tgz 6428ms (cache miss)
2193 http fetch GET 200 https://registry.npmjs.org/@algolia/ingestion/-/ingestion-1.48.1.tgz 6525ms (cache miss)
2194 http fetch GET 200 https://registry.npmjs.org/@inquirer/prompts/-/prompts-7.10.1.tgz 6564ms (cache miss)
2195 http fetch GET 200 https://registry.npmjs.org/listr2/-/listr2-9.0.5.tgz 6673ms (cache miss)
2196 http fetch GET 200 https://registry.npmjs.org/yargs/-/yargs-18.0.0.tgz 6721ms (cache miss)
2197 http fetch GET 200 https://registry.npmjs.org/hono/-/hono-4.12.18.tgz 6896ms (cache miss)
2198 http fetch GET 200 https://registry.npmjs.org/@angular-devkit/schematics/-/schematics-21.2.11.tgz 6982ms (cache miss)
2199 http fetch GET 200 https://registry.npmjs.org/@angular-devkit/architect/-/architect-0.2102.11.tgz 7019ms (cache miss)
2200 http fetch GET 200 https://registry.npmjs.org/tar/-/tar-7.5.15.tgz 7180ms (cache miss)
2201 http fetch GET 200 https://registry.npmjs.org/@yarnpkg/lockfile/-/lockfile-1.1.0.tgz 7402ms (cache miss)
2202 http fetch GET 200 https://registry.npmjs.org/ajv/-/ajv-8.18.0.tgz 7471ms (cache miss)
2203 http fetch GET 200 https://registry.npmjs.org/@angular-devkit/core/-/core-21.2.11.tgz 7633ms (cache miss)
2204 http fetch GET 200 https://registry.npmjs.org/algoliasearch/-/algoliasearch-5.48.1.tgz 7941ms (cache miss)
2205 http fetch GET 200 https://registry.npmjs.org/lru-cache/-/lru-cache-11.3.6.tgz 8266ms (cache miss)
2206 http fetch GET 200 https://registry.npmjs.org/@algolia/client-search/-/client-search-5.48.1.tgz 8461ms (cache miss)
2207 http fetch GET 200 https://registry.npmjs.org/@modelcontextprotocol/sdk/-/sdk-1.26.0.tgz 9225ms (cache miss)
2208 http fetch GET 200 https://registry.npmjs.org/@schematics/angular/-/angular-21.2.11.tgz 11322ms (cache miss)
2209 silly ADD node_modules/@angular/cli
2210 silly ADD node_modules/@angular/cli/node_modules/color-name
2211 silly ADD node_modules/@angular/cli/node_modules/color-convert
2212 silly ADD node_modules/@angular/cli/node_modules/emoji-regex
2213 silly ADD node_modules/@angular/cli/node_modules/yargs-parser
2214 silly ADD node_modules/@angular/cli/node_modules/y18n
2215 silly ADD node_modules/@angular/cli/node_modules/get-caller-file
2216 silly ADD node_modules/@angular/cli/node_modules/escalade
2217 silly ADD node_modules/@angular/cli/node_modules/cliui
2218 silly ADD node_modules/@angular/cli/node_modules/cliui/node_modules/wrap-ansi
2219 silly ADD node_modules/@angular/cli/node_modules/cliui/node_modules/string-width
2220 silly ADD node_modules/@angular/cli/node_modules/isexe
2221 silly ADD node_modules/@angular/cli/node_modules/media-typer
2222 silly ADD node_modules/@angular/cli/node_modules/@tufjs/canonical-json
2223 silly ADD node_modules/@angular/cli/node_modules/@tufjs/models
2224 silly ADD node_modules/@angular/cli/node_modules/fdir
2225 silly ADD node_modules/@angular/cli/node_modules/yallist
2226 silly ADD node_modules/@angular/cli/node_modules/chownr
2227 silly ADD node_modules/@angular/cli/node_modules/@isaacs/fs-minipass
2228 silly ADD node_modules/@angular/cli/node_modules/ansi-regex
2229 silly ADD node_modules/@angular/cli/node_modules/spdx-license-ids
2230 silly ADD node_modules/@angular/cli/node_modules/spdx-exceptions
2231 silly ADD node_modules/@angular/cli/node_modules/smart-buffer
2232 silly ADD node_modules/@angular/cli/node_modules/socks
2233 silly ADD node_modules/@angular/cli/node_modules/get-east-asian-width
2234 silly ADD node_modules/@angular/cli/node_modules/is-fullwidth-code-point
2235 silly ADD node_modules/@angular/cli/node_modules/ansi-styles
2236 silly ADD node_modules/@angular/cli/node_modules/tuf-js
2237 silly ADD node_modules/@angular/cli/node_modules/@sigstore/verify
2238 silly ADD node_modules/@angular/cli/node_modules/@sigstore/tuf
2239 silly ADD node_modules/@angular/cli/node_modules/@sigstore/sign
2240 silly ADD node_modules/@angular/cli/node_modules/@sigstore/protobuf-specs
2241 silly ADD node_modules/@angular/cli/node_modules/@sigstore/core
2242 silly ADD node_modules/@angular/cli/node_modules/@sigstore/bundle
2243 silly ADD node_modules/@angular/cli/node_modules/dunder-proto
2244 silly ADD node_modules/@angular/cli/node_modules/math-intrinsics
2245 silly ADD node_modules/@angular/cli/node_modules/hasown
2246 silly ADD node_modules/@angular/cli/node_modules/has-symbols
2247 silly ADD node_modules/@angular/cli/node_modules/gopd
2248 silly ADD node_modules/@angular/cli/node_modules/get-proto
2249 silly ADD node_modules/@angular/cli/node_modules/es-object-atoms
2250 silly ADD node_modules/@angular/cli/node_modules/es-define-property
2251 silly ADD node_modules/@angular/cli/node_modules/function-bind
2252 silly ADD node_modules/@angular/cli/node_modules/call-bind-apply-helpers
2253 silly ADD node_modules/@angular/cli/node_modules/get-intrinsic
2254 silly ADD node_modules/@angular/cli/node_modules/call-bound
2255 silly ADD node_modules/@angular/cli/node_modules/side-channel-weakmap
2256 silly ADD node_modules/@angular/cli/node_modules/side-channel-map
2257 silly ADD node_modules/@angular/cli/node_modules/side-channel-list
2258 silly ADD node_modules/@angular/cli/node_modules/object-inspect
2259 silly ADD node_modules/@angular/cli/node_modules/es-errors
2260 silly ADD node_modules/@angular/cli/node_modules/shebang-regex
2261 silly ADD node_modules/@angular/cli/node_modules/tslib
2262 silly ADD node_modules/@angular/cli/node_modules/path-to-regexp
2263 silly ADD node_modules/@angular/cli/node_modules/is-promise
2264 silly ADD node_modules/@angular/cli/node_modules/mimic-function
2265 silly ADD node_modules/@angular/cli/node_modules/onetime
2266 silly ADD node_modules/@angular/cli/node_modules/unpipe
2267 silly ADD node_modules/@angular/cli/node_modules/side-channel
2268 silly ADD node_modules/@angular/cli/node_modules/ipaddr.js
2269 silly ADD node_modules/@angular/cli/node_modules/forwarded
2270 silly ADD node_modules/@angular/cli/node_modules/retry
2271 silly ADD node_modules/@angular/cli/node_modules/err-code
2272 silly ADD node_modules/@angular/cli/node_modules/parse5-sax-parser
2273 silly ADD node_modules/@angular/cli/node_modules/parse5
2274 silly ADD node_modules/@angular/cli/node_modules/parse5/node_modules/entities
2275 silly ADD node_modules/@angular/cli/node_modules/entities
2276 silly ADD node_modules/@angular/cli/node_modules/minipass-sized
2277 silly ADD node_modules/@angular/cli/node_modules/socks-proxy-agent
2278 silly ADD node_modules/@angular/cli/node_modules/https-proxy-agent
2279 silly ADD node_modules/@angular/cli/node_modules/http-proxy-agent
2280 silly ADD node_modules/@angular/cli/node_modules/agent-base
2281 silly ADD node_modules/@angular/cli/node_modules/http-cache-semantics
2282 silly ADD node_modules/@angular/cli/node_modules/@npmcli/agent
2283 silly ADD node_modules/@angular/cli/node_modules/minizlib
2284 silly ADD node_modules/@angular/cli/node_modules/minipass-fetch
2285 silly ADD node_modules/@angular/cli/node_modules/make-fetch-happen
2286 silly ADD node_modules/@angular/cli/node_modules/jsonparse
2287 silly ADD node_modules/@angular/cli/node_modules/@npmcli/redact
2288 silly ADD node_modules/@angular/cli/node_modules/npm-install-checks
2289 silly ADD node_modules/@angular/cli/node_modules/ignore-walk
2290 silly ADD node_modules/@angular/cli/node_modules/abbrev
2291 silly ADD node_modules/@angular/cli/node_modules/undici
2292 silly ADD node_modules/@angular/cli/node_modules/tinyglobby
2293 silly ADD node_modules/@angular/cli/node_modules/nopt
2294 silly ADD node_modules/@angular/cli/node_modules/graceful-fs
2295 silly ADD node_modules/@angular/cli/node_modules/exponential-backoff
2296 silly ADD node_modules/@angular/cli/node_modules/env-paths
2297 silly ADD node_modules/@angular/cli/node_modules/balanced-match
2298 silly ADD node_modules/@angular/cli/node_modules/brace-expansion
2299 silly ADD node_modules/@angular/cli/node_modules/path-scurry
2300 silly ADD node_modules/@angular/cli/node_modules/minimatch
2301 silly ADD node_modules/@angular/cli/node_modules/p-map
2302 silly ADD node_modules/@angular/cli/node_modules/minipass-pipeline
2303 silly ADD node_modules/@angular/cli/node_modules/minipass-pipeline/node_modules/yallist
2304 silly ADD node_modules/@angular/cli/node_modules/minipass-pipeline/node_modules/minipass
2305 silly ADD node_modules/@angular/cli/node_modules/minipass-flush
2306 silly ADD node_modules/@angular/cli/node_modules/minipass-flush/node_modules/yallist
2307 silly ADD node_modules/@angular/cli/node_modules/minipass-flush/node_modules/minipass
2308 silly ADD node_modules/@angular/cli/node_modules/minipass-collect
2309 silly ADD node_modules/@angular/cli/node_modules/@npmcli/fs
2310 silly ADD node_modules/@angular/cli/node_modules/node-gyp
2311 silly ADD node_modules/@angular/cli/node_modules/node-gyp/node_modules/isexe
2312 silly ADD node_modules/@angular/cli/node_modules/node-gyp/node_modules/which
2313 silly ADD node_modules/@angular/cli/node_modules/@npmcli/node-gyp
2314 silly ADD node_modules/@angular/cli/node_modules/spdx-expression-parse
2315 silly ADD node_modules/@angular/cli/node_modules/json-parse-even-better-errors
2316 silly ADD node_modules/@angular/cli/node_modules/glob
2317 silly ADD node_modules/@angular/cli/node_modules/npm-normalize-package-bin
2318 silly ADD node_modules/@angular/cli/node_modules/npm-bundled
2319 silly ADD node_modules/@angular/cli/node_modules/@gar/promise-retry
2320 silly ADD node_modules/@angular/cli/node_modules/tar
2321 silly ADD node_modules/@angular/cli/node_modules/ssri
2322 silly ADD node_modules/@angular/cli/node_modules/sigstore
2323 silly ADD node_modules/@angular/cli/node_modules/promise-retry
2324 silly ADD node_modules/@angular/cli/node_modules/npm-registry-fetch
2325 silly ADD node_modules/@angular/cli/node_modules/npm-pick-manifest
2326 silly ADD node_modules/@angular/cli/node_modules/npm-packlist
2327 silly ADD node_modules/@angular/cli/node_modules/minipass
2328 silly ADD node_modules/@angular/cli/node_modules/fs-minipass
2329 silly ADD node_modules/@angular/cli/node_modules/cacache
2330 silly ADD node_modules/@angular/cli/node_modules/@npmcli/run-script
2331 silly ADD node_modules/@angular/cli/node_modules/@npmcli/promise-spawn
2332 silly ADD node_modules/@angular/cli/node_modules/@npmcli/promise-spawn/node_modules/isexe
2333 silly ADD node_modules/@angular/cli/node_modules/@npmcli/promise-spawn/node_modules/which
2334 silly ADD node_modules/@angular/cli/node_modules/@npmcli/package-json
2335 silly ADD node_modules/@angular/cli/node_modules/@npmcli/installed-package-contents
2336 silly ADD node_modules/@angular/cli/node_modules/@npmcli/git
2337 silly ADD node_modules/@angular/cli/node_modules/@npmcli/git/node_modules/isexe
2338 silly ADD node_modules/@angular/cli/node_modules/@npmcli/git/node_modules/which
2339 silly ADD node_modules/@angular/cli/node_modules/yoctocolors
2340 silly ADD node_modules/@angular/cli/node_modules/stdin-discarder
2341 silly ADD node_modules/@angular/cli/node_modules/log-symbols
2342 silly ADD node_modules/@angular/cli/node_modules/is-unicode-supported
2343 silly ADD node_modules/@angular/cli/node_modules/is-interactive
2344 silly ADD node_modules/@angular/cli/node_modules/cli-spinners
2345 silly ADD node_modules/@angular/cli/node_modules/chalk
2346 silly ADD node_modules/@angular/cli/node_modules/wrappy
2347 silly ADD node_modules/@angular/cli/node_modules/ee-first
2348 silly ADD node_modules/@angular/cli/node_modules/lru-cache
2349 silly ADD node_modules/@angular/cli/node_modules/validate-npm-package-name
2350 silly ADD node_modules/@angular/cli/node_modules/proc-log
2351 silly ADD node_modules/@angular/cli/node_modules/hosted-git-info
2352 silly ADD node_modules/@angular/cli/node_modules/mime-db
2353 silly ADD node_modules/@angular/cli/node_modules/@jridgewell/sourcemap-codec
2354 silly ADD node_modules/@angular/cli/node_modules/restore-cursor
2355 silly ADD node_modules/@angular/cli/node_modules/environment
2356 silly ADD node_modules/@angular/cli/node_modules/strip-ansi
2357 silly ADD node_modules/@angular/cli/node_modules/cli-cursor
2358 silly ADD node_modules/@angular/cli/node_modules/ansi-escapes
2359 silly ADD node_modules/@angular/cli/node_modules/string-width
2360 silly ADD node_modules/@angular/cli/node_modules/slice-ansi
2361 silly ADD node_modules/@angular/cli/node_modules/rfdc
2362 silly ADD node_modules/@angular/cli/node_modules/log-update
2363 silly ADD node_modules/@angular/cli/node_modules/log-update/node_modules/string-width
2364 silly ADD node_modules/@angular/cli/node_modules/log-update/node_modules/wrap-ansi
2365 silly ADD node_modules/@angular/cli/node_modules/log-update/node_modules/slice-ansi
2366 silly ADD node_modules/@angular/cli/node_modules/eventemitter3
2367 silly ADD node_modules/@angular/cli/node_modules/colorette
2368 silly ADD node_modules/@angular/cli/node_modules/cli-truncate
2369 silly ADD node_modules/@angular/cli/node_modules/safer-buffer
2370 silly ADD node_modules/@angular/cli/node_modules/toidentifier
2371 silly ADD node_modules/@angular/cli/node_modules/setprototypeof
2372 silly ADD node_modules/@angular/cli/node_modules/inherits
2373 silly ADD node_modules/@angular/cli/node_modules/ip-address
2374 silly ADD node_modules/@angular/cli/node_modules/ms
2375 silly ADD node_modules/@angular/cli/node_modules/bytes
2376 silly ADD node_modules/@angular/cli/node_modules/negotiator
2377 silly ADD node_modules/@angular/cli/node_modules/type-is
2378 silly ADD node_modules/@angular/cli/node_modules/type-is/node_modules/content-type
2379 silly ADD node_modules/@angular/cli/node_modules/statuses
2380 silly ADD node_modules/@angular/cli/node_modules/serve-static
2381 silly ADD node_modules/@angular/cli/node_modules/send
2382 silly ADD node_modules/@angular/cli/node_modules/router
2383 silly ADD node_modules/@angular/cli/node_modules/range-parser
2384 silly ADD node_modules/@angular/cli/node_modules/qs
2385 silly ADD node_modules/@angular/cli/node_modules/proxy-addr
2386 silly ADD node_modules/@angular/cli/node_modules/parseurl
2387 silly ADD node_modules/@angular/cli/node_modules/once
2388 silly ADD node_modules/@angular/cli/node_modules/on-finished
2389 silly ADD node_modules/@angular/cli/node_modules/mime-types
2390 silly ADD node_modules/@angular/cli/node_modules/merge-descriptors
2391 silly ADD node_modules/@angular/cli/node_modules/http-errors
2392 silly ADD node_modules/@angular/cli/node_modules/fresh
2393 silly ADD node_modules/@angular/cli/node_modules/finalhandler
2394 silly ADD node_modules/@angular/cli/node_modules/etag
2395 silly ADD node_modules/@angular/cli/node_modules/escape-html
2396 silly ADD node_modules/@angular/cli/node_modules/encodeurl
2397 silly ADD node_modules/@angular/cli/node_modules/depd
2398 silly ADD node_modules/@angular/cli/node_modules/debug
2399 silly ADD node_modules/@angular/cli/node_modules/cookie-signature
2400 silly ADD node_modules/@angular/cli/node_modules/cookie
2401 silly ADD node_modules/@angular/cli/node_modules/content-disposition
2402 silly ADD node_modules/@angular/cli/node_modules/body-parser
2403 silly ADD node_modules/@angular/cli/node_modules/accepts
2404 silly ADD node_modules/@angular/cli/node_modules/which
2405 silly ADD node_modules/@angular/cli/node_modules/shebang-command
2406 silly ADD node_modules/@angular/cli/node_modules/path-key
2407 silly ADD node_modules/@angular/cli/node_modules/vary
2408 silly ADD node_modules/@angular/cli/node_modules/object-assign
2409 silly ADD node_modules/@angular/cli/node_modules/@algolia/requester-node-http
2410 silly ADD node_modules/@angular/cli/node_modules/@algolia/requester-fetch
2411 silly ADD node_modules/@angular/cli/node_modules/@algolia/requester-browser-xhr
2412 silly ADD node_modules/@angular/cli/node_modules/@algolia/recommend
2413 silly ADD node_modules/@angular/cli/node_modules/@algolia/monitoring
2414 silly ADD node_modules/@angular/cli/node_modules/@algolia/ingestion
2415 silly ADD node_modules/@angular/cli/node_modules/@algolia/client-search
2416 silly ADD node_modules/@angular/cli/node_modules/@algolia/client-query-suggestions
2417 silly ADD node_modules/@angular/cli/node_modules/@algolia/client-personalization
2418 silly ADD node_modules/@angular/cli/node_modules/@algolia/client-insights
2419 silly ADD node_modules/@angular/cli/node_modules/@algolia/client-common
2420 silly ADD node_modules/@angular/cli/node_modules/@algolia/client-analytics
2421 silly ADD node_modules/@angular/cli/node_modules/@algolia/client-abtesting
2422 silly ADD node_modules/@angular/cli/node_modules/@algolia/abtesting
2423 silly ADD node_modules/@angular/cli/node_modules/require-from-string
2424 silly ADD node_modules/@angular/cli/node_modules/json-schema-traverse
2425 silly ADD node_modules/@angular/cli/node_modules/fast-uri
2426 silly ADD node_modules/@angular/cli/node_modules/fast-deep-equal
2427 silly ADD node_modules/@angular/cli/node_modules/zod-to-json-schema
2428 silly ADD node_modules/@angular/cli/node_modules/raw-body
2429 silly ADD node_modules/@angular/cli/node_modules/pkce-challenge
2430 silly ADD node_modules/@angular/cli/node_modules/json-schema-typed
2431 silly ADD node_modules/@angular/cli/node_modules/jose
2432 silly ADD node_modules/@angular/cli/node_modules/express-rate-limit
2433 silly ADD node_modules/@angular/cli/node_modules/express
2434 silly ADD node_modules/@angular/cli/node_modules/eventsource-parser
2435 silly ADD node_modules/@angular/cli/node_modules/eventsource
2436 silly ADD node_modules/@angular/cli/node_modules/cross-spawn
2437 silly ADD node_modules/@angular/cli/node_modules/cors
2438 silly ADD node_modules/@angular/cli/node_modules/content-type
2439 silly ADD node_modules/@angular/cli/node_modules/hono
2440 silly ADD node_modules/@angular/cli/node_modules/@hono/node-server
2441 silly ADD node_modules/@angular/cli/node_modules/iconv-lite
2442 silly ADD node_modules/@angular/cli/node_modules/chardet
2443 silly ADD node_modules/@angular/cli/node_modules/@inquirer/external-editor
2444 silly ADD node_modules/@angular/cli/node_modules/wrap-ansi
2445 silly ADD node_modules/@angular/cli/node_modules/wrap-ansi/node_modules/ansi-regex
2446 silly ADD node_modules/@angular/cli/node_modules/wrap-ansi/node_modules/is-fullwidth-code-point
2447 silly ADD node_modules/@angular/cli/node_modules/wrap-ansi/node_modules/emoji-regex
2448 silly ADD node_modules/@angular/cli/node_modules/wrap-ansi/node_modules/strip-ansi
2449 silly ADD node_modules/@angular/cli/node_modules/wrap-ansi/node_modules/string-width
2450 silly ADD node_modules/@angular/cli/node_modules/wrap-ansi/node_modules/ansi-styles
2451 silly ADD node_modules/@angular/cli/node_modules/signal-exit
2452 silly ADD node_modules/@angular/cli/node_modules/mute-stream
2453 silly ADD node_modules/@angular/cli/node_modules/cli-width
2454 silly ADD node_modules/@angular/cli/node_modules/yoctocolors-cjs
2455 silly ADD node_modules/@angular/cli/node_modules/@inquirer/type
2456 silly ADD node_modules/@angular/cli/node_modules/@inquirer/figures
2457 silly ADD node_modules/@angular/cli/node_modules/@inquirer/core
2458 silly ADD node_modules/@angular/cli/node_modules/@inquirer/ansi
2459 silly ADD node_modules/@angular/cli/node_modules/@inquirer/select
2460 silly ADD node_modules/@angular/cli/node_modules/@inquirer/search
2461 silly ADD node_modules/@angular/cli/node_modules/@inquirer/rawlist
2462 silly ADD node_modules/@angular/cli/node_modules/@inquirer/password
2463 silly ADD node_modules/@angular/cli/node_modules/@inquirer/number
2464 silly ADD node_modules/@angular/cli/node_modules/@inquirer/input
2465 silly ADD node_modules/@angular/cli/node_modules/@inquirer/expand
2466 silly ADD node_modules/@angular/cli/node_modules/@inquirer/editor
2467 silly ADD node_modules/@angular/cli/node_modules/@inquirer/confirm
2468 silly ADD node_modules/@angular/cli/node_modules/@inquirer/checkbox
2469 silly ADD node_modules/@angular/cli/node_modules/ora
2470 silly ADD node_modules/@angular/cli/node_modules/magic-string
2471 silly ADD node_modules/@angular/cli/node_modules/source-map
2472 silly ADD node_modules/@angular/cli/node_modules/picomatch
2473 silly ADD node_modules/@angular/cli/node_modules/ajv-formats
2474 silly ADD node_modules/@angular/cli/node_modules/ajv
2475 silly ADD node_modules/@angular/cli/node_modules/rxjs
2476 silly ADD node_modules/@angular/cli/node_modules/zod
2477 silly ADD node_modules/@angular/cli/node_modules/yargs
2478 silly ADD node_modules/@angular/cli/node_modules/yargs/node_modules/string-width
2479 silly ADD node_modules/@angular/cli/node_modules/semver
2480 silly ADD node_modules/@angular/cli/node_modules/parse5-html-rewriting-stream
2481 silly ADD node_modules/@angular/cli/node_modules/pacote
2482 silly ADD node_modules/@angular/cli/node_modules/npm-package-arg
2483 silly ADD node_modules/@angular/cli/node_modules/jsonc-parser
2484 silly ADD node_modules/@angular/cli/node_modules/ini
2485 silly ADD node_modules/@angular/cli/node_modules/algoliasearch
2486 silly ADD node_modules/@angular/cli/node_modules/@yarnpkg/lockfile
2487 silly ADD node_modules/@angular/cli/node_modules/@schematics/angular
2488 silly ADD node_modules/@angular/cli/node_modules/@modelcontextprotocol/sdk
2489 silly ADD node_modules/@angular/cli/node_modules/listr2
2490 silly ADD node_modules/@angular/cli/node_modules/listr2/node_modules/string-width
2491 silly ADD node_modules/@angular/cli/node_modules/listr2/node_modules/wrap-ansi
2492 silly ADD node_modules/@angular/cli/node_modules/@listr2/prompt-adapter-inquirer
2493 silly ADD node_modules/@angular/cli/node_modules/@inquirer/prompts
2494 silly ADD node_modules/@angular/cli/node_modules/@angular-devkit/schematics
2495 silly ADD node_modules/@angular/cli/node_modules/@angular-devkit/core
2496 silly ADD node_modules/@angular/cli/node_modules/@angular-devkit/architect
2497 verbose cwd /Users/dam113/Desktop/myapp/angular
2498 verbose os Darwin 25.3.0
2499 verbose node v22.15.0
2500 verbose npm  v10.9.2
2501 verbose exit 0
2502 info ok
